,Title,Prompt,Completion
Pads,Analog Soft Pad,"I want a soft, analog pad with a lush and atmospheric sound, reminiscent of 80's dark wave or post-punk synths, or the soundtrack to an 80's movie. The pad should have gentle attack, slightly extended decay, high sustain, and moderate release to create a sense of depth and warmth, and add a cinematic feel to the track. There should be a small amount of modulation to the wavetable and filter to create a subtle sense of movement, but not too much to distract the listener.","{'wt1': 'Sub3 Shapes', 'wt2': 'Basic Shapes', 'osc1_on': 'true', 'osc1_pitch_transpose': '-12', 'osc1_pitch_detune': '0.0546875', 'osc1_wt_position': '0.5602836609', 'osc1_effect_mode': '2', 'osc1_effect1': '0.0625', 'osc1_effect2': '0.015625', 'osc1_pan': '-0.78125', 'osc1_gain': '0.8823529482', 'osc2_on': 'true', 'osc2_pitch_transpose': '-12', 'osc2_pitch_detune': '-0.078125', 'osc2_wt_position': '0.815602839', 'osc2_effect_mode': '2', 'osc2_effect1': '0.09375', 'osc2_effect2': '0.0703125', 'osc2_pan': '0.796875', 'osc2_gain': '0.7058823705', 'sub_on': 'true', 'sub_tone': '0.6746031642', 'sub_gain': '0.4609375', 'sub_octave': '1', 'filter1_on': 'true', 'filter1_type': '0', 'filter1_circuit_lphp': '0', 'filter1_circuit_bpnomo': '0', 'filter1_slope': '0', 'filter1_frequency': '1820.17883', 'filter1_resonance': '0.446428597', 'filter1_drive': '0', 'filter1_morph': '0', 'filter2_on': 'true', 'filter2_type': '0', 'filter2_circuit_lphp': '0', 'filter2_circuit_bpnomo': '0', 'filter2_slope': '0', 'filter2_frequency': '1050.0293', 'filter2_resonance': '0.3472222388', 'filter2_drive': '0', 'filter2_morph': '0', 'ampenv_attack_time': '0.3955078125', 'ampenv_decay_time': '0.08985137939', 'ampenv_release_time': '2.1171751', 'ampenv_attack_slope': '0', 'ampenv_decay_slope': '0.5', 'ampenv_release_slope': '0.5', 'ampenv_sustain': '0.9844360352', 'ampenv_loopmode': '0', 'env2_attack_time': '0.003771856427', 'env2_decay_time': '17.6149445', 'env2_release_time': '1.25140631', 'env2_attack_slope': '0', 'env2_decay_slope': '0.703125', 'env2_release_slope': '-0.234375', 'env2_sustain': '0.9921875', 'env2_initial_value': '0', 'env2_peak_value': '0.6640625', 'env2_final_value': '0', 'env2_loopmode': '0', 'env3_attack_time': '0.01745343208', 'env3_decay_time': '2.4869895', 'env3_release_time': '1.10234034', 'env3_attack_slope': '0', 'env3_decay_slope': '0.5', 'env3_release_slope': '0.5', 'env3_sustain': '0.859375', 'env3_initial_value': '0', 'env3_peak_value': '1', 'env3_final_value': '0', 'env3_loopmode': '0', 'lfo1_retrigger': 'true', 'lfo1_shape_type': '0', 'lfo1_amount': '0.1968503892', 'lfo1_shaping': '0', 'lfo1_phase': '0', 'lfo1_sync': '1', 'lfo1_rate': '0.9999998808', 'lfo1_synced_rate': '8', 'lfo1_attack': '0', 'lfo2_retrigger': 'true', 'lfo2_shape_type': '0', 'lfo2_amount': '0.1968503892', 'lfo2_shaping': '0', 'lfo2_phase': '64.6875', 'lfo2_sync': '1', 'lfo2_rate': '0.9999998808', 'lfo2_synced_rate': '8', 'lfo2_attack': '0.0007450580597', 'mod_time_scale': '-0.03125', 'mod_amount': '0.4375', 'unison_mode': '6', 'unison_voices': '3', 'unison_amount': '0.796875', 'global_transpose': '12', 'glide': '0', 'filter_routing': '0', 'vol': '0.2905883789', 'polyphony': '1', 'poly_voices': '4', 'hq': 'false', 'mod_matrix': [['env2', 'osc1_wt_position', 0.3125], ['lfo1', 'osc1_wt_position', -0.015625], ['mod', 'osc1_wt_position', 0.515625], ['env2', 'osc1_pan', -0.078125], ['lfo1', 'osc1_pan', 0.328125], ['lfo2', 'osc1_pan', 0.53125], ['mod', 'osc1_pan', -0.515625], ['env2', 'osc2_effect1', 0.25], ['mod', 'osc2_effect1', 0.09375], ['env2', 'osc2_effect2', -0.046875], ['env2', 'filter1_frequency', 0.28125], ['env3', 'filter1_frequency', 0.25], ['press', 'filter1_frequency', 0.328125], ['mod', 'filter1_frequency', -0.328125], ['rand', 'filter1_frequency', 0.03125], ['env3', 'filter2_frequency', -0.3125], ['press', 'filter2_frequency', 0.171875], ['mod', 'filter2_frequency', 0.640625], ['rand', 'filter2_frequency', 0.046875], ['env2', 'ampenv_attack_time', -0.078125], ['rand', 'env2_attack_time', 0.1875], ['mod', 'mod_amount', -0.140625], ['lfo1', 'unison_amount', 0.25], ['lfo2', 'unison_amount', 0.109375], ['press', 'unison_amount', 0.1875], ['mod', 'unison_amount', 0.625], ['rand', 'unison_amount', 0.375], ['env2', 'ampmod', 0.0625], ['vel', 'ampmod', 0.5], ['env2', 'pitchmod', 0.002083333442], ['pitchbend', 'pitchmod', 0.04166662693], ['note_pitchbend', 'pitchmod', 1.0]]}"
Pads,Airlite,"Versatile airy and ethereal pad sound to add atmosphere and ambience. The wavetables should give a dreamy and otherworldly tonal character, and the pad should have modulation over the wavetable position to create a sense of movement and evolution. The pad should be inspired by 2000s video games and vaporwave aesthetics, and create a beautiful, breathy, airy sound that could fit in a wide range of tracks.","{'wt1': 'Beauty Vox', 'wt2': 'Crystal Shifter', 'osc1_on': 'true', 'osc1_pitch_transpose': '0', 'osc1_pitch_detune': '-0.1015625', 'osc1_wt_position': '0', 'osc1_effect_mode': '3', 'osc1_effect1': '0', 'osc1_effect2': '0', 'osc1_pan': '0', 'osc1_gain': '1', 'osc2_on': 'true', 'osc2_pitch_transpose': '0', 'osc2_pitch_detune': '0.1015625', 'osc2_wt_position': '0.4712643623', 'osc2_effect_mode': '0', 'osc2_effect1': '0', 'osc2_effect2': '0', 'osc2_pan': '0', 'osc2_gain': '1', 'sub_on': 'true', 'sub_tone': '0', 'sub_gain': '0.5011875033', 'sub_octave': '0', 'filter1_on': 'true', 'filter1_type': '0', 'filter1_circuit_lphp': '0', 'filter1_circuit_bpnomo': '0', 'filter1_slope': '0', 'filter1_frequency': '8493.05273', 'filter1_resonance': '0', 'filter1_drive': '0', 'filter1_morph': '0', 'filter2_on': 'false', 'filter2_type': '0', 'filter2_circuit_lphp': '0', 'filter2_circuit_bpnomo': '0', 'filter2_slope': '0', 'filter2_frequency': '20000.1035', 'filter2_resonance': '0', 'filter2_drive': '0', 'filter2_morph': '0', 'ampenv_attack_time': '0.0913951844', 'ampenv_decay_time': '4.27745485', 'ampenv_release_time': '1.70198393', 'ampenv_attack_slope': '0', 'ampenv_decay_slope': '0.5', 'ampenv_release_slope': '0.5', 'ampenv_sustain': '0.7373581529', 'ampenv_loopmode': '0', 'env2_attack_time': '0.001000000164', 'env2_decay_time': '0.5999999642', 'env2_release_time': '0.5999999642', 'env2_attack_slope': '0', 'env2_decay_slope': '0.5', 'env2_release_slope': '0.5', 'env2_sustain': '0.5', 'env2_initial_value': '0', 'env2_peak_value': '1', 'env2_final_value': '0', 'env2_loopmode': '0', 'env3_attack_time': '2.95526743', 'env3_decay_time': '1.46371329', 'env3_release_time': '0.5999999642', 'env3_attack_slope': '0', 'env3_decay_slope': '0.5', 'env3_release_slope': '0.5', 'env3_sustain': '0', 'env3_initial_value': '0', 'env3_peak_value': '1', 'env3_final_value': '0', 'env3_loopmode': '2', 'lfo1_retrigger': 'true', 'lfo1_shape_type': '0', 'lfo1_amount': '1', 'lfo1_shaping': '0', 'lfo1_phase': '0', 'lfo1_sync': '0', 'lfo1_rate': '0.9999998808', 'lfo1_synced_rate': '15', 'lfo1_attack': '0', 'lfo2_retrigger': 'true', 'lfo2_shape_type': '1', 'lfo2_amount': '1', 'lfo2_shaping': '0', 'lfo2_phase': '0', 'lfo2_sync': '0', 'lfo2_rate': '0.2613427639', 'lfo2_synced_rate': '15', 'lfo2_attack': '0', 'mod_time_scale': '0', 'mod_amount': '1', 'unison_mode': '3', 'unison_voices': '3', 'unison_amount': '0.3515625', 'global_transpose': '-12', 'glide': '0', 'filter_routing': '0', 'vol': '0.1983032227', 'polyphony': '1', 'poly_voices': '6', 'hq': 'false', 'mod_matrix': [['env3', 'osc1_wt_position', 1.0], ['mod', 'osc1_wt_position', 0.609375], ['slide', 'osc1_wt_position', 0.6100000143], ['lfo1', 'osc1_effect1', 0.009999990463], ['lfo2', 'osc2_wt_position', 0.546875], ['mod', 'osc2_wt_position', -0.609375], ['slide', 'osc2_wt_position', -0.6100000143], ['vel', 'filter1_frequency', 0.1000000238], ['note', 'filter1_frequency', 0.003123283386], ['press', 'filter1_frequency', 0.1499999762], ['mod', 'filter1_frequency', 0.171875], ['slide', 'filter1_frequency', 0.1700000018], ['mod', 'lfo1_ratemod', 0.1875], ['slide', 'lfo1_ratemod', 0.1899999976], ['mod', 'lfo2_ratemod', 0.21875], ['slide', 'lfo2_ratemod', 0.2199999988], ['vel', 'ampmod', 0.5], ['pitchbend', 'pitchmod', 0.04200005531], ['note_pitchbend', 'pitchmod', 1.0]]}"
Bass,Hello Nueman,"I want a balanced bass that plays a round sub tone at the lowest velocity then adds in more presence in the mids as the velocity is increased. It should sound a tight in the low end but a bit loose and fluttery in the mids. I want it to be slightly reminiscent of a vintage synth. A lot of care should be put into the envelopes to create that warm, round, retro tone. The sound should be dark and somewhat organic. I want to avoid the aggressive, gritty and metallic sound of a lot of modern synths. The filter and wavetables should have a bit of movement to let the sound subtly open up a tiny bit in a controlled manner.","{'wt1': 'JUN Square Stack', 'wt2': 'Spectral 3', 'osc1_on': 'true', 'osc1_pitch_transpose': '0', 'osc1_pitch_detune': '-0.0390625', 'osc1_wt_position': '0.6554622054', 'osc1_effect_mode': '2', 'osc1_effect1': '0', 'osc1_effect2': '0', 'osc1_pan': '-0.203125', 'osc1_gain': '0.7058823705', 'osc2_on': 'true', 'osc2_pitch_transpose': '0', 'osc2_pitch_detune': '0.03125', 'osc2_wt_position': '0.6806722879', 'osc2_effect_mode': '1', 'osc2_effect1': '0', 'osc2_effect2': '0.2109375', 'osc2_pan': '0.25', 'osc2_gain': '0.9159663916', 'sub_on': 'true', 'sub_tone': '0.859375', 'sub_gain': '0.4375', 'sub_octave': '0', 'filter1_on': 'true', 'filter1_type': '0', 'filter1_circuit_lphp': '3', 'filter1_circuit_bpnomo': '0', 'filter1_slope': '0', 'filter1_frequency': '60.0983505', 'filter1_resonance': '0.4265873134', 'filter1_drive': '13.6875', 'filter1_morph': '0', 'filter2_on': 'true', 'filter2_type': '1', 'filter2_circuit_lphp': '4', 'filter2_circuit_bpnomo': '0', 'filter2_slope': '0', 'filter2_frequency': '48.2231216', 'filter2_resonance': '0.3075396717', 'filter2_drive': '3', 'filter2_morph': '0', 'ampenv_attack_time': '0.001049999963', 'ampenv_decay_time': '7.45152235', 'ampenv_release_time': '0.1132968962', 'ampenv_attack_slope': '0.625', 'ampenv_decay_slope': '0.5', 'ampenv_release_slope': '0.46875', 'ampenv_sustain': '0.9384765625', 'ampenv_loopmode': '0', 'env2_attack_time': '0.7327270508', 'env2_decay_time': '0.7341721654', 'env2_release_time': '0.156843096', 'env2_attack_slope': '1', 'env2_decay_slope': '1', 'env2_release_slope': '0.5', 'env2_sustain': '0.359375', 'env2_initial_value': '0.859375', 'env2_peak_value': '0.109375', 'env2_final_value': '0', 'env2_loopmode': '0', 'env3_attack_time': '2.35741043', 'env3_decay_time': '2.43976021', 'env3_release_time': '0.08985137939', 'env3_attack_slope': '0', 'env3_decay_slope': '0.5882352591', 'env3_release_slope': '0.5', 'env3_sustain': '0.75', 'env3_initial_value': '0.765625', 'env3_peak_value': '0.921875', 'env3_final_value': '0', 'env3_loopmode': '0', 'lfo1_retrigger': 'true', 'lfo1_shape_type': '2', 'lfo1_amount': '1', 'lfo1_shaping': '-0.15625', 'lfo1_phase': '0', 'lfo1_sync': '1', 'lfo1_rate': '1.59588182', 'lfo1_synced_rate': '13', 'lfo1_attack': '0', 'lfo2_retrigger': 'true', 'lfo2_shape_type': '1', 'lfo2_amount': '1', 'lfo2_shaping': '0.546875', 'lfo2_phase': '0', 'lfo2_sync': '1', 'lfo2_rate': '3.75874996', 'lfo2_synced_rate': '14', 'lfo2_attack': '0', 'mod_time_scale': '0', 'mod_amount': '0.4375', 'unison_mode': '4', 'unison_voices': '2', 'unison_amount': '0.0625', 'global_transpose': '-12', 'glide': '0.03404736519', 'filter_routing': '0', 'vol': '0.06855884939', 'polyphony': '1', 'poly_voices': '6', 'hq': 'false', 'mod_matrix': [['amp', 'osc1_wt_position', 0.4375], ['env2', 'osc1_wt_position', 0.125], ['vel', 'osc1_wt_position', 0.328125], ['env3', 'osc1_effect1', -0.015625], ['mod', 'osc1_effect1', 0.2400000095], ['slide', 'osc1_effect1', 0.2399999946], ['lfo1', 'osc1_effect2', -0.015625], ['vel', 'osc1_effect2', 0.15625], ['amp', 'osc2_wt_position', 0.125], ['env2', 'osc2_wt_position', -0.03125], ['lfo2', 'osc2_wt_position', 0.25], ['vel', 'osc2_wt_position', 0.109375], ['env2', 'osc2_gain', 0.03125], ['env3', 'osc2_gain', 0.140625], ['lfo1', 'osc2_gain', 0.265625], ['lfo2', 'osc2_gain', -0.140625], ['vel', 'osc2_gain', 0.59375], ['mod', 'osc2_gain', -1.0], ['amp', 'filter1_frequency', -0.09375], ['env2', 'filter1_frequency', 0.65625], ['env3', 'filter1_frequency', 0.4375], ['lfo2', 'filter1_frequency', 0.078125], ['vel', 'filter1_frequency', 0.296875], ['mod', 'filter1_frequency', 0.109375], ['slide', 'filter1_frequency', 0.1099999994], ['amp', 'filter1_resonance', 0.234375], ['env2', 'filter1_resonance', 0.015625], ['env3', 'filter1_resonance', -0.0625], ['vel', 'filter1_resonance', 0.453125], ['note', 'filter1_resonance', -0.21875], ['amp', 'filter2_frequency', -0.125], ['env3', 'filter2_frequency', 0.09375], ['vel', 'filter2_frequency', -0.03125], ['mod', 'filter2_frequency', 0.21875], ['slide', 'filter2_frequency', 0.2199999988], ['env2', 'filter2_resonance', 0.859375], ['vel', 'filter2_resonance', 0.375], ['mod', 'filter2_resonance', -0.234375], ['slide', 'filter2_resonance', -0.2300000042], ['amp', 'filter2_drive', 0.46875], ['env2', 'filter2_drive', 0.046875], ['lfo2', 'filter2_drive', 1.0], ['vel', 'filter2_drive', 0.671875], ['note', 'filter2_drive', 0.03125], ['amp', 'lfo1_amount', 0.65625], ['env2', 'lfo1_amount', -0.21875], ['env3', 'lfo1_amount', 0.015625], ['mod', 'lfo1_amount', 1.0], ['amp', 'lfo2_amount', 0.859375], ['env2', 'lfo2_amount', 0.40625], ['env3', 'lfo2_amount', -0.28125], ['mod', 'lfo2_amount', 1.0], ['env2', 'ampmod', -0.03125], ['vel', 'ampmod', 0.453125], ['env3', 'pitchmod', -0.0008999705315], ['vel', 'pitchmod', 0.0006999969482], ['pitchbend', 'pitchmod', 0.01999998093], ['note_pitchbend', 'pitchmod', 1.0]]}"
Bass,Epilogue Bass,"I want a simple and deep bass sound with an analog flavor. It should have a lot of low and sub presence, and then later some harmonic content in the mids and upper mids that comes in after. There should be an LFO that ramps up over time to open up a filter. The attack and fade in of the bass should be tasetful, warm, and inviting, characteristic of a vintage synth. ","{'wt1': 'Sub3 Shapes', 'wt2': 'Basic Shapes', 'osc1_on': 'true', 'osc1_pitch_transpose': '-24', 'osc1_pitch_detune': '0', 'osc1_wt_position': '0.3103448153', 'osc1_effect_mode': '3', 'osc1_effect1': '0', 'osc1_effect2': '0.1015625', 'osc1_pan': '0', 'osc1_gain': '1', 'osc2_on': 'false', 'osc2_pitch_transpose': '0', 'osc2_pitch_detune': '0', 'osc2_wt_position': '0', 'osc2_effect_mode': '0', 'osc2_effect1': '0', 'osc2_effect2': '0', 'osc2_pan': '0', 'osc2_gain': '1', 'sub_on': 'true', 'sub_tone': '0.25', 'sub_gain': '0.5011875033', 'sub_octave': '1', 'filter1_on': 'true', 'filter1_type': '0', 'filter1_circuit_lphp': '4', 'filter1_circuit_bpnomo': '0', 'filter1_slope': '1', 'filter1_frequency': '605.748474', 'filter1_resonance': '0.227272734', 'filter1_drive': '6.9375', 'filter1_morph': '0', 'filter2_on': 'true', 'filter2_type': '3', 'filter2_circuit_lphp': '0', 'filter2_circuit_bpnomo': '1', 'filter2_slope': '1', 'filter2_frequency': '1382.46155', 'filter2_resonance': '0.446428597', 'filter2_drive': '3', 'filter2_morph': '1', 'ampenv_attack_time': '0.001366027165', 'ampenv_decay_time': '0.5999999642', 'ampenv_release_time': '0.07030252367', 'ampenv_attack_slope': '0.8153846264', 'ampenv_decay_slope': '0.6842105389', 'ampenv_release_slope': '0.8478261232', 'ampenv_sustain': '0.5011875629', 'ampenv_loopmode': '0', 'env2_attack_time': '0', 'env2_decay_time': '0.4999999106', 'env2_release_time': '1.12166142', 'env2_attack_slope': '0.3846154213', 'env2_decay_slope': '0.3230769634', 'env2_release_slope': '0.5', 'env2_sustain': '0.5', 'env2_initial_value': '0', 'env2_peak_value': '1', 'env2_final_value': '0', 'env2_loopmode': '0', 'env3_attack_time': '4.16853237', 'env3_decay_time': '0.5999999642', 'env3_release_time': '0.5999999642', 'env3_attack_slope': '0.4153846502', 'env3_decay_slope': '0.6923077106', 'env3_release_slope': '0.5', 'env3_sustain': '0.5', 'env3_initial_value': '0', 'env3_peak_value': '0.9230769277', 'env3_final_value': '0', 'env3_loopmode': '0', 'lfo1_retrigger': 'true', 'lfo1_shape_type': '0', 'lfo1_amount': '1', 'lfo1_shaping': '0', 'lfo1_phase': '0', 'lfo1_sync': '1', 'lfo1_rate': '0.1244027019', 'lfo1_synced_rate': '17', 'lfo1_attack': '1.7888844', 'lfo2_retrigger': 'true', 'lfo2_shape_type': '0', 'lfo2_amount': '1', 'lfo2_shaping': '0', 'lfo2_phase': '0', 'lfo2_sync': '1', 'lfo2_rate': '0.2399999946', 'lfo2_synced_rate': '17', 'lfo2_attack': '0', 'mod_time_scale': '0', 'mod_amount': '1', 'unison_mode': '5', 'unison_voices': '2', 'unison_amount': '0.859375', 'global_transpose': '12', 'glide': '0.04999999702', 'filter_routing': '0', 'vol': '0.3618774414', 'polyphony': '0', 'poly_voices': '6', 'hq': 'false', 'mod_matrix': [['env2', 'osc1_wt_position', 0.625], ['lfo2', 'osc1_wt_position', 0.484375], ['vel', 'osc1_pan', -0.140625], ['env3', 'filter1_frequency', 0.703125], ['press', 'filter1_frequency', 0.65625], ['mod', 'filter1_frequency', 0.5], ['slide', 'filter1_frequency', 0.5], ['lfo1', 'filter2_frequency', 0.65625], ['lfo1', 'lfo1_amount', 1.0], ['mod', 'lfo1_amount', 1.0], ['lfo2', 'lfo2_amount', -1.0], ['mod', 'lfo2_amount', 1.0], ['mod', 'unison_amount', -0.671875], ['vel', 'ampmod', 0.5], ['pitchbend', 'pitchmod', 0.04666662216], ['note_pitchbend', 'pitchmod', 1.0]]}"
Bass,Zardoz,"A complex futuristic saw bass with heavy dynamics and modulation, giving a chaotic and cathartic feeling. It should feel energetic, unpredictable, and volatile, giving a rebellious quality. The saw wavetable should experience rapid modulation to position and pulse width, creating unique emergent overtones and an inconsistent pulsating effect. Very energetic, visceral, and adrenaline fueled, like an anarchist party during the apocalypse.","{'wt1': 'Quad Saw', 'wt2': 'Basic Shapes', 'osc1_on': 'true', 'osc1_pitch_transpose': '0', 'osc1_pitch_detune': '0', 'osc1_wt_position': '0.701149404', 'osc1_effect_mode': '2', 'osc1_effect1': '0', 'osc1_effect2': '1', 'osc1_pan': '0', 'osc1_gain': '1', 'osc2_on': 'false', 'osc2_pitch_transpose': '0', 'osc2_pitch_detune': '0', 'osc2_wt_position': '0', 'osc2_effect_mode': '0', 'osc2_effect1': '0', 'osc2_effect2': '0', 'osc2_pan': '0', 'osc2_gain': '1', 'sub_on': 'true', 'sub_tone': '0.2857142985', 'sub_gain': '0.7857142687', 'sub_octave': '0', 'filter1_on': 'true', 'filter1_type': '0', 'filter1_circuit_lphp': '2', 'filter1_circuit_bpnomo': '0', 'filter1_slope': '0', 'filter1_frequency': '6815.90479', 'filter1_resonance': '0.2840909064', 'filter1_drive': '6', 'filter1_morph': '0', 'filter2_on': 'true', 'filter2_type': '1', 'filter2_circuit_lphp': '2', 'filter2_circuit_bpnomo': '0', 'filter2_slope': '0', 'filter2_frequency': '74.889801', 'filter2_resonance': '0.6547619104', 'filter2_drive': '8.4375', 'filter2_morph': '0', 'ampenv_attack_time': '0', 'ampenv_decay_time': '0.2716169357', 'ampenv_release_time': '0.2333220392', 'ampenv_attack_slope': '0', 'ampenv_decay_slope': '0.5', 'ampenv_release_slope': '0.5', 'ampenv_sustain': '1', 'ampenv_loopmode': '0', 'env2_attack_time': '0.6286016703', 'env2_decay_time': '8.47572899', 'env2_release_time': '0.5999999642', 'env2_attack_slope': '0', 'env2_decay_slope': '1', 'env2_release_slope': '0.5', 'env2_sustain': '0', 'env2_initial_value': '0', 'env2_peak_value': '1', 'env2_final_value': '0', 'env2_loopmode': '0', 'env3_attack_time': '2.08439159', 'env3_decay_time': '1.36896682', 'env3_release_time': '0.5999999642', 'env3_attack_slope': '0', 'env3_decay_slope': '0.04761910439', 'env3_release_slope': '0.5', 'env3_sustain': '0.05405405536', 'env3_initial_value': '0', 'env3_peak_value': '0.5540540814', 'env3_final_value': '0', 'env3_loopmode': '0', 'lfo1_retrigger': 'false', 'lfo1_shape_type': '1', 'lfo1_amount': '1', 'lfo1_shaping': '0.609375', 'lfo1_phase': '0', 'lfo1_sync': '0', 'lfo1_rate': '1.5958823', 'lfo1_synced_rate': '15', 'lfo1_attack': '0', 'lfo2_retrigger': 'false', 'lfo2_shape_type': '0', 'lfo2_amount': '1', 'lfo2_shaping': '0', 'lfo2_phase': '0', 'lfo2_sync': '0', 'lfo2_rate': '2.28173637', 'lfo2_synced_rate': '15', 'lfo2_attack': '0', 'mod_time_scale': '0', 'mod_amount': '1.984375', 'unison_mode': '1', 'unison_voices': '4', 'unison_amount': '0.1015625', 'global_transpose': '-12', 'glide': '0.1723647863', 'filter_routing': '0', 'vol': '0.09765625', 'polyphony': '0', 'poly_voices': '6', 'hq': 'false', 'mod_matrix': [['lfo1', 'osc1_wt_position', 0.40625], ['env3', 'osc1_effect1', 0.859375], ['env2', 'osc1_effect2', 0.65625], ['lfo1', 'sub_gain', 0.578125], ['lfo2', 'filter2_frequency', 0.296875], ['mod', 'mod_time_sclae', -0.328125], ['slide', 'mod_time_sclae', -0.3300000131], ['pitchbend', 'mod_amount', 0.703125], ['vel', 'ampmod', 0.5], ['pitchbend', 'pitchmod', 0.04200005531], ['note_pitchbend', 'pitchmod', 1.0]]}"
Bass,Mechanix Bass,"A vintage analog sounding bass with a warm, pure sub tone but a bit of saturation and character in the mids. It should sound very round with a slightly longer attack and gentle sloping in to make amplitude. Make it so it is velocity sensitive, with louder keypresses letting more mids and highs in. There should be a strong low end presence, but make sure the sound sits near the center of the stereo field. It shouldn't be mono but I don't want it to sound huge and too wide, make sure it is tight and punchy. It should be a balanced vintage bass overall but with a some brightness and buzzing from some added resonance in the upper mids when played loudly.","{'wt1': 'Sys8 Comb', 'wt2': 'MG Memo', 'osc1_on': 'true', 'osc1_pitch_transpose': '-12', 'osc1_pitch_detune': '0.078125', 'osc1_wt_position': '0.08403361589', 'osc1_effect_mode': '2', 'osc1_effect1': '0.1875', 'osc1_effect2': '0.421875', 'osc1_pan': '-0.1875', 'osc1_gain': '0.6806722879', 'osc2_on': 'true', 'osc2_pitch_transpose': '-12', 'osc2_pitch_detune': '-0.015625', 'osc2_wt_position': '0.5798319578', 'osc2_effect_mode': '1', 'osc2_effect1': '0.015625', 'osc2_effect2': '0.0078125', 'osc2_pan': '0.203125', 'osc2_gain': '0.8319327831', 'sub_on': 'true', 'sub_tone': '0.421875', 'sub_gain': '0.734375', 'sub_octave': '1', 'filter1_on': 'true', 'filter1_type': '0', 'filter1_circuit_lphp': '4', 'filter1_circuit_bpnomo': '0', 'filter1_slope': '0', 'filter1_frequency': '110.074524', 'filter1_resonance': '0.634765625', 'filter1_drive': '6', 'filter1_morph': '0', 'filter2_on': 'true', 'filter2_type': '0', 'filter2_circuit_lphp': '3', 'filter2_circuit_bpnomo': '0', 'filter2_slope': '0', 'filter2_frequency': '48.225544', 'filter2_resonance': '0.693359375', 'filter2_drive': '3.375', 'filter2_morph': '0', 'ampenv_attack_time': '0.00970967114', 'ampenv_decay_time': '0.4453014433', 'ampenv_release_time': '0.07030252367', 'ampenv_attack_slope': '0.78125', 'ampenv_decay_slope': '0.5', 'ampenv_release_slope': '-0.453125', 'ampenv_sustain': '0.765625', 'ampenv_loopmode': '0', 'env2_attack_time': '0.004147199448', 'env2_decay_time': '0.5999999642', 'env2_release_time': '2.1171751', 'env2_attack_slope': '0.96875', 'env2_decay_slope': '-0.609375', 'env2_release_slope': '-0.640625', 'env2_sustain': '0.875', 'env2_initial_value': '0.828125', 'env2_peak_value': '0.7265625', 'env2_final_value': '0.09375', 'env2_loopmode': '0', 'env3_attack_time': '0.09956479073', 'env3_decay_time': '6.32915068', 'env3_release_time': '5.33864355', 'env3_attack_slope': '0.5', 'env3_decay_slope': '0.5', 'env3_release_slope': '0.453125', 'env3_sustain': '0.484375', 'env3_initial_value': '0.484375', 'env3_peak_value': '0.578125', 'env3_final_value': '0.140625', 'env3_loopmode': '0', 'lfo1_retrigger': 'true', 'lfo1_shape_type': '0', 'lfo1_amount': '0.7265625', 'lfo1_shaping': '0', 'lfo1_phase': '0', 'lfo1_sync': '1', 'lfo1_rate': '0.6771969199', 'lfo1_synced_rate': '12', 'lfo1_attack': '0', 'lfo2_retrigger': 'true', 'lfo2_shape_type': '0', 'lfo2_amount': '0.6640625', 'lfo2_shaping': '0', 'lfo2_phase': '0', 'lfo2_sync': '1', 'lfo2_rate': '0.9999998808', 'lfo2_synced_rate': '10', 'lfo2_attack': '0', 'mod_time_scale': '-0.359375', 'mod_amount': '0.171875', 'unison_mode': '1', 'unison_voices': '2', 'unison_amount': '0.015625', 'global_transpose': '0', 'glide': '0.0007450580597', 'filter_routing': '2', 'vol': '0.2739868164', 'polyphony': '0', 'poly_voices': '6', 'hq': 'false', 'mod_matrix': [['amp', 'osc1_wt_position', 0.515625], ['env2', 'osc1_wt_position', 0.65625], ['env3', 'osc1_wt_position', 0.578125], ['vel', 'osc1_wt_position', 0.765625], ['amp', 'osc1_effect1', -0.015625], ['env2', 'osc1_effect1', 0.0625], ['env3', 'osc1_effect1', 0.09375], ['vel', 'osc1_effect1', 0.03125], ['env2', 'osc1_effect2', -0.03125], ['vel', 'osc1_effect2', 0.859375], ['amp', 'osc2_wt_position', 0.453125], ['env2', 'osc2_wt_position', -0.5], ['env3', 'osc2_wt_position', 0.296875], ['vel', 'osc2_wt_position', 0.171875], ['amp', 'osc2_effect1', 0.15625], ['env2', 'osc2_effect1', -0.203125], ['env3', 'osc2_effect1', 0.125], ['vel', 'osc2_effect1', 0.015625], ['amp', 'filter1_frequency', 1.0], ['env2', 'filter1_frequency', -0.1875], ['env3', 'filter1_frequency', 0.359375], ['vel', 'filter1_frequency', 0.265625], ['env2', 'filter1_drive', 0.625], ['vel', 'filter1_drive', 0.53125], ['amp', 'filter2_frequency', -0.15625], ['env2', 'filter2_frequency', -0.921875], ['env3', 'filter2_frequency', -0.71875], ['vel', 'filter2_frequency', 0.78125], ['mod', 'filter2_frequency', 0.1875], ['slide', 'filter2_frequency', 0.1899999976], ['lfo2', 'lfo1_amount', 0.875], ['mod', 'lfo1_amount', -1.0], ['env2', 'lfo2_amount', 0.046875], ['lfo2', 'lfo2_amount', 0.515625], ['mod', 'lfo2_amount', -1.0], ['vel', 'unison_amount', 0.109375], ['amp', 'ampmod', 0.03125], ['vel', 'ampmod', 0.5], ['env3', 'pitchmod', -0.001562476158], ['pitchbend', 'pitchmod', 0.04666662216], ['note_pitchbend', 'pitchmod', 1.0]]}"
Bass,Super Sub Drone Bass,"I want a deep, atmospheric drone bass. It should have a ton of sub presence and a gentle low pass filter around 500 Hz, only allowing low end and lower mids. There should be some very subtle movement throughout, fine changes in the sound that are only apparent with close inspection. It should create a meditative and lonely experience, like floating through space. The sound should work perfectly in ambient or drone music, or in the soundtrack to a movie set in space. It should be warm and consuming, creating a simple but powerful dreamlike soundscape.","{'wt1': 'Saw Dual 1', 'wt2': 'Sub 3', 'osc1_on': 'true', 'osc1_pitch_transpose': '0', 'osc1_pitch_detune': '0', 'osc1_wt_position': '0.470588237', 'osc1_effect_mode': '2', 'osc1_effect1': '0.453125', 'osc1_effect2': '0', 'osc1_pan': '-0.03125', 'osc1_gain': '1', 'osc2_on': 'true', 'osc2_pitch_transpose': '-24', 'osc2_pitch_detune': '0', 'osc2_wt_position': '0.5210084319', 'osc2_effect_mode': '2', 'osc2_effect1': '-0.625', 'osc2_effect2': '0', 'osc2_pan': '-0.015625', 'osc2_gain': '1', 'sub_on': 'true', 'sub_tone': '0.1484375', 'sub_gain': '0.1328125', 'sub_octave': '1', 'filter1_on': 'true', 'filter1_type': '0', 'filter1_circuit_lphp': '2', 'filter1_circuit_bpnomo': '0', 'filter1_slope': '0', 'filter1_frequency': '460.100708', 'filter1_resonance': '0.3472222388', 'filter1_drive': '8.625', 'filter1_morph': '0', 'filter2_on': 'true', 'filter2_type': '0', 'filter2_circuit_lphp': '2', 'filter2_circuit_bpnomo': '0', 'filter2_slope': '0', 'filter2_frequency': '153.111908', 'filter2_resonance': '0.3769841492', 'filter2_drive': '9', 'filter2_morph': '0', 'ampenv_attack_time': '0.01745343208', 'ampenv_decay_time': '18.7790852', 'ampenv_release_time': '0.01120894402', 'ampenv_attack_slope': '0', 'ampenv_decay_slope': '0.5', 'ampenv_release_slope': '0.4375', 'ampenv_sustain': '0.5011875629', 'ampenv_loopmode': '0', 'env2_attack_time': '7.15699768', 'env2_decay_time': '0.5999999642', 'env2_release_time': '0.05419259146', 'env2_attack_slope': '0', 'env2_decay_slope': '0.5', 'env2_release_slope': '0.5', 'env2_sustain': '0.796875', 'env2_initial_value': '0.2265625', 'env2_peak_value': '1', 'env2_final_value': '0', 'env2_loopmode': '0', 'env3_attack_time': '0.001000000164', 'env3_decay_time': '0.5999999642', 'env3_release_time': '0.5999999642', 'env3_attack_slope': '0', 'env3_decay_slope': '0.5', 'env3_release_slope': '0.5', 'env3_sustain': '0.5', 'env3_initial_value': '0', 'env3_peak_value': '1', 'env3_final_value': '0', 'env3_loopmode': '0', 'lfo1_retrigger': 'true', 'lfo1_shape_type': '0', 'lfo1_amount': '1', 'lfo1_shaping': '0.4375', 'lfo1_phase': '0', 'lfo1_sync': '1', 'lfo1_rate': '0.9999998808', 'lfo1_synced_rate': '0', 'lfo1_attack': '0.00000007450580597', 'lfo2_retrigger': 'true', 'lfo2_shape_type': '0', 'lfo2_amount': '1', 'lfo2_shaping': '0', 'lfo2_phase': '0', 'lfo2_sync': '1', 'lfo2_rate': '0.9999998808', 'lfo2_synced_rate': '0', 'lfo2_attack': '0.08835799992', 'mod_time_scale': '0', 'mod_amount': '1', 'unison_mode': '6', 'unison_voices': '7', 'unison_amount': '0.625', 'global_transpose': '0', 'glide': '0.078125', 'filter_routing': '0', 'vol': '0.2124633789', 'polyphony': '0', 'poly_voices': '6', 'hq': 'false', 'mod_matrix': [['env2', 'osc1_effect1', 0.203125], ['lfo1', 'osc1_effect1', 0.359375], ['lfo2', 'osc1_effect1', -0.8125], ['vel', 'osc1_effect1', -0.15625], ['press', 'osc1_effect1', -0.15625], ['lfo1', 'osc1_effect2', 0.5], ['lfo2', 'osc1_effect2', 0.40625], ['press', 'osc1_effect2', 0.046875], ['env2', 'osc2_effect1', -0.109375], ['lfo1', 'osc2_effect1', -0.578125], ['lfo2', 'osc2_effect1', 0.359375], ['vel', 'osc2_effect1', -0.078125], ['lfo1', 'osc2_effect2', -0.5625], ['lfo2', 'osc2_effect2', 0.125], ['press', 'osc2_effect2', -0.15625], ['env3', 'filter1_frequency', 0.046875], ['press', 'filter1_frequency', 0.109375], ['mod', 'filter1_frequency', 0.109375], ['slide', 'filter1_frequency', 0.1099999994], ['press', 'filter1_drive', 0.125], ['env2', 'filter2_frequency', 0.046875], ['press', 'filter2_frequency', 0.140625], ['mod', 'filter2_frequency', 0.140625], ['slide', 'filter2_frequency', 0.1400000006], ['press', 'filter2_drive', 0.296875], ['mod', 'lfo1_amount', 1.0], ['vel', 'lfo2_amount', 0.5], ['mod', 'lfo2_amount', 1.0], ['pitchbend', 'pitchmod', 0.04200005531], ['note_pitchbend', 'pitchmod', 1.0]]}"
Bass,Warp Drive D,"A sci-fi bass that ramps up over time like a warp drive preparing for interstellar travel. It should have a long drawn out decay and release. The initial tone should be warm, round, and full, with a good amount of wobble and movement. Pure and prominent sub tones with some interesting and dynamic harmonic content to create a futuristic, complex, technological, yet warm and comfortable atmosphere. The modulation should become more intense over time, exponentially increasing.","{'wt1': 'Menace', 'wt2': 'No Primes', 'osc1_on': 'true', 'osc1_pitch_transpose': '0', 'osc1_pitch_detune': '0', 'osc1_wt_position': '0.2689075768', 'osc1_effect_mode': '3', 'osc1_effect1': '0', 'osc1_effect2': '0', 'osc1_pan': '0', 'osc1_gain': '1', 'osc2_on': 'true', 'osc2_pitch_transpose': '-12', 'osc2_pitch_detune': '0', 'osc2_wt_position': '0.3781512678', 'osc2_effect_mode': '3', 'osc2_effect1': '-0.21875', 'osc2_effect2': '0', 'osc2_pan': '0', 'osc2_gain': '0.8571428657', 'sub_on': 'true', 'sub_tone': '0', 'sub_gain': '0.8984375', 'sub_octave': '1', 'filter1_on': 'true', 'filter1_type': '0', 'filter1_circuit_lphp': '0', 'filter1_circuit_bpnomo': '0', 'filter1_slope': '0', 'filter1_frequency': '16434.9805', 'filter1_resonance': '0', 'filter1_drive': '0', 'filter1_morph': '0', 'filter2_on': 'true', 'filter2_type': '0', 'filter2_circuit_lphp': '2', 'filter2_circuit_bpnomo': '1', 'filter2_slope': '0', 'filter2_frequency': '225.063599', 'filter2_resonance': '0.5952380896', 'filter2_drive': '18.375', 'filter2_morph': '0', 'ampenv_attack_time': '0.001000000164', 'ampenv_decay_time': '0.5999999642', 'ampenv_release_time': '2.75912976', 'ampenv_attack_slope': '0', 'ampenv_decay_slope': '0.5', 'ampenv_release_slope': '-0.01818180084', 'ampenv_sustain': '0.5011875629', 'ampenv_loopmode': '0', 'env2_attack_time': '1.25', 'env2_decay_time': '5.73404026', 'env2_release_time': '1.25140631', 'env2_attack_slope': '0', 'env2_decay_slope': '0.3898304701', 'env2_release_slope': '0.5', 'env2_sustain': '0.5024154782', 'env2_initial_value': '0', 'env2_peak_value': '0.7874395847', 'env2_final_value': '0', 'env2_loopmode': '0', 'env3_attack_time': '0.001000000164', 'env3_decay_time': '5.00707531', 'env3_release_time': '0.8390576243', 'env3_attack_slope': '0', 'env3_decay_slope': '0.5', 'env3_release_slope': '0.5', 'env3_sustain': '0.2318840623', 'env3_initial_value': '0', 'env3_peak_value': '1', 'env3_final_value': '0', 'env3_loopmode': '0', 'lfo1_retrigger': 'false', 'lfo1_shape_type': '1', 'lfo1_amount': '1', 'lfo1_shaping': '0', 'lfo1_phase': '0', 'lfo1_sync': '0', 'lfo1_rate': '8.70957661', 'lfo1_synced_rate': '15', 'lfo1_attack': '0', 'lfo2_retrigger': 'true', 'lfo2_shape_type': '1', 'lfo2_amount': '1', 'lfo2_shaping': '0', 'lfo2_phase': '0', 'lfo2_sync': '0', 'lfo2_rate': '0.8219717145', 'lfo2_synced_rate': '15', 'lfo2_attack': '0', 'mod_time_scale': '-0.21875', 'mod_amount': '1', 'unison_mode': '1', 'unison_voices': '2', 'unison_amount': '0.3125', 'global_transpose': '0', 'glide': '0.078125', 'filter_routing': '1', 'vol': '0.1944258958', 'polyphony': '0', 'poly_voices': '6', 'hq': 'false', 'mod_matrix': [['lfo1', 'osc1_wt_position', 0.53125], ['env2', 'osc1_gain', 1.0], ['lfo2', 'osc2_wt_position', 0.34375], ['env2', 'osc2_effect1', 0.515625], ['env2', 'filter2_frequency', 0.75], ['lfo1', 'filter2_drive', 0.15625], ['env2', 'lfo1_amount', 0.703125], ['env3', 'mod_time_sclae', 0.40625], ['vel', 'mod_time_sclae', 0.28125], ['press', 'mod_time_sclae', -1.0], ['vel', 'ampmod', 0.5], ['pitchbend', 'pitchmod', 0.25], ['note_pitchbend', 'pitchmod', 1.0]]}"
Bass,Rawkus Wobble,"I want a meticulously engineered synthwave bass. It should sound epic and grandoise, and have some subtle and tasteful movement of wavetables and FM settings. I am looking for dark retro-futurism, like it would fit in a 80s synthwave track or movie like Tron, but with a slightly dark and industrial modern twist. There should be a lot of glide, and the sound should be very wide, with heavy left right panning between the oscillators and a lot of unison voices. The sound should be characteristic of bass synths from darksynth, horror synth, or synthwave music.","{'wt1': 'Charcoal', 'wt2': 'Sweep 2', 'osc1_on': 'true', 'osc1_pitch_transpose': '0', 'osc1_pitch_detune': '0', 'osc1_wt_position': '0.890756309', 'osc1_effect_mode': '1', 'osc1_effect1': '0', 'osc1_effect2': '0.1328125', 'osc1_pan': '-0.421875', 'osc1_gain': '0.9159663916', 'osc2_on': 'true', 'osc2_pitch_transpose': '0', 'osc2_pitch_detune': '0', 'osc2_wt_position': '0.5747126341', 'osc2_effect_mode': '2', 'osc2_effect1': '0.5625', 'osc2_effect2': '1', 'osc2_pan': '0.546875', 'osc2_gain': '0.8235294223', 'sub_on': 'true', 'sub_tone': '0.421875', 'sub_gain': '0.484375', 'sub_octave': '1', 'filter1_on': 'true', 'filter1_type': '0', 'filter1_circuit_lphp': '4', 'filter1_circuit_bpnomo': '0', 'filter1_slope': '0', 'filter1_frequency': '2415.04517', 'filter1_resonance': '0.2556818128', 'filter1_drive': '6.9375', 'filter1_morph': '0', 'filter2_on': 'true', 'filter2_type': '0', 'filter2_circuit_lphp': '4', 'filter2_circuit_bpnomo': '0', 'filter2_slope': '0', 'filter2_frequency': '9722.96191', 'filter2_resonance': '0.113636367', 'filter2_drive': '8.4375', 'filter2_morph': '0', 'ampenv_attack_time': '0.001000000164', 'ampenv_decay_time': '0.5999999642', 'ampenv_release_time': '0.003627800848', 'ampenv_attack_slope': '0', 'ampenv_decay_slope': '0.5', 'ampenv_release_slope': '0.5', 'ampenv_sustain': '0.5011875629', 'ampenv_loopmode': '0', 'env2_attack_time': '0.001000000164', 'env2_decay_time': '0.5999999642', 'env2_release_time': '0.5999999642', 'env2_attack_slope': '0', 'env2_decay_slope': '0.5', 'env2_release_slope': '0.5', 'env2_sustain': '0.5625', 'env2_initial_value': '0', 'env2_peak_value': '1', 'env2_final_value': '0', 'env2_loopmode': '0', 'env3_attack_time': '0.6817746758', 'env3_decay_time': '0.5999999642', 'env3_release_time': '0.4309789538', 'env3_attack_slope': '0', 'env3_decay_slope': '0.5', 'env3_release_slope': '0.5', 'env3_sustain': '0.5', 'env3_initial_value': '0', 'env3_peak_value': '1', 'env3_final_value': '0', 'env3_loopmode': '0', 'lfo1_retrigger': 'true', 'lfo1_shape_type': '0', 'lfo1_amount': '1', 'lfo1_shaping': '0.3125', 'lfo1_phase': '0', 'lfo1_sync': '1', 'lfo1_rate': '3.25590682', 'lfo1_synced_rate': '17', 'lfo1_attack': '0', 'lfo2_retrigger': 'true', 'lfo2_shape_type': '0', 'lfo2_amount': '1', 'lfo2_shaping': '0', 'lfo2_phase': '0', 'lfo2_sync': '1', 'lfo2_rate': '0.9999998808', 'lfo2_synced_rate': '15', 'lfo2_attack': '0.00009655952454', 'mod_time_scale': '0', 'mod_amount': '1', 'unison_mode': '4', 'unison_voices': '7', 'unison_amount': '0.171875', 'global_transpose': '0', 'glide': '0.0004674660449', 'filter_routing': '0', 'vol': '0.1584883779', 'polyphony': '0', 'poly_voices': '6', 'hq': 'false', 'mod_matrix': [['env2', 'osc1_effect2', 0.1875], ['lfo1', 'osc1_effect2', 0.609375], ['lfo2', 'osc1_effect2', 0.140625], ['env2', 'osc2_wt_position', 0.265625], ['lfo1', 'osc2_wt_position', 0.1875], ['lfo2', 'osc2_wt_position', -0.28125], ['vel', 'osc2_wt_position', 0.203125], ['mod', 'osc2_wt_position', -0.359375], ['slide', 'osc2_wt_position', -0.3600000143], ['env3', 'osc2_gain', 0.15625], ['mod', 'osc2_gain', 0.203125], ['env2', 'filter1_frequency', 0.140625], ['lfo2', 'filter1_frequency', 0.484375], ['vel', 'filter1_frequency', 0.078125], ['mod', 'filter1_frequency', 0.046875], ['slide', 'filter1_frequency', 0.04699999839], ['lfo1', 'filter2_frequency', 0.453125], ['vel', 'filter2_frequency', 0.03125], ['mod', 'filter2_frequency', -0.3125], ['slide', 'filter2_frequency', -0.3100000024], ['mod', 'lfo1_amount', 1.0], ['env3', 'lfo1_shaping', 0.640625], ['lfo1', 'lfo1_shaping', 0.234375], ['env2', 'lfo2_amount', 0.09375], ['mod', 'lfo2_amount', 1.0], ['env3', 'unison_amount', 0.40625], ['lfo1', 'unison_amount', 0.140625], ['vel', 'ampmod', 0.5], ['pitchbend', 'pitchmod', 0.04999995232], ['mod', 'pitchmod', -0.171875], ['note_pitchbend', 'pitchmod', 1.0], ['amp', 'glide', 0.5]]}"
Bass,Effing Bass,"A complex and turbulent bass sound with a strong sense of dynamics and movement. It should be wide with a decent amount of unison and have a bigger release than expected for a bass. The initial sound should be like a growl, but then it needs to continue morphing and changing over time. It should be a jittery and chaotic, giving a sense of anxiety and unease to the listener. The sound should prioritize width and movement over impact.","{'wt1': 'Bit Ring', 'wt2': 'FM Feedback', 'osc1_on': 'true', 'osc1_pitch_transpose': '0', 'osc1_pitch_detune': '0', 'osc1_wt_position': '0.495726496', 'osc1_effect_mode': '3', 'osc1_effect1': '0', 'osc1_effect2': '0', 'osc1_pan': '-0.1875', 'osc1_gain': '1', 'osc2_on': 'true', 'osc2_pitch_transpose': '0', 'osc2_pitch_detune': '-0.21875', 'osc2_wt_position': '0.4537815154', 'osc2_effect_mode': '0', 'osc2_effect1': '0', 'osc2_effect2': '0', 'osc2_pan': '0.015625', 'osc2_gain': '1', 'sub_on': 'true', 'sub_tone': '0', 'sub_gain': '0.5011875033', 'sub_octave': '1', 'filter1_on': 'true', 'filter1_type': '0', 'filter1_circuit_lphp': '3', 'filter1_circuit_bpnomo': '0', 'filter1_slope': '0', 'filter1_frequency': '940.702515', 'filter1_resonance': '0.3273809552', 'filter1_drive': '5.0625', 'filter1_morph': '0', 'filter2_on': 'true', 'filter2_type': '3', 'filter2_circuit_lphp': '0', 'filter2_circuit_bpnomo': '1', 'filter2_slope': '0', 'filter2_frequency': '144.916687', 'filter2_resonance': '0.4563492239', 'filter2_drive': '5.625', 'filter2_morph': '0', 'ampenv_attack_time': '0.001000000164', 'ampenv_decay_time': '0.5999999642', 'ampenv_release_time': '1.17391682', 'ampenv_attack_slope': '0', 'ampenv_decay_slope': '0.5', 'ampenv_release_slope': '0.5', 'ampenv_sustain': '0.5011875629', 'ampenv_loopmode': '0', 'env2_attack_time': '4.38317728', 'env2_decay_time': '11.8422174', 'env2_release_time': '1.00832295', 'env2_attack_slope': '0', 'env2_decay_slope': '1', 'env2_release_slope': '0.5', 'env2_sustain': '0.07692307979', 'env2_initial_value': '0', 'env2_peak_value': '1', 'env2_final_value': '0', 'env2_loopmode': '0', 'env3_attack_time': '8.05403328', 'env3_decay_time': '4.22652626', 'env3_release_time': '0.5999999642', 'env3_attack_slope': '0', 'env3_decay_slope': '0.5', 'env3_release_slope': '0.5', 'env3_sustain': '0.4076923132', 'env3_initial_value': '0', 'env3_peak_value': '1', 'env3_final_value': '0', 'env3_loopmode': '2', 'lfo1_retrigger': 'true', 'lfo1_shape_type': '0', 'lfo1_amount': '0.796875', 'lfo1_shaping': '0', 'lfo1_phase': '0', 'lfo1_sync': '0', 'lfo1_rate': '0.9999998808', 'lfo1_synced_rate': '15', 'lfo1_attack': '0', 'lfo2_retrigger': 'true', 'lfo2_shape_type': '1', 'lfo2_amount': '1', 'lfo2_shaping': '-0.625', 'lfo2_phase': '0', 'lfo2_sync': '0', 'lfo2_rate': '2.658324', 'lfo2_synced_rate': '15', 'lfo2_attack': '0', 'mod_time_scale': '0', 'mod_amount': '1.453125', 'unison_mode': '1', 'unison_voices': '5', 'unison_amount': '0.2265625', 'global_transpose': '0', 'glide': '0.1396358758', 'filter_routing': '0', 'vol': '0.2113125771', 'polyphony': '0', 'poly_voices': '6', 'hq': 'false', 'mod_matrix': [['lfo2', 'osc1_pitchmod', -0.015625], ['lfo1', 'osc1_wt_position', 0.53125], ['lfo2', 'osc1_wt_position', 0.109375], ['mod', 'osc1_wt_position', 0.875], ['slide', 'osc1_wt_position', 0.8799999952], ['env3', 'osc1_effect1', 0.625], ['mod', 'osc1_effect1', -0.59375], ['slide', 'osc1_effect1', -0.5899999738], ['lfo2', 'osc2_wt_position', 0.3125], ['press', 'osc2_wt_position', 0.359375], ['amp', 'filter1_frequency', 0.171875], ['env2', 'filter1_frequency', 0.640625], ['note', 'filter1_frequency', 0.0005960464478], ['press', 'filter1_frequency', 0.171875], ['env2', 'filter2_frequency', -0.59375], ['lfo1', 'filter2_frequency', 0.375], ['press', 'filter2_frequency', 0.171875], ['env2', 'lfo2_ratemod', 0.203125], ['lfo1', 'lfo2_ratemod', -0.078125], ['press', 'lfo2_ratemod', 0.28125], ['mod', 'lfo2_ratemod', 0.765625], ['slide', 'lfo2_ratemod', 0.7699999809], ['lfo1', 'mod_amount', 0.1875], ['lfo2', 'mod_amount', 0.015625], ['vel', 'mod_amount', 0.421875], ['lfo2', 'ampmod', 0.578125], ['vel', 'ampmod', 0.5], ['lfo1', 'pitchmod', 0.001999974251], ['pitchbend', 'pitchmod', 0.04666662216], ['note_pitchbend', 'pitchmod', 1.0]]}"
Bass,Table Bass,"Playful, loose, and organic bass sound with a slight plucky character. It should have modulation controlling the wavetables at different speeds, giving a light and fluttery feeling. The bass should be tame yet harmonically rich, having tone and character but leaving tons of room for other elements in the mids and highs. The sustain should be noticeably lower than the max amplitude. It should sound fairly wide with some unison and detuning. This bass is supposed to get looser and have more movement over time, with a LFO increasing in amplitude.","{'wt1': 'FM Fold', 'wt2': 'VOSM', 'osc1_on': 'true', 'osc1_pitch_transpose': '0', 'osc1_pitch_detune': '0.09375', 'osc1_wt_position': '0.162621364', 'osc1_effect_mode': '0', 'osc1_effect1': '0', 'osc1_effect2': '0', 'osc1_pan': '0', 'osc1_gain': '1', 'osc2_on': 'true', 'osc2_pitch_transpose': '0', 'osc2_pitch_detune': '0', 'osc2_wt_position': '0.6638655663', 'osc2_effect_mode': '0', 'osc2_effect1': '0', 'osc2_effect2': '0', 'osc2_pan': '0', 'osc2_gain': '1', 'sub_on': 'true', 'sub_tone': '0', 'sub_gain': '0.5011875033', 'sub_octave': '0', 'filter1_on': 'true', 'filter1_type': '0', 'filter1_circuit_lphp': '0', 'filter1_circuit_bpnomo': '0', 'filter1_slope': '1', 'filter1_frequency': '349.424683', 'filter1_resonance': '0.3472222388', 'filter1_drive': '0', 'filter1_morph': '0', 'filter2_on': 'false', 'filter2_type': '0', 'filter2_circuit_lphp': '0', 'filter2_circuit_bpnomo': '0', 'filter2_slope': '0', 'filter2_frequency': '20000.1035', 'filter2_resonance': '0', 'filter2_drive': '0', 'filter2_morph': '0', 'ampenv_attack_time': '0.001366027165', 'ampenv_decay_time': '6.87316322', 'ampenv_release_time': '0.1738518625', 'ampenv_attack_slope': '0', 'ampenv_decay_slope': '0.5', 'ampenv_release_slope': '0.5', 'ampenv_sustain': '0.1235961914', 'ampenv_loopmode': '0', 'env2_attack_time': '0', 'env2_decay_time': '0.1783738881', 'env2_release_time': '0.2333220392', 'env2_attack_slope': '0', 'env2_decay_slope': '0.953846097', 'env2_release_slope': '0.5', 'env2_sustain': '0.0859375', 'env2_initial_value': '0', 'env2_peak_value': '1', 'env2_final_value': '0', 'env2_loopmode': '0', 'env3_attack_time': '0.001000000164', 'env3_decay_time': '0.5999999642', 'env3_release_time': '0.5999999642', 'env3_attack_slope': '0', 'env3_decay_slope': '0.5', 'env3_release_slope': '0.5', 'env3_sustain': '0.5', 'env3_initial_value': '0', 'env3_peak_value': '1', 'env3_final_value': '0', 'env3_loopmode': '0', 'lfo1_retrigger': 'true', 'lfo1_shape_type': '0', 'lfo1_amount': '1', 'lfo1_shaping': '0', 'lfo1_phase': '0', 'lfo1_sync': '0', 'lfo1_rate': '4.12129259', 'lfo1_synced_rate': '15', 'lfo1_attack': '2.48567581', 'lfo2_retrigger': 'true', 'lfo2_shape_type': '1', 'lfo2_amount': '1', 'lfo2_shaping': '0.140625', 'lfo2_phase': '0', 'lfo2_sync': '0', 'lfo2_rate': '0.1881347895', 'lfo2_synced_rate': '15', 'lfo2_attack': '0.1907348633', 'mod_time_scale': '0', 'mod_amount': '1', 'unison_mode': '5', 'unison_voices': '4', 'unison_amount': '0.53125', 'global_transpose': '-12', 'glide': '0', 'filter_routing': '0', 'vol': '0.485199362', 'polyphony': '1', 'poly_voices': '6', 'hq': 'false', 'mod_matrix': [['env2', 'osc1_wt_position', 0.4375], ['lfo1', 'osc1_wt_position', 0.109375], ['vel', 'osc1_wt_position', 0.5625], ['mod', 'osc1_wt_position', -0.546875], ['slide', 'osc1_wt_position', -0.5500000119], ['lfo2', 'osc2_wt_position', 0.34375], ['vel', 'osc2_wt_position', -0.34375], ['mod', 'osc2_wt_position', 0.765625], ['slide', 'osc2_wt_position', 0.7699999809], ['env2', 'filter1_frequency', 0.65625], ['vel', 'filter1_frequency', 0.390625], ['press', 'filter1_frequency', 0.390625], ['mod', 'filter1_frequency', -0.296875], ['slide', 'filter1_frequency', -0.3000000119], ['vel', 'ampmod', 0.5], ['pitchbend', 'pitchmod', 0.04666662216], ['note_pitchbend', 'pitchmod', 1.0]]}"
Bass,Mono Wah Wave,"I want a happy upbeat wah bass built out of vintage wavetables with a saw like character. It should be warm and have a strong lower mid and mid range harmonics. There should be a big resonance spike from a LP filter at over 5k to emphasize these frequencies. It needs to have that distinct wah wah tone when played with high velocity, and it shouldn't be a pure saw wave tone, it should be more analog sounding and slightly round and distorted, like using pulse width modulation on a vintage wavetable. This bass sound should work well for a melodic bassline at the drop of a dance song, or maybe even synthwave, giving energy and euphoria to the listeners. And make sure the bass is in mono.","{'wt1': 'OB6 Shapes', 'wt2': 'Basic Shapes', 'osc1_on': 'true', 'osc1_pitch_transpose': '0', 'osc1_pitch_detune': '0', 'osc1_wt_position': '0.4285714328', 'osc1_effect_mode': '2', 'osc1_effect1': '0.015625', 'osc1_effect2': '0', 'osc1_pan': '0', 'osc1_gain': '0.7142857313', 'osc2_on': 'false', 'osc2_pitch_transpose': '0', 'osc2_pitch_detune': '-0.0234375', 'osc2_wt_position': '0.6554622054', 'osc2_effect_mode': '1', 'osc2_effect1': '-1', 'osc2_effect2': '0.2265625', 'osc2_pan': '0.046875', 'osc2_gain': '0.4537815154', 'sub_on': 'true', 'sub_tone': '0.84375', 'sub_gain': '0.25', 'sub_octave': '1', 'filter1_on': 'true', 'filter1_type': '0', 'filter1_circuit_lphp': '0', 'filter1_circuit_bpnomo': '0', 'filter1_slope': '0', 'filter1_frequency': '330.739502', 'filter1_resonance': '0.7638888955', 'filter1_drive': '6.375', 'filter1_morph': '0', 'filter2_on': 'true', 'filter2_type': '0', 'filter2_circuit_lphp': '0', 'filter2_circuit_bpnomo': '0', 'filter2_slope': '0', 'filter2_frequency': '5469.41406', 'filter2_resonance': '0.7242063284', 'filter2_drive': '3.375', 'filter2_morph': '0', 'ampenv_attack_time': '0.000400000019', 'ampenv_decay_time': '6.56027508', 'ampenv_release_time': '0.01342003606', 'ampenv_attack_slope': '0', 'ampenv_decay_slope': '0.4761904478', 'ampenv_release_slope': '0.4375', 'ampenv_sustain': '1', 'ampenv_loopmode': '0', 'env2_attack_time': '0.0007450580597', 'env2_decay_time': '11.3111582', 'env2_release_time': '0.2562014461', 'env2_attack_slope': '0', 'env2_decay_slope': '1', 'env2_release_slope': '0.5', 'env2_sustain': '1', 'env2_initial_value': '0.09375', 'env2_peak_value': '0.7734375', 'env2_final_value': '0', 'env2_loopmode': '0', 'env3_attack_time': '0.06880767643', 'env3_decay_time': '3.84613323', 'env3_release_time': '0.5999999642', 'env3_attack_slope': '-0.171875', 'env3_decay_slope': '-0.34375', 'env3_release_slope': '0.5', 'env3_sustain': '0.53125', 'env3_initial_value': '0.4765625', 'env3_peak_value': '0.992307663', 'env3_final_value': '0', 'env3_loopmode': '0', 'lfo1_retrigger': 'true', 'lfo1_shape_type': '0', 'lfo1_amount': '0.28125', 'lfo1_shaping': '0.328125', 'lfo1_phase': '0', 'lfo1_sync': '1', 'lfo1_rate': '0.2076878995', 'lfo1_synced_rate': '1', 'lfo1_attack': '0.333596468', 'lfo2_retrigger': 'true', 'lfo2_shape_type': '0', 'lfo2_amount': '0.25', 'lfo2_shaping': '-0.078125', 'lfo2_phase': '0', 'lfo2_sync': '0', 'lfo2_rate': '0.4360215962', 'lfo2_synced_rate': '15', 'lfo2_attack': '0.2318394184', 'mod_time_scale': '-0.078125', 'mod_amount': '1', 'unison_mode': '6', 'unison_voices': '6', 'unison_amount': '0.5234375', 'global_transpose': '0', 'glide': '0.02471923828', 'filter_routing': '0', 'vol': '0.6226196289', 'polyphony': '0', 'poly_voices': '4', 'hq': 'false', 'mod_matrix': [['lfo2', 'osc1_wt_position', 1.0], ['vel', 'osc1_wt_position', 0.375], ['mod', 'osc1_wt_position', 0.03125], ['slide', 'osc1_wt_position', 0.03099999949], ['env2', 'osc1_effect1', 0.125], ['env3', 'osc1_effect1', -0.109375], ['lfo1', 'osc1_effect1', 0.09375], ['lfo2', 'osc1_effect1', -0.390625], ['vel', 'osc1_effect1', 0.28125], ['env2', 'osc1_effect2', 0.1875], ['env3', 'osc1_effect2', 0.28125], ['lfo1', 'osc1_effect2', -0.0625], ['vel', 'osc1_effect2', 0.484375], ['press', 'osc1_effect2', -0.21875], ['env2', 'filter1_frequency', 0.109375], ['env3', 'filter1_frequency', 0.921875], ['lfo1', 'filter1_frequency', -0.0625], ['lfo2', 'filter1_frequency', -0.125], ['vel', 'filter1_frequency', -0.390625], ['press', 'filter1_frequency', 0.625], ['mod', 'filter1_frequency', 0.21875], ['slide', 'filter1_frequency', 0.2199999988], ['env2', 'env2_attack_time', 0.1875], ['press', 'env2_attack_time', 0.5625], ['press', 'lfo1_amount', 0.34375], ['mod', 'lfo1_amount', 1.0], ['mod', 'lfo1_ratemod', 1.0], ['slide', 'lfo1_ratemod', 1.0], ['press', 'lfo2_amount', 0.703125], ['mod', 'lfo2_amount', 1.0], ['mod', 'lfo2_ratemod', 0.390625], ['slide', 'lfo2_ratemod', 0.3899999857], ['env2', 'unison_amount', -0.4375], ['env3', 'unison_amount', 0.578125], ['lfo1', 'unison_amount', 0.078125], ['lfo2', 'unison_amount', 0.265625], ['vel', 'unison_amount', 0.171875], ['press', 'unison_amount', 0.484375], ['mod', 'unison_amount', 0.125], ['vel', 'ampmod', 0.171875], ['press', 'ampmod', 0.171875], ['pitchbend', 'pitchmod', 0.04200005531], ['press', 'pitchmod', 0.001562476158], ['note_pitchbend', 'pitchmod', 1.0]]}"
Bass,Fragile,"A warm bass sound with a loose and jumpy feel. It should have a noisy low end presence with a few harmonics spread up until the mids, but noticeable avoid the distinct buzzing sound you get with saw waves. It should jump around in steps, almost like an echo. There should be a separate pulsating sound behind the main step-like jumping. The sound should have a quick attack then decay out with no sustain. There should be a lot of rumble in the low end, and it should sound wide and loose. ","{'wt1': 'Harmonics 4', 'wt2': 'Percusive Organ', 'osc1_on': 'true', 'osc1_pitch_transpose': '-12', 'osc1_pitch_detune': '0', 'osc1_wt_position': '0.5798319578', 'osc1_effect_mode': '2', 'osc1_effect1': '-0.02362203598', 'osc1_effect2': '1', 'osc1_pan': '0', 'osc1_gain': '0.7983193398', 'osc2_on': 'true', 'osc2_pitch_transpose': '0', 'osc2_pitch_detune': '0', 'osc2_wt_position': '0.008403361775', 'osc2_effect_mode': '1', 'osc2_effect1': '-1', 'osc2_effect2': '1', 'osc2_pan': '0', 'osc2_gain': '0.6302521229', 'sub_on': 'true', 'sub_tone': '0.4609375', 'sub_gain': '0.3981056809', 'sub_octave': '1', 'filter1_on': 'true', 'filter1_type': '1', 'filter1_circuit_lphp': '2', 'filter1_circuit_bpnomo': '0', 'filter1_slope': '0', 'filter1_frequency': '70.1779175', 'filter1_resonance': '0.4960317612', 'filter1_drive': '4.6875', 'filter1_morph': '0', 'filter2_on': 'true', 'filter2_type': '0', 'filter2_circuit_lphp': '2', 'filter2_circuit_bpnomo': '0', 'filter2_slope': '0', 'filter2_frequency': '11235.3965', 'filter2_resonance': '0.48828125', 'filter2_drive': '6.75', 'filter2_morph': '0', 'ampenv_attack_time': '0.001090839505', 'ampenv_decay_time': '0.6706793308', 'ampenv_release_time': '0.00159655232', 'ampenv_attack_slope': '0', 'ampenv_decay_slope': '0.5', 'ampenv_release_slope': '0.5', 'ampenv_sustain': '0', 'ampenv_loopmode': '2', 'env2_attack_time': '16.4540501', 'env2_decay_time': '1.90655506', 'env2_release_time': '0.5999999642', 'env2_attack_slope': '0', 'env2_decay_slope': '0.5', 'env2_release_slope': '0.5', 'env2_sustain': '0', 'env2_initial_value': '0', 'env2_peak_value': '1', 'env2_final_value': '0', 'env2_loopmode': '0', 'env3_attack_time': '1.413728', 'env3_decay_time': '13.402422', 'env3_release_time': '0.5999999642', 'env3_attack_slope': '0', 'env3_decay_slope': '0.5', 'env3_release_slope': '0.5', 'env3_sustain': '0.2890625', 'env3_initial_value': '0', 'env3_peak_value': '0.9902912378', 'env3_final_value': '0', 'env3_loopmode': '0', 'lfo1_retrigger': 'true', 'lfo1_shape_type': '4', 'lfo1_amount': '1', 'lfo1_shaping': '0.71875', 'lfo1_phase': '0', 'lfo1_sync': '1', 'lfo1_rate': '1.14697766', 'lfo1_synced_rate': '21', 'lfo1_attack': '0', 'lfo2_retrigger': 'true', 'lfo2_shape_type': '1', 'lfo2_amount': '1', 'lfo2_shaping': '0', 'lfo2_phase': '50.0000038', 'lfo2_sync': '1', 'lfo2_rate': '8.48587227', 'lfo2_synced_rate': '17', 'lfo2_attack': '0', 'mod_time_scale': '0.748031497', 'mod_amount': '1', 'unison_mode': '6', 'unison_voices': '5', 'unison_amount': '0.1328125', 'global_transpose': '12', 'glide': '0', 'filter_routing': '0', 'vol': '0.1650390625', 'polyphony': '1', 'poly_voices': '6', 'hq': 'false', 'mod_matrix': [['lfo1', 'osc1_wt_position', -0.796875], ['env2', 'osc1_effect1', 0.734375], ['mod', 'osc1_effect2', 1.0], ['lfo2', 'osc2_wt_position', 0.53125], ['lfo1', 'osc2_effect2', 0.671875], ['env3', 'filter2_frequency', -0.46875], ['vel', 'ampmod', 0.5], ['note', 'ampmod', -0.671875], ['pitchbend', 'pitchmod', 0.234375], ['note_pitchbend', 'pitchmod', 1.0]]}"
Bass,Yah Yah Mah,"A bass built out of formant wavetables, giving it a vocal quality, like a big robot trying to talk. It should be warm and loose with a lot of harmonic content shaped with a moving velocity dependent filter that has resonant peaks in both the lows and upper mids. The sound should be broad, and prioritize sounding wide over having impact. Noisy, unprofessional, detuned, boring.","{'wt1': 'FOF', 'wt2': 'Harsh Vowel', 'osc1_on': 'true', 'osc1_pitch_transpose': '0', 'osc1_pitch_detune': '-0.0546875', 'osc1_wt_position': '0.6386554837', 'osc1_effect_mode': '2', 'osc1_effect1': '0.28125', 'osc1_effect2': '0.015625', 'osc1_pan': '-0.234375', 'osc1_gain': '0.8739495873', 'osc2_on': 'true', 'osc2_pitch_transpose': '0', 'osc2_pitch_detune': '0.03125', 'osc2_wt_position': '0.571428597', 'osc2_effect_mode': '1', 'osc2_effect1': '0', 'osc2_effect2': '0.3984375', 'osc2_pan': '0.25', 'osc2_gain': '0.8571428657', 'sub_on': 'true', 'sub_tone': '0.734375', 'sub_gain': '0.484375', 'sub_octave': '1', 'filter1_on': 'true', 'filter1_type': '0', 'filter1_circuit_lphp': '2', 'filter1_circuit_bpnomo': '0', 'filter1_slope': '0', 'filter1_frequency': '190.790756', 'filter1_resonance': '0.6448412538', 'filter1_drive': '10.5', 'filter1_morph': '0', 'filter2_on': 'true', 'filter2_type': '1', 'filter2_circuit_lphp': '2', 'filter2_circuit_bpnomo': '0', 'filter2_slope': '0', 'filter2_frequency': '40.8900719', 'filter2_resonance': '0.2678571343', 'filter2_drive': '8.4375', 'filter2_morph': '0', 'ampenv_attack_time': '0.0007450580597', 'ampenv_decay_time': '7.45152235', 'ampenv_release_time': '0.002245002193', 'ampenv_attack_slope': '0.625', 'ampenv_decay_slope': '0.5', 'ampenv_release_slope': '0.46875', 'ampenv_sustain': '0.9384765625', 'ampenv_loopmode': '0', 'env2_attack_time': '0.0001788884401', 'env2_decay_time': '8.47572899', 'env2_release_time': '0.156843096', 'env2_attack_slope': '-0.4375', 'env2_decay_slope': '1', 'env2_release_slope': '0.5', 'env2_sustain': '0.9296875', 'env2_initial_value': '0.8671875', 'env2_peak_value': '0.65625', 'env2_final_value': '0', 'env2_loopmode': '0', 'env3_attack_time': '2.61910558', 'env3_decay_time': '2.43976021', 'env3_release_time': '0.08985137939', 'env3_attack_slope': '0', 'env3_decay_slope': '0.5882352591', 'env3_release_slope': '0.5', 'env3_sustain': '0.75', 'env3_initial_value': '0', 'env3_peak_value': '1', 'env3_final_value': '0', 'env3_loopmode': '0', 'lfo1_retrigger': 'true', 'lfo1_shape_type': '2', 'lfo1_amount': '1', 'lfo1_shaping': '-0.15625', 'lfo1_phase': '0', 'lfo1_sync': '1', 'lfo1_rate': '1.59588182', 'lfo1_synced_rate': '16', 'lfo1_attack': '0', 'lfo2_retrigger': 'true', 'lfo2_shape_type': '1', 'lfo2_amount': '1', 'lfo2_shaping': '0.546875', 'lfo2_phase': '0', 'lfo2_sync': '1', 'lfo2_rate': '3.75874996', 'lfo2_synced_rate': '16', 'lfo2_attack': '0', 'mod_time_scale': '0', 'mod_amount': '0.671875', 'unison_mode': '4', 'unison_voices': '2', 'unison_amount': '0.0390625', 'global_transpose': '0', 'glide': '0.05269654095', 'filter_routing': '0', 'vol': '0.1525878906', 'polyphony': '0', 'poly_voices': '6', 'hq': 'true', 'mod_matrix': [['env2', 'osc1_effect1', 0.046875], ['env3', 'osc1_effect1', -0.015625], ['lfo1', 'osc1_effect1', -0.28125], ['lfo2', 'osc1_effect1', 0.34375], ['mod', 'osc1_effect1', 0.359375], ['slide', 'osc1_effect1', 0.3600000143], ['lfo1', 'osc1_effect2', -0.015625], ['vel', 'osc1_effect2', 0.15625], ['env2', 'osc2_wt_position', -0.03125], ['lfo2', 'osc2_wt_position', 0.25], ['vel', 'osc2_wt_position', -0.375], ['env2', 'osc2_gain', 0.03125], ['lfo1', 'osc2_gain', 0.265625], ['lfo2', 'osc2_gain', 1.0], ['vel', 'osc2_gain', 0.171875], ['env2', 'filter1_frequency', 0.65625], ['lfo2', 'filter1_frequency', 0.078125], ['vel', 'filter1_frequency', -0.09375], ['mod', 'filter1_frequency', -0.265625], ['slide', 'filter1_frequency', -0.2700000107], ['vel', 'filter1_resonance', -0.265625], ['amp', 'filter2_frequency', 0.078125], ['env2', 'filter2_frequency', 0.046875], ['env3', 'filter2_frequency', 0.25], ['vel', 'filter2_frequency', 0.09312498569], ['env2', 'filter2_resonance', 0.859375], ['vel', 'filter2_resonance', 0.390625], ['mod', 'filter2_resonance', 0.75], ['slide', 'filter2_resonance', 0.75], ['env2', 'filter2_drive', 0.21875], ['lfo2', 'filter2_drive', 1.0], ['vel', 'filter2_drive', 0.59375], ['amp', 'lfo1_amount', 0.65625], ['env2', 'lfo1_amount', -0.21875], ['env3', 'lfo1_amount', 0.015625], ['mod', 'lfo1_amount', 1.0], ['amp', 'lfo2_amount', 0.859375], ['env2', 'lfo2_amount', 0.40625], ['env3', 'lfo2_amount', -0.28125], ['mod', 'lfo2_amount', 1.0], ['env2', 'ampmod', -0.03125], ['vel', 'ampmod', 0.5], ['env3', 'pitchmod', -0.0008999705315], ['pitchbend', 'pitchmod', 0.2400000095], ['note_pitchbend', 'pitchmod', 1.0]]}"
Bass,Jupiter Plus Bass,"An analog bass, warm, full, and controlled. I'm looking for something similar to the Jupiter Plus synth in particular. It should be a bit plucky with a quick attack, and I want it to feel very dynamic depending on the velocity of my keypress, with more harmonic content being allowed in the harder I press. The filters and envelopes need to all work together to help create that vintage, retro sound. The bass should be tight and have a bit of a dark character with a clean tone when played at low velocity, but with more and more of a saw-like midrange coming in the harder I press.","{'wt1': 'JUP Double Pulse', 'wt2': 'Brds Dual Saw', 'osc1_on': 'true', 'osc1_pitch_transpose': '0', 'osc1_pitch_detune': '-0.0390625', 'osc1_wt_position': '0.6554622054', 'osc1_effect_mode': '2', 'osc1_effect1': '0', 'osc1_effect2': '0', 'osc1_pan': '-0.234375', 'osc1_gain': '0.7058823705', 'osc2_on': 'true', 'osc2_pitch_transpose': '0', 'osc2_pitch_detune': '0.03125', 'osc2_wt_position': '0.6806722879', 'osc2_effect_mode': '1', 'osc2_effect1': '0', 'osc2_effect2': '0.2109375', 'osc2_pan': '0.4375', 'osc2_gain': '0.9243697524', 'sub_on': 'true', 'sub_tone': '0.859375', 'sub_gain': '0.4765625', 'sub_octave': '1', 'filter1_on': 'true', 'filter1_type': '0', 'filter1_circuit_lphp': '3', 'filter1_circuit_bpnomo': '0', 'filter1_slope': '0', 'filter1_frequency': '60.0985107', 'filter1_resonance': '0.4265873134', 'filter1_drive': '14.25', 'filter1_morph': '0', 'filter2_on': 'true', 'filter2_type': '1', 'filter2_circuit_lphp': '4', 'filter2_circuit_bpnomo': '0', 'filter2_slope': '0', 'filter2_frequency': '48.2237244', 'filter2_resonance': '0.3075396717', 'filter2_drive': '5.625', 'filter2_morph': '0', 'ampenv_attack_time': '0.0007450580597', 'ampenv_decay_time': '7.45152235', 'ampenv_release_time': '0.1132968962', 'ampenv_attack_slope': '0.625', 'ampenv_decay_slope': '0.5', 'ampenv_release_slope': '0.46875', 'ampenv_sustain': '0.9384765625', 'ampenv_loopmode': '0', 'env2_attack_time': '0.4170271754', 'env2_decay_time': '0.7341721654', 'env2_release_time': '0.156843096', 'env2_attack_slope': '1', 'env2_decay_slope': '1', 'env2_release_slope': '0.5', 'env2_sustain': '0.359375', 'env2_initial_value': '0.859375', 'env2_peak_value': '0.2149532735', 'env2_final_value': '0', 'env2_loopmode': '0', 'env3_attack_time': '2.35741043', 'env3_decay_time': '2.43976021', 'env3_release_time': '0.08985137939', 'env3_attack_slope': '0', 'env3_decay_slope': '0.5882352591', 'env3_release_slope': '0.5', 'env3_sustain': '0.75', 'env3_initial_value': '0.765625', 'env3_peak_value': '0.921875', 'env3_final_value': '0', 'env3_loopmode': '0', 'lfo1_retrigger': 'true', 'lfo1_shape_type': '2', 'lfo1_amount': '0.96875', 'lfo1_shaping': '-0.15625', 'lfo1_phase': '0', 'lfo1_sync': '1', 'lfo1_rate': '1.59588182', 'lfo1_synced_rate': '13', 'lfo1_attack': '0', 'lfo2_retrigger': 'true', 'lfo2_shape_type': '1', 'lfo2_amount': '1', 'lfo2_shaping': '0.546875', 'lfo2_phase': '0', 'lfo2_sync': '1', 'lfo2_rate': '3.75874996', 'lfo2_synced_rate': '14', 'lfo2_attack': '0', 'mod_time_scale': '0', 'mod_amount': '0.4375', 'unison_mode': '1', 'unison_voices': '3', 'unison_amount': '0.03125', 'global_transpose': '0', 'glide': '0.01745343208', 'filter_routing': '0', 'vol': '0.1026000977', 'polyphony': '0', 'poly_voices': '6', 'hq': 'false', 'mod_matrix': [['amp', 'osc1_wt_position', 0.4375], ['env2', 'osc1_wt_position', -0.5], ['vel', 'osc1_wt_position', 0.328125], ['amp', 'osc1_effect1', 0.265625], ['env2', 'osc1_effect1', -0.578125], ['env3', 'osc1_effect1', -0.015625], ['lfo2', 'osc1_effect1', -0.734375], ['mod', 'osc1_effect1', 0.2400000095], ['slide', 'osc1_effect1', 0.2399999946], ['lfo1', 'osc1_effect2', -0.015625], ['vel', 'osc1_effect2', 0.15625], ['amp', 'osc2_wt_position', 0.125], ['env2', 'osc2_wt_position', 0.53125], ['lfo1', 'osc2_wt_position', 0.203125], ['lfo2', 'osc2_wt_position', 0.875], ['vel', 'osc2_wt_position', 0.109375], ['vel', 'osc2_pan', 0.109375], ['env2', 'osc2_gain', 0.03125], ['env3', 'osc2_gain', 0.140625], ['lfo1', 'osc2_gain', 0.265625], ['lfo2', 'osc2_gain', -0.140625], ['vel', 'osc2_gain', 0.59375], ['mod', 'osc2_gain', -1.0], ['amp', 'filter1_frequency', -0.09375], ['env2', 'filter1_frequency', 0.65625], ['env3', 'filter1_frequency', 0.4375], ['lfo2', 'filter1_frequency', 0.078125], ['vel', 'filter1_frequency', 0.296875], ['note', 'filter1_frequency', 0.6723403931], ['press', 'filter1_frequency', 0.078125], ['mod', 'filter1_frequency', 0.109375], ['slide', 'filter1_frequency', 0.1099999994], ['amp', 'filter1_resonance', 0.234375], ['env2', 'filter1_resonance', 0.015625], ['env3', 'filter1_resonance', -0.0625], ['vel', 'filter1_resonance', -0.296875], ['note', 'filter1_resonance', -0.21875], ['press', 'filter1_resonance', 0.46875], ['amp', 'filter2_frequency', -0.125], ['env3', 'filter2_frequency', 0.09375], ['vel', 'filter2_frequency', 0.109375], ['mod', 'filter2_frequency', 0.21875], ['slide', 'filter2_frequency', 0.2199999988], ['env2', 'filter2_resonance', 0.859375], ['vel', 'filter2_resonance', 0.375], ['mod', 'filter2_resonance', -0.234375], ['slide', 'filter2_resonance', -0.2300000042], ['amp', 'filter2_drive', 0.46875], ['env2', 'filter2_drive', 0.046875], ['lfo2', 'filter2_drive', 1.0], ['vel', 'filter2_drive', 0.671875], ['note', 'filter2_drive', 0.03125], ['press', 'filter2_drive', 0.25], ['amp', 'lfo1_amount', 0.65625], ['env2', 'lfo1_amount', -0.21875], ['env3', 'lfo1_amount', 0.015625], ['mod', 'lfo1_amount', 1.0], ['amp', 'lfo2_amount', 0.859375], ['env2', 'lfo2_amount', 0.40625], ['env3', 'lfo2_amount', -0.28125], ['mod', 'lfo2_amount', 1.0], ['env2', 'ampmod', -0.03125], ['vel', 'ampmod', 0.453125], ['env3', 'pitchmod', -0.0008999705315], ['vel', 'pitchmod', 0.0006999969482], ['pitchbend', 'pitchmod', 0.01999998093], ['note_pitchbend', 'pitchmod', 1.0]]}"
Bass,The Hunter,"A versatile, balanced, and heavily engineered bass sound with an interesting timbre and plenty of low end presence delivered in a controlled way. The filters should work together with the velocity modulation for extra expressiveness, creating a richer sound with more low and high end when played louder. The sound should be warm, analog yet modern, full, comfortable, and exude a professional quality, like a bass that might show up on a chart topping pop song with expert producers, or a synthwave track with an undiscovered sound design expert.","{'wt1': 'Modern Sweep 1', 'wt2': 'JX10 Sync', 'osc1_on': 'true', 'osc1_pitch_transpose': '0', 'osc1_pitch_detune': '0', 'osc1_wt_position': '0.4033613503', 'osc1_effect_mode': '2', 'osc1_effect1': '0', 'osc1_effect2': '0', 'osc1_pan': '-0.46875', 'osc1_gain': '0.9411764741', 'osc2_on': 'true', 'osc2_pitch_transpose': '-12', 'osc2_pitch_detune': '0', 'osc2_wt_position': '0.420168072', 'osc2_effect_mode': '0', 'osc2_effect1': '0', 'osc2_effect2': '0', 'osc2_pan': '0.0625', 'osc2_gain': '0.7394958138', 'sub_on': 'true', 'sub_tone': '0.75', 'sub_gain': '0.359375', 'sub_octave': '1', 'filter1_on': 'true', 'filter1_type': '0', 'filter1_circuit_lphp': '4', 'filter1_circuit_bpnomo': '0', 'filter1_slope': '0', 'filter1_frequency': '225.04425', 'filter1_resonance': '0.419921875', 'filter1_drive': '11.625', 'filter1_morph': '0', 'filter2_on': 'true', 'filter2_type': '1', 'filter2_circuit_lphp': '0', 'filter2_circuit_bpnomo': '0', 'filter2_slope': '0', 'filter2_frequency': '137.15863', 'filter2_resonance': '0.555555582', 'filter2_drive': '0', 'filter2_morph': '0', 'ampenv_attack_time': '0.001099999994', 'ampenv_decay_time': '0.5999999642', 'ampenv_release_time': '0.04109247029', 'ampenv_attack_slope': '0.859375', 'ampenv_decay_slope': '0.5', 'ampenv_release_slope': '-0.3125', 'ampenv_sustain': '0.9084472656', 'ampenv_loopmode': '0', 'env2_attack_time': '0', 'env2_decay_time': '0.5', 'env2_release_time': '0.5462170243', 'env2_attack_slope': '-0.234375', 'env2_decay_slope': '-0.703125', 'env2_release_slope': '0.578125', 'env2_sustain': '0.953125', 'env2_initial_value': '0.71875', 'env2_peak_value': '0.9921875', 'env2_final_value': '0', 'env2_loopmode': '0', 'env3_attack_time': '1.25', 'env3_decay_time': '0.5999999642', 'env3_release_time': '0.6832236052', 'env3_attack_slope': '0', 'env3_decay_slope': '0.5', 'env3_release_slope': '0.5', 'env3_sustain': '0.5', 'env3_initial_value': '0', 'env3_peak_value': '0.921875', 'env3_final_value': '0', 'env3_loopmode': '0', 'lfo1_retrigger': 'true', 'lfo1_shape_type': '3', 'lfo1_amount': '1', 'lfo1_shaping': '0', 'lfo1_phase': '0', 'lfo1_sync': '1', 'lfo1_rate': '0.9999999404', 'lfo1_synced_rate': '15', 'lfo1_attack': '0', 'lfo2_retrigger': 'true', 'lfo2_shape_type': '0', 'lfo2_amount': '0.9921875', 'lfo2_shaping': '1', 'lfo2_phase': '0', 'lfo2_sync': '1', 'lfo2_rate': '0.9999999404', 'lfo2_synced_rate': '6', 'lfo2_attack': '0', 'mod_time_scale': '0', 'mod_amount': '1', 'unison_mode': '6', 'unison_voices': '2', 'unison_amount': '0.3984375', 'global_transpose': '0', 'glide': '0.200000003', 'filter_routing': '0', 'vol': '0.2578735352', 'polyphony': '0', 'poly_voices': '6', 'hq': 'false', 'mod_matrix': [['env2', 'osc1_wt_position', 0.640625], ['env3', 'osc1_wt_position', 0.03125], ['lfo1', 'osc1_wt_position', 0.484375], ['lfo2', 'osc1_wt_position', 0.0625], ['vel', 'osc1_wt_position', -0.34375], ['press', 'osc1_wt_position', 0.5], ['mod', 'osc1_wt_position', -0.625], ['slide', 'osc1_wt_position', -0.6200000048], ['env2', 'osc1_pan', -0.140625], ['env3', 'osc1_pan', -0.140625], ['vel', 'osc1_pan', -0.375], ['mod', 'osc1_pan', 0.40625], ['slide', 'osc1_pan', 0.4099999964], ['lfo1', 'osc2_wt_position', 0.09375], ['lfo2', 'osc2_wt_position', 0.0625], ['press', 'osc2_wt_position', -0.421875], ['lfo1', 'osc2_effect1', 0.09375], ['lfo2', 'osc2_effect1', -0.21875], ['vel', 'osc2_effect1', 0.15625], ['press', 'osc2_effect1', -0.3125], ['env2', 'osc2_pan', 0.0625], ['vel', 'osc2_pan', 0.125], ['mod', 'osc2_pan', -0.359375], ['slide', 'osc2_pan', -0.3600000143], ['amp', 'filter1_frequency', 0.109375], ['env2', 'filter1_frequency', 0.09375], ['env3', 'filter1_frequency', 0.375], ['lfo1', 'filter1_frequency', 0.046875], ['vel', 'filter1_frequency', 0.125], ['press', 'filter1_frequency', 0.25], ['mod', 'filter1_frequency', -0.28125], ['slide', 'filter1_frequency', -0.2800000012], ['mod', 'filter1_resonance', 0.453125], ['slide', 'filter1_resonance', 0.4499999881], ['vel', 'filter1_drive', 0.109375], ['press', 'filter1_drive', 0.21875], ['vel', 'filter2_frequency', -0.296875], ['mod', 'filter2_frequency', 0.109375], ['slide', 'filter2_frequency', 0.1099999994], ['mod', 'filter2_resonance', 0.046875], ['slide', 'filter2_resonance', 0.04699999839], ['mod', 'lfo1_amount', 1.0], ['mod', 'lfo1_ratemod', 0.296875], ['slide', 'lfo1_ratemod', 0.3000000119], ['mod', 'lfo2_amount', 1.0], ['lfo1', 'lfo2_ratemod', -0.03125], ['mod', 'lfo2_ratemod', 0.296875], ['slide', 'lfo2_ratemod', 0.3000000119], ['mod', 'mod_amount', 0.28125], ['amp', 'ampmod', -0.140625], ['env2', 'ampmod', -0.09375], ['env3', 'ampmod', 0.3125], ['vel', 'ampmod', 0.004999995232], ['pitchbend', 'pitchmod', 0.04666662216], ['note_pitchbend', 'pitchmod', 1.0]]}"
Bass,Forceful Ambition,"I want a gritty, in-your-face bass sound. It should have immediate impact then have the sub frequencies come in over time. There should be a lot of noisy harmonic content from FM synthesis, giving a forceful, aggressive, and powerful sound. The sound should work in heavy dnb, or dubstep. It should be heavily distorted, like blown out speakers, have a ton of presence and demand attention.","{'wt1': 'Bitten Filter', 'wt2': 'Sub 3', 'osc1_on': 'true', 'osc1_pitch_transpose': '0', 'osc1_pitch_detune': '0', 'osc1_wt_position': '0.2268907577', 'osc1_effect_mode': '1', 'osc1_effect1': '-0.140625', 'osc1_effect2': '0', 'osc1_pan': '-0.3125', 'osc1_gain': '0.8151260614', 'osc2_on': 'true', 'osc2_pitch_transpose': '0', 'osc2_pitch_detune': '0', 'osc2_wt_position': '0.2184873968', 'osc2_effect_mode': '1', 'osc2_effect1': '0', 'osc2_effect2': '0.2734375', 'osc2_pan': '0.203125', 'osc2_gain': '0.8151260614', 'sub_on': 'true', 'sub_tone': '0.6796875', 'sub_gain': '0.8203125', 'sub_octave': '1', 'filter1_on': 'true', 'filter1_type': '0', 'filter1_circuit_lphp': '4', 'filter1_circuit_bpnomo': '0', 'filter1_slope': '1', 'filter1_frequency': '4388.98486', 'filter1_resonance': '0.4417322576', 'filter1_drive': '16.6875', 'filter1_morph': '0', 'filter2_on': 'true', 'filter2_type': '1', 'filter2_circuit_lphp': '4', 'filter2_circuit_bpnomo': '0', 'filter2_slope': '1', 'filter2_frequency': '144.916458', 'filter2_resonance': '0.7670454979', 'filter2_drive': '10.125', 'filter2_morph': '0', 'ampenv_attack_time': '0.001128335833', 'ampenv_decay_time': '0.5999999642', 'ampenv_release_time': '0.156843096', 'ampenv_attack_slope': '0.71875', 'ampenv_decay_slope': '0.5', 'ampenv_release_slope': '0.5', 'ampenv_sustain': '0.6729125977', 'ampenv_loopmode': '0', 'env2_attack_time': '0.3955078125', 'env2_decay_time': '2.16235757', 'env2_release_time': '0.5462170243', 'env2_attack_slope': '0.7024793625', 'env2_decay_slope': '0', 'env2_release_slope': '0.5', 'env2_sustain': '0.4296875', 'env2_initial_value': '0', 'env2_peak_value': '0.8769230843', 'env2_final_value': '0', 'env2_loopmode': '0', 'env3_attack_time': '2.48567581', 'env3_decay_time': '7.66029549', 'env3_release_time': '0.2333220392', 'env3_attack_slope': '0.3692307472', 'env3_decay_slope': '0.5', 'env3_release_slope': '0.5', 'env3_sustain': '0.4453125', 'env3_initial_value': '0', 'env3_peak_value': '0.8692307472', 'env3_final_value': '0', 'env3_loopmode': '0', 'lfo1_retrigger': 'true', 'lfo1_shape_type': '4', 'lfo1_amount': '1', 'lfo1_shaping': '-0.046875', 'lfo1_phase': '2.8125', 'lfo1_sync': '1', 'lfo1_rate': '17.5285397', 'lfo1_synced_rate': '10', 'lfo1_attack': '0', 'lfo2_retrigger': 'true', 'lfo2_shape_type': '3', 'lfo2_amount': '1', 'lfo2_shaping': '0.1875', 'lfo2_phase': '42.1875', 'lfo2_sync': '1', 'lfo2_rate': '1.73247743', 'lfo2_synced_rate': '7', 'lfo2_attack': '0', 'mod_time_scale': '-0.5', 'mod_amount': '1.234375', 'unison_mode': '2', 'unison_voices': '2', 'unison_amount': '0.140625', 'global_transpose': '0', 'glide': '0.078125', 'filter_routing': '0', 'vol': '0.1122018695', 'polyphony': '0', 'poly_voices': '6', 'hq': 'false', 'mod_matrix': [['amp', 'osc1_wt_position', 0.25], ['env2', 'osc1_wt_position', 0.703125], ['lfo1', 'osc1_wt_position', 0.484375], ['lfo2', 'osc1_wt_position', 0.390625], ['vel', 'osc1_wt_position', -0.671875], ['amp', 'osc2_wt_position', 0.453125], ['env2', 'osc2_wt_position', 0.734375], ['env3', 'osc2_wt_position', 0.09375], ['vel', 'osc2_wt_position', -0.625], ['mod', 'osc2_wt_position', 0.171875], ['slide', 'osc2_wt_position', 0.1700000018], ['amp', 'filter1_frequency', 0.28125], ['env3', 'filter1_frequency', 0.578125], ['lfo1', 'filter1_frequency', 0.234375], ['lfo2', 'filter1_frequency', 0.375], ['vel', 'filter1_frequency', -0.375], ['pitchbend', 'filter1_frequency', -0.1875], ['mod', 'filter1_frequency', -0.34375], ['slide', 'filter1_frequency', -0.3400000036], ['amp', 'filter2_frequency', -0.390625], ['env2', 'filter2_frequency', 0.515625], ['lfo1', 'filter2_frequency', 0.328125], ['lfo2', 'filter2_frequency', -0.234375], ['vel', 'filter2_frequency', -0.1875], ['pitchbend', 'filter2_frequency', 0.0625], ['mod', 'filter2_frequency', -0.265625], ['slide', 'filter2_frequency', -0.2700000107], ['mod', 'lfo1_amount', 1.0], ['mod', 'lfo1_ratemod', -0.328125], ['slide', 'lfo1_ratemod', -0.3300000131], ['env3', 'lfo2_amount', 0.21875], ['lfo1', 'lfo2_amount', 0.1875], ['mod', 'lfo2_amount', 1.0], ['mod', 'lfo2_ratemod', 0.46875], ['slide', 'lfo2_ratemod', 0.4699999988], ['lfo1', 'unison_amount', 0.5], ['lfo2', 'unison_amount', 0.203125], ['mod', 'unison_amount', -0.125], ['amp', 'ampmod', 0.25], ['env3', 'ampmod', 0.125], ['vel', 'ampmod', 0.5], ['pitchbend', 'pitchmod', 0.2400000095], ['press', 'pitchmod', 0.046875], ['note_pitchbend', 'pitchmod', 1.0]]}"
Bass,Upward Flight,"A bass that is defined by a lp filter slowly increasing to reveal more fm harmonics as a bit crushed wavetable sweeps through positions. The sound should be controlled, warm, and comfortable, then evolve to give more mids and highs as a note is held, evoking feelings of ascending to heaven on an upward flight. The lp sweep should be controlled by envelopes, and there should be separate LFOs to create subtle movement to the sound. If played with a tight short duration bassline it should be very plucky and basic, low end presence and very contained and controlled tone.","{'wt1': 'Bit Ring', 'wt2': 'FM Harmonics', 'osc1_on': 'true', 'osc1_pitch_transpose': '0', 'osc1_pitch_detune': '0', 'osc1_wt_position': '0', 'osc1_effect_mode': '0', 'osc1_effect1': '0', 'osc1_effect2': '0', 'osc1_pan': '0', 'osc1_gain': '0.6666666865', 'osc2_on': 'true', 'osc2_pitch_transpose': '0', 'osc2_pitch_detune': '0', 'osc2_wt_position': '0.6436781883', 'osc2_effect_mode': '1', 'osc2_effect1': '0.109375', 'osc2_effect2': '0', 'osc2_pan': '0', 'osc2_gain': '0.712643683', 'sub_on': 'true', 'sub_tone': '0.25', 'sub_gain': '0.503937006', 'sub_octave': '1', 'filter1_on': 'true', 'filter1_type': '0', 'filter1_circuit_lphp': '4', 'filter1_circuit_bpnomo': '0', 'filter1_slope': '1', 'filter1_frequency': '1923.14661', 'filter1_resonance': '0.5357142687', 'filter1_drive': '11.0625', 'filter1_morph': '0', 'filter2_on': 'true', 'filter2_type': '4', 'filter2_circuit_lphp': '0', 'filter2_circuit_bpnomo': '0', 'filter2_slope': '1', 'filter2_frequency': '129.818741', 'filter2_resonance': '0.6051587462', 'filter2_drive': '0', 'filter2_morph': '0.0234375', 'ampenv_attack_time': '0.001544952393', 'ampenv_decay_time': '0.5999999642', 'ampenv_release_time': '0.3350714743', 'ampenv_attack_slope': '0.71875', 'ampenv_decay_slope': '0.5', 'ampenv_release_slope': '0.5', 'ampenv_sustain': '0.5625', 'ampenv_loopmode': '0', 'env2_attack_time': '17.9504948', 'env2_decay_time': '2.16235757', 'env2_release_time': '1.17509913', 'env2_attack_slope': '0.7024793625', 'env2_decay_slope': '0', 'env2_release_slope': '0.5', 'env2_sustain': '0.453125', 'env2_initial_value': '0', 'env2_peak_value': '0.8769230843', 'env2_final_value': '0', 'env2_loopmode': '0', 'env3_attack_time': '20', 'env3_decay_time': '7.66029549', 'env3_release_time': '0.5999999642', 'env3_attack_slope': '0.3692307472', 'env3_decay_slope': '0.5', 'env3_release_slope': '0.5', 'env3_sustain': '0.3076923192', 'env3_initial_value': '0', 'env3_peak_value': '0.8692307472', 'env3_final_value': '0', 'env3_loopmode': '0', 'lfo1_retrigger': 'true', 'lfo1_shape_type': '1', 'lfo1_amount': '1', 'lfo1_shaping': '0', 'lfo1_phase': '0', 'lfo1_sync': '0', 'lfo1_rate': '17.5285397', 'lfo1_synced_rate': '2', 'lfo1_attack': '0.003771856427', 'lfo2_retrigger': 'true', 'lfo2_shape_type': '0', 'lfo2_amount': '0.78125', 'lfo2_shaping': '0', 'lfo2_phase': '0', 'lfo2_sync': '0', 'lfo2_rate': '1.73247743', 'lfo2_synced_rate': '9', 'lfo2_attack': '0.001544952393', 'mod_time_scale': '0', 'mod_amount': '1', 'unison_mode': '1', 'unison_voices': '3', 'unison_amount': '0.859375', 'global_transpose': '-12', 'glide': '0.1999999881', 'filter_routing': '0', 'vol': '0.2124633789', 'polyphony': '0', 'poly_voices': '6', 'hq': 'false', 'mod_matrix': [['env2', 'osc1_wt_position', 0.703125], ['lfo1', 'osc1_wt_position', 0.484375], ['lfo2', 'osc1_wt_position', 0.390625], ['vel', 'osc1_wt_position', 0.609375], ['env3', 'filter1_frequency', 0.578125], ['vel', 'filter1_frequency', 0.03125], ['press', 'filter1_frequency', 0.375], ['mod', 'filter1_frequency', 0.328125], ['slide', 'filter1_frequency', 0.3300000131], ['env2', 'filter2_frequency', 0.21875], ['lfo1', 'filter2_frequency', 0.453125], ['vel', 'filter2_frequency', 0.265625], ['press', 'filter2_frequency', 0.171875], ['mod', 'lfo1_amount', 1.0], ['mod', 'lfo2_amount', 1.0], ['vel', 'unison_amount', 0.140625], ['mod', 'unison_amount', -1.0], ['vel', 'ampmod', 0.5], ['pitchbend', 'pitchmod', 0.04666662216], ['note_pitchbend', 'pitchmod', 1.0]]}"
Bass,Pendulum,"I want a playful bass sound with a metallic character and a huge pulsating filter sweep, like a pendulum. The sound should be built from FM synthesis and have a resonant and hollow tone. The pulsating modulation should be very consistent and hypnotic, like watching a pendulum. It should also double as a metallic pluck bass if played with short note duration. When notes are extended and the hypnotic pendulum effect is activated it should create a psychedelic experience.","{'wt1': 'Copper', 'wt2': 'Resonant 1', 'osc1_on': 'true', 'osc1_pitch_transpose': '0', 'osc1_pitch_detune': '0', 'osc1_wt_position': '0.7394958138', 'osc1_effect_mode': '1', 'osc1_effect1': '1', 'osc1_effect2': '1', 'osc1_pan': '0', 'osc1_gain': '0.731092453', 'osc2_on': 'true', 'osc2_pitch_transpose': '-12', 'osc2_pitch_detune': '0', 'osc2_wt_position': '0.3025210202', 'osc2_effect_mode': '1', 'osc2_effect1': '1', 'osc2_effect2': '0.1328125', 'osc2_pan': '0', 'osc2_gain': '0.3529411852', 'sub_on': 'true', 'sub_tone': '0.4609375', 'sub_gain': '0.5', 'sub_octave': '2', 'filter1_on': 'true', 'filter1_type': '1', 'filter1_circuit_lphp': '2', 'filter1_circuit_bpnomo': '0', 'filter1_slope': '0', 'filter1_frequency': '56.4193344', 'filter1_resonance': '0.4960317612', 'filter1_drive': '4.6875', 'filter1_morph': '0', 'filter2_on': 'true', 'filter2_type': '0', 'filter2_circuit_lphp': '2', 'filter2_circuit_bpnomo': '0', 'filter2_slope': '0', 'filter2_frequency': '8493.05273', 'filter2_resonance': '0.48828125', 'filter2_drive': '6.75', 'filter2_morph': '0', 'ampenv_attack_time': '0', 'ampenv_decay_time': '20', 'ampenv_release_time': '0.06429543346', 'ampenv_attack_slope': '0', 'ampenv_decay_slope': '0.5', 'ampenv_release_slope': '0.5', 'ampenv_sustain': '0.1714477539', 'ampenv_loopmode': '2', 'env2_attack_time': '0', 'env2_decay_time': '0.001519072102', 'env2_release_time': '0.001500000013', 'env2_attack_slope': '0', 'env2_decay_slope': '0.5', 'env2_release_slope': '0.5', 'env2_sustain': '0', 'env2_initial_value': '0.9902912378', 'env2_peak_value': '1', 'env2_final_value': '0', 'env2_loopmode': '2', 'env3_attack_time': '0', 'env3_decay_time': '0.2942157686', 'env3_release_time': '0.5999999642', 'env3_attack_slope': '0', 'env3_decay_slope': '0.5', 'env3_release_slope': '0.5', 'env3_sustain': '0.6213592291', 'env3_initial_value': '1', 'env3_peak_value': '0', 'env3_final_value': '0', 'env3_loopmode': '2', 'lfo1_retrigger': 'true', 'lfo1_shape_type': '4', 'lfo1_amount': '1', 'lfo1_shaping': '0.71875', 'lfo1_phase': '0', 'lfo1_sync': '1', 'lfo1_rate': '1.14697766', 'lfo1_synced_rate': '6', 'lfo1_attack': '0', 'lfo2_retrigger': 'true', 'lfo2_shape_type': '3', 'lfo2_amount': '0.390625', 'lfo2_shaping': '0', 'lfo2_phase': '50.0000038', 'lfo2_sync': '1', 'lfo2_rate': '8.48587227', 'lfo2_synced_rate': '17', 'lfo2_attack': '0.04579544067', 'mod_time_scale': '0.5', 'mod_amount': '2', 'unison_mode': '6', 'unison_voices': '3', 'unison_amount': '0.2265625', 'global_transpose': '12', 'glide': '0.001544952393', 'filter_routing': '0', 'vol': '0.2422485352', 'polyphony': '0', 'poly_voices': '6', 'hq': 'false', 'mod_matrix': [['lfo1', 'osc1_wt_position', 0.859375], ['lfo2', 'osc1_wt_position', -1.0], ['env2', 'osc1_effect1', 0.734375], ['mod', 'osc1_effect2', -1.0], ['lfo2', 'osc2_wt_position', 0.328125], ['lfo1', 'osc2_effect2', 0.671875], ['env3', 'filter2_frequency', -0.46875], ['lfo2', 'unison_amount', 0.8125], ['mod', 'unison_amount', 1.0], ['vel', 'ampmod', 0.5], ['note', 'ampmod', -0.671875], ['pitchbend', 'pitchmod', 0.234375], ['note_pitchbend', 'pitchmod', 1.0]]}"
Bass,Before The Plunge,"I want a gritty, noisy, harsh, and crackling bass. It should have a lot of bite and be built off of a saw wave and formant wavetables with a bit of FM synthesis. The sound should be pretty wide and a little bit hollow, like its lacking a bit of low end presence in exchange for more prominence in the mids. There should be that distinctive buzzing sound from the saw wave and a bit of movement from a filter sweep. The sound should be able to double as a lead if played in the upper register, giving a lot of energy and harmonic content to the track, with a sound reminiscent of a distorted electric guitar solo passed through a bit crusher.","{'wt1': 'Saw PW Bass', 'wt2': 'Harsh Vowel', 'osc1_on': 'true', 'osc1_pitch_transpose': '0', 'osc1_pitch_detune': '-0.125', 'osc1_wt_position': '0.2941176593', 'osc1_effect_mode': '2', 'osc1_effect1': '0', 'osc1_effect2': '0', 'osc1_pan': '-0.125', 'osc1_gain': '0.8739495873', 'osc2_on': 'true', 'osc2_pitch_transpose': '0', 'osc2_pitch_detune': '0', 'osc2_wt_position': '0.210084036', 'osc2_effect_mode': '1', 'osc2_effect1': '0', 'osc2_effect2': '0.15625', 'osc2_pan': '0.15625', 'osc2_gain': '0.4117647111', 'sub_on': 'true', 'sub_tone': '0.734375', 'sub_gain': '0.2890625', 'sub_octave': '1', 'filter1_on': 'true', 'filter1_type': '0', 'filter1_circuit_lphp': '2', 'filter1_circuit_bpnomo': '0', 'filter1_slope': '0', 'filter1_frequency': '605.746033', 'filter1_resonance': '1.00198412', 'filter1_drive': '19.125', 'filter1_morph': '0', 'filter2_on': 'true', 'filter2_type': '1', 'filter2_circuit_lphp': '2', 'filter2_circuit_bpnomo': '0', 'filter2_slope': '0', 'filter2_frequency': '280.423279', 'filter2_resonance': '0.7341270447', 'filter2_drive': '17.4375', 'filter2_morph': '0', 'ampenv_attack_time': '0.0007450580597', 'ampenv_decay_time': '7.45152235', 'ampenv_release_time': '0.002245002193', 'ampenv_attack_slope': '0.625', 'ampenv_decay_slope': '0.5', 'ampenv_release_slope': '0.46875', 'ampenv_sustain': '0.9384765625', 'ampenv_loopmode': '0', 'env2_attack_time': '0.6335270405', 'env2_decay_time': '8.47572899', 'env2_release_time': '0.01598887704', 'env2_attack_slope': '-0.4375', 'env2_decay_slope': '1', 'env2_release_slope': '0.5', 'env2_sustain': '0.203125', 'env2_initial_value': '0.1875', 'env2_peak_value': '1', 'env2_final_value': '0', 'env2_loopmode': '0', 'env3_attack_time': '0', 'env3_decay_time': '2.43976021', 'env3_release_time': '0.08985137939', 'env3_attack_slope': '0', 'env3_decay_slope': '0.5882352591', 'env3_release_slope': '0.5', 'env3_sustain': '0.5390625', 'env3_initial_value': '0', 'env3_peak_value': '1', 'env3_final_value': '0', 'env3_loopmode': '0', 'lfo1_retrigger': 'true', 'lfo1_shape_type': '2', 'lfo1_amount': '1', 'lfo1_shaping': '-0.15625', 'lfo1_phase': '0', 'lfo1_sync': '1', 'lfo1_rate': '1.59588182', 'lfo1_synced_rate': '16', 'lfo1_attack': '0', 'lfo2_retrigger': 'true', 'lfo2_shape_type': '1', 'lfo2_amount': '1', 'lfo2_shaping': '0.546875', 'lfo2_phase': '0', 'lfo2_sync': '1', 'lfo2_rate': '3.75874996', 'lfo2_synced_rate': '16', 'lfo2_attack': '0', 'mod_time_scale': '0', 'mod_amount': '0.671875', 'unison_mode': '4', 'unison_voices': '2', 'unison_amount': '0.0078125', 'global_transpose': '0', 'glide': '0.09956479073', 'filter_routing': '0', 'vol': '0.1076660156', 'polyphony': '0', 'poly_voices': '6', 'hq': 'true', 'mod_matrix': [['env3', 'osc1_effect1', -0.015625], ['mod', 'osc1_effect1', 0.359375], ['slide', 'osc1_effect1', 0.3600000143], ['lfo1', 'osc1_effect2', -0.015625], ['vel', 'osc1_effect2', 0.15625], ['press', 'osc1_effect2', 0.546875], ['env2', 'osc2_wt_position', -0.03125], ['lfo2', 'osc2_wt_position', 0.25], ['vel', 'osc2_wt_position', 0.40625], ['press', 'osc2_wt_position', -0.78125], ['env2', 'osc2_gain', 0.03125], ['lfo1', 'osc2_gain', 0.265625], ['lfo2', 'osc2_gain', 1.0], ['vel', 'osc2_gain', 0.171875], ['env2', 'filter1_frequency', 0.65625], ['lfo1', 'filter1_frequency', 0.34375], ['lfo2', 'filter1_frequency', 0.078125], ['vel', 'filter1_frequency', 0.09375], ['press', 'filter1_frequency', 0.125], ['mod', 'filter1_frequency', -0.265625], ['slide', 'filter1_frequency', -0.2700000107], ['vel', 'filter2_resonance', 0.15625], ['mod', 'filter2_resonance', 0.75], ['slide', 'filter2_resonance', 0.75], ['env2', 'filter2_drive', 0.21875], ['lfo2', 'filter2_drive', 1.0], ['mod', 'lfo1_amount', 1.0], ['mod', 'lfo2_amount', 1.0], ['env2', 'ampmod', -0.03125], ['vel', 'ampmod', 0.5], ['env3', 'pitchmod', -0.0008999705315], ['pitchbend', 'pitchmod', 0.2400000095], ['note_pitchbend', 'pitchmod', 1.0]]}"
Bass,Slider Deep Bass,"A very deep pluck bass with a huge, warm tone that dominates the low end. The bass should be good for a deep house song. It should be meticulously designed to give a deep, pure tone in the lows while also having enough extension and harmonic content in the mids to establish presence without being overbearing. Built from a vintage saw wave and white noise with FM, but then sculpted back to maintain that clean, highly technical approach that a lot of progressive house is known for. The overall sound should be fairly simple and pure, but exude a highly professional quality. Reminiscent of deadmau5, Against All Logic.","{'wt1': 'Logue Saw', 'wt2': 'White Noise', 'osc1_on': 'true', 'osc1_pitch_transpose': '0', 'osc1_pitch_detune': '-0.03125', 'osc1_wt_position': '0', 'osc1_effect_mode': '1', 'osc1_effect1': '0', 'osc1_effect2': '0.1328125', 'osc1_pan': '-0.15625', 'osc1_gain': '0.8655462265', 'osc2_on': 'true', 'osc2_pitch_transpose': '0', 'osc2_pitch_detune': '0.0703125', 'osc2_wt_position': '0.4621848762', 'osc2_effect_mode': '1', 'osc2_effect1': '-0.015625', 'osc2_effect2': '0.0234375', 'osc2_pan': '0.203125', 'osc2_gain': '0.7563025355', 'sub_on': 'true', 'sub_tone': '0.265625', 'sub_gain': '0.609375', 'sub_octave': '1', 'filter1_on': 'true', 'filter1_type': '0', 'filter1_circuit_lphp': '2', 'filter1_circuit_bpnomo': '0', 'filter1_slope': '1', 'filter1_frequency': '38.7014389', 'filter1_resonance': '0.4258553982', 'filter1_drive': '8.625', 'filter1_morph': '0', 'filter2_on': 'true', 'filter2_type': '2', 'filter2_circuit_lphp': '0', 'filter2_circuit_bpnomo': '0', 'filter2_slope': '1', 'filter2_frequency': '20479.998', 'filter2_resonance': '0.5688667893', 'filter2_drive': '12.5625', 'filter2_morph': '0', 'ampenv_attack_time': '0.0048828125', 'ampenv_decay_time': '15.9127045', 'ampenv_release_time': '0.156843096', 'ampenv_attack_slope': '-0.1351351142', 'ampenv_decay_slope': '-0.538461566', 'ampenv_release_slope': '0.15625', 'ampenv_sustain': '0.7520141602', 'ampenv_loopmode': '0', 'env2_attack_time': '0.1251411438', 'env2_decay_time': '2.62040925', 'env2_release_time': '3.71065259', 'env2_attack_slope': '0.15625', 'env2_decay_slope': '0.5625', 'env2_release_slope': '-0.828125', 'env2_sustain': '1', 'env2_initial_value': '0', 'env2_peak_value': '1', 'env2_final_value': '0', 'env2_loopmode': '1', 'env3_attack_time': '0.0002215652494', 'env3_decay_time': '20', 'env3_release_time': '0.001500000013', 'env3_attack_slope': '1', 'env3_decay_slope': '0.2727272511', 'env3_release_slope': '0', 'env3_sustain': '0.2333333343', 'env3_initial_value': '0', 'env3_peak_value': '1', 'env3_final_value': '0', 'env3_loopmode': '1', 'lfo1_retrigger': 'true', 'lfo1_shape_type': '0', 'lfo1_amount': '0.8125', 'lfo1_shaping': '0', 'lfo1_phase': '0', 'lfo1_sync': '0', 'lfo1_rate': '0.02430034615', 'lfo1_synced_rate': '12', 'lfo1_attack': '20', 'lfo2_retrigger': 'true', 'lfo2_shape_type': '0', 'lfo2_amount': '0.765625', 'lfo2_shaping': '-1', 'lfo2_phase': '61.875', 'lfo2_sync': '0', 'lfo2_rate': '0.009999999776', 'lfo2_synced_rate': '14', 'lfo2_attack': '0.01745343208', 'mod_time_scale': '0.078125', 'mod_amount': '2', 'unison_mode': '2', 'unison_voices': '2', 'unison_amount': '0.171875', 'global_transpose': '-12', 'glide': '0.078125', 'filter_routing': '1', 'vol': '0.4306640625', 'polyphony': '0', 'poly_voices': '6', 'hq': 'false', 'mod_matrix': [['vel', 'osc1_wt_position', 0.328125], ['mod', 'osc1_wt_position', 0.5], ['slide', 'osc1_wt_position', 0.5], ['env2', 'osc1_effect2', 0.046875], ['vel', 'osc1_effect2', 0.0625], ['env3', 'osc2_wt_position', 0.0625], ['vel', 'osc2_wt_position', 0.171875], ['mod', 'osc2_wt_position', 0.453125], ['slide', 'osc2_wt_position', 0.4499999881], ['env2', 'filter1_frequency', -0.1875], ['env3', 'filter1_frequency', 0.25], ['lfo1', 'filter1_frequency', -0.359375], ['lfo2', 'filter1_frequency', -0.53125], ['vel', 'filter1_frequency', -0.009374976158], ['press', 'filter1_frequency', 0.125], ['mod', 'filter1_frequency', 0.140625], ['slide', 'filter1_frequency', 0.1400000006], ['env2', 'filter1_resonance', -0.140625], ['vel', 'filter1_resonance', 0.421875], ['mod', 'filter1_resonance', -0.546875], ['slide', 'filter1_resonance', -0.5500000119], ['env3', 'filter2_frequency', 0.671875], ['vel', 'filter2_frequency', 0.453125], ['press', 'filter2_frequency', 0.171875], ['mod', 'filter2_frequency', 0.171875], ['slide', 'filter2_frequency', 0.1700000018], ['amp', 'ampenv_attack_time', -0.015625], ['env3', 'ampenv_attack_time', 0.015625], ['mod', 'ampenv_release_time', 0.0625], ['slide', 'ampenv_release_time', 0.06199999899], ['vel', 'env2_attack_time', 0.5625], ['amp', 'env2_decay_time', 0.140625], ['mod', 'env2_decay_time', 0.5], ['slide', 'env2_decay_time', 0.5], ['amp', 'env2_release_time', 0.203125], ['mod', 'env2_release_time', 0.484375], ['slide', 'env2_release_time', 0.4799999893], ['env2', 'env2_peak_value', -0.40625], ['mod', 'env2_peak_value', 0.375], ['env2', 'env2_sustain', 0.09375], ['vel', 'env2_sustain', 0.015625], ['lfo1', 'unison_amount', 0.140625], ['vel', 'unison_amount', 0.5625], ['pitchbend', 'pitchmod', 0.08000004292], ['note_pitchbend', 'pitchmod', 1.0]]}"
Bass,Unstraight,"A random plucky bass that jumps and shimmers around, controlled by a stepwise LFO. Very modern, futuristic, 2020s. Hyperpop, PCMusic. Like a progressive house bass but with the most intense reverb and delay controlled by a step lfo and lp filter. Very playful and unique, watery and fluid, the bass should be good for a short plucky bassline to set the tone for an ethereal, atmospheric, forward thinking synthpop track. Ambient pop bass, very jumpy. Water temple music but pop.","{'wt1': 'Basic Shapes', 'wt2': 'Basic Shapes', 'osc1_on': 'true', 'osc1_pitch_transpose': '7', 'osc1_pitch_detune': '0.21875', 'osc1_wt_position': '0.8850574493', 'osc1_effect_mode': '2', 'osc1_effect1': '0', 'osc1_effect2': '0.203125', 'osc1_pan': '0', 'osc1_gain': '1', 'osc2_on': 'true', 'osc2_pitch_transpose': '0', 'osc2_pitch_detune': '0', 'osc2_wt_position': '0.4252873659', 'osc2_effect_mode': '2', 'osc2_effect1': '0.546875', 'osc2_effect2': '1', 'osc2_pan': '0', 'osc2_gain': '1', 'sub_on': 'true', 'sub_tone': '0.5546875', 'sub_gain': '1', 'sub_octave': '1', 'filter1_on': 'true', 'filter1_type': '0', 'filter1_circuit_lphp': '3', 'filter1_circuit_bpnomo': '0', 'filter1_slope': '0', 'filter1_frequency': '3925.80347', 'filter1_resonance': '0.4545454681', 'filter1_drive': '3.9375', 'filter1_morph': '0', 'filter2_on': 'false', 'filter2_type': '0', 'filter2_circuit_lphp': '0', 'filter2_circuit_bpnomo': '0', 'filter2_slope': '0', 'filter2_frequency': '20000.1035', 'filter2_resonance': '0', 'filter2_drive': '0', 'filter2_morph': '0', 'ampenv_attack_time': '0.001000000164', 'ampenv_decay_time': '0.5999999642', 'ampenv_release_time': '2.1171751', 'ampenv_attack_slope': '0', 'ampenv_decay_slope': '0.5', 'ampenv_release_slope': '0.5', 'ampenv_sustain': '0.5011875629', 'ampenv_loopmode': '0', 'env2_attack_time': '0.001000000164', 'env2_decay_time': '0.5999999642', 'env2_release_time': '0.5999999642', 'env2_attack_slope': '0', 'env2_decay_slope': '0.5', 'env2_release_slope': '0.5', 'env2_sustain': '0.5', 'env2_initial_value': '0', 'env2_peak_value': '1', 'env2_final_value': '0', 'env2_loopmode': '0', 'env3_attack_time': '0.001000000164', 'env3_decay_time': '0.5999999642', 'env3_release_time': '0.5999999642', 'env3_attack_slope': '0', 'env3_decay_slope': '0.5', 'env3_release_slope': '0.5', 'env3_sustain': '0.5', 'env3_initial_value': '0', 'env3_peak_value': '1', 'env3_final_value': '0', 'env3_loopmode': '0', 'lfo1_retrigger': 'true', 'lfo1_shape_type': '4', 'lfo1_amount': '0.765625', 'lfo1_shaping': '-0.265625', 'lfo1_phase': '81.5625', 'lfo1_sync': '0', 'lfo1_rate': '1.79754329', 'lfo1_synced_rate': '15', 'lfo1_attack': '0.1907348633', 'lfo2_retrigger': 'true', 'lfo2_shape_type': '0', 'lfo2_amount': '1', 'lfo2_shaping': '0', 'lfo2_phase': '0', 'lfo2_sync': '0', 'lfo2_rate': '0.9999998808', 'lfo2_synced_rate': '15', 'lfo2_attack': '0', 'mod_time_scale': '0', 'mod_amount': '1', 'unison_mode': '4', 'unison_voices': '3', 'unison_amount': '0.34375', 'global_transpose': '0', 'glide': '0', 'filter_routing': '0', 'vol': '0.1995258182', 'polyphony': '1', 'poly_voices': '6', 'hq': 'false', 'mod_matrix': [['env2', 'osc1_pan', 0.5], ['lfo1', 'osc1_pan', -0.046875], ['lfo2', 'osc1_pan', 0.09375], ['env2', 'osc2_pitchmod', 0.015625], ['env2', 'osc2_wt_position', 0.765625], ['lfo1', 'filter1_frequency', 0.796875], ['lfo1', 'lfo1_shaping', 0.140625], ['lfo2', 'lfo1_shaping', 1.0], ['lfo1', 'unison_amount', 1.0], ['amp', 'ampmod', 0.015625], ['lfo1', 'ampmod', -0.28125], ['vel', 'ampmod', 0.5], ['pitchbend', 'pitchmod', 0.04666662216], ['note_pitchbend', 'pitchmod', 1.0]]}"
Bass,Sub Terrain,"A noisy, aggressive, shrill, chaotic bass that dominates the mix and overwhelms the listener with piercing, grating harmonics and buzzing, like an MRI machine. An offensive and heavy hitting bass sound, morphing from a big saw bass that consumes the whole frequency spectrum on the attack to an unbearably shrill an piercing sound fit for a heavy brostep or complextro track after a few seconds from the second envelope. Heavily distorted and warm, but also metallic and machine. It should give an energetic, rebellious, and youthful feeling.","{'wt1': 'Ripped Sync', 'wt2': 'Quad Saw', 'osc1_on': 'true', 'osc1_pitch_transpose': '0', 'osc1_pitch_detune': '0', 'osc1_wt_position': '0.2268907577', 'osc1_effect_mode': '1', 'osc1_effect1': '-1', 'osc1_effect2': '1', 'osc1_pan': '-0.40625', 'osc1_gain': '0.8151260614', 'osc2_on': 'true', 'osc2_pitch_transpose': '-12', 'osc2_pitch_detune': '0', 'osc2_wt_position': '0.2184873968', 'osc2_effect_mode': '2', 'osc2_effect1': '0.140625', 'osc2_effect2': '0.671875', 'osc2_pan': '0.328125', 'osc2_gain': '0.8151260614', 'sub_on': 'true', 'sub_tone': '0.6796875', 'sub_gain': '0.8203125', 'sub_octave': '1', 'filter1_on': 'true', 'filter1_type': '0', 'filter1_circuit_lphp': '4', 'filter1_circuit_bpnomo': '0', 'filter1_slope': '1', 'filter1_frequency': '1820.29968', 'filter1_resonance': '0.4417322576', 'filter1_drive': '16.6875', 'filter1_morph': '0', 'filter2_on': 'true', 'filter2_type': '1', 'filter2_circuit_lphp': '4', 'filter2_circuit_bpnomo': '0', 'filter2_slope': '0', 'filter2_frequency': '98.5981827', 'filter2_resonance': '0.7341270447', 'filter2_drive': '19.875', 'filter2_morph': '0', 'ampenv_attack_time': '0.06034970284', 'ampenv_decay_time': '20', 'ampenv_release_time': '0.05419259146', 'ampenv_attack_slope': '0.71875', 'ampenv_decay_slope': '-0.46875', 'ampenv_release_slope': '0.5', 'ampenv_sustain': '0.8355102539', 'ampenv_loopmode': '0', 'env2_attack_time': '4.46807861', 'env2_decay_time': '2.16235757', 'env2_release_time': '0.5462170243', 'env2_attack_slope': '-1', 'env2_decay_slope': '0.453125', 'env2_release_slope': '0.5', 'env2_sustain': '0.875', 'env2_initial_value': '0.109375', 'env2_peak_value': '0.59375', 'env2_final_value': '0', 'env2_loopmode': '0', 'env3_attack_time': '0.1907348633', 'env3_decay_time': '7.66029549', 'env3_release_time': '0.2333220392', 'env3_attack_slope': '0.3692307472', 'env3_decay_slope': '0.5', 'env3_release_slope': '0.5', 'env3_sustain': '0.65625', 'env3_initial_value': '0.625', 'env3_peak_value': '0.8692307472', 'env3_final_value': '0', 'env3_loopmode': '0', 'lfo1_retrigger': 'true', 'lfo1_shape_type': '3', 'lfo1_amount': '1', 'lfo1_shaping': '-0.046875', 'lfo1_phase': '2.8125', 'lfo1_sync': '1', 'lfo1_rate': '17.5285397', 'lfo1_synced_rate': '11', 'lfo1_attack': '0', 'lfo2_retrigger': 'true', 'lfo2_shape_type': '3', 'lfo2_amount': '1', 'lfo2_shaping': '0.1875', 'lfo2_phase': '42.1875', 'lfo2_sync': '1', 'lfo2_rate': '1.73247743', 'lfo2_synced_rate': '9', 'lfo2_attack': '0', 'mod_time_scale': '-0.5', 'mod_amount': '1.234375', 'unison_mode': '4', 'unison_voices': '2', 'unison_amount': '0.0390625', 'global_transpose': '0', 'glide': '0.078125', 'filter_routing': '0', 'vol': '0.1076660156', 'polyphony': '0', 'poly_voices': '6', 'hq': 'false', 'mod_matrix': [['amp', 'osc1_wt_position', 0.25], ['env2', 'osc1_wt_position', 0.703125], ['lfo1', 'osc1_wt_position', 0.484375], ['lfo2', 'osc1_wt_position', 0.390625], ['vel', 'osc1_wt_position', 0.15625], ['amp', 'osc2_wt_position', 0.453125], ['env2', 'osc2_wt_position', 0.734375], ['env3', 'osc2_wt_position', 0.09375], ['vel', 'osc2_wt_position', -0.625], ['mod', 'osc2_wt_position', 0.171875], ['slide', 'osc2_wt_position', 0.1700000018], ['amp', 'filter1_frequency', 0.078125], ['env3', 'filter1_frequency', 0.578125], ['vel', 'filter1_frequency', -0.375], ['pitchbend', 'filter1_frequency', -0.1875], ['mod', 'filter1_frequency', -0.34375], ['slide', 'filter1_frequency', -0.3400000036], ['amp', 'filter2_frequency', -0.390625], ['env2', 'filter2_frequency', 0.515625], ['lfo1', 'filter2_frequency', 0.453125], ['vel', 'filter2_frequency', -0.1875], ['pitchbend', 'filter2_frequency', 0.0625], ['mod', 'filter2_frequency', -0.265625], ['slide', 'filter2_frequency', -0.2700000107], ['mod', 'lfo1_amount', 1.0], ['env3', 'lfo2_amount', 0.21875], ['lfo1', 'lfo2_amount', 0.1875], ['mod', 'lfo2_amount', 1.0], ['amp', 'unison_amount', 0.078125], ['env2', 'unison_amount', 0.125], ['lfo1', 'unison_amount', 0.5], ['lfo2', 'unison_amount', 0.203125], ['mod', 'unison_amount', -0.125], ['amp', 'ampmod', 0.25], ['env3', 'ampmod', 0.125], ['vel', 'ampmod', 0.5], ['pitchbend', 'pitchmod', 0.2400000095], ['press', 'pitchmod', 0.046875], ['note_pitchbend', 'pitchmod', 1.0]]}"
Bass,Midnight Chase Bass,"A simple, melodic bass with a gentle tone. There should be a lp filter tied to velocity for extra expressiveness while playing. The bass should be small and tight, not taking up too much space in the mix. Make sure it has a warm, analog tone. There should be a nice gentle sub tone and then some subtle harmonic content to give a bright and energetic timbre. It should make the listener feel happy and comfortable, and conjure memories of familiar synthpop or indie pop songs.","{'wt1': 'Galactica', 'wt2': 'VOSM', 'osc1_on': 'true', 'osc1_pitch_transpose': '0', 'osc1_pitch_detune': '0.09375', 'osc1_wt_position': '0.4666666687', 'osc1_effect_mode': '1', 'osc1_effect1': '0', 'osc1_effect2': '0.5703125', 'osc1_pan': '-0.265625', 'osc1_gain': '0.9411764741', 'osc2_on': 'true', 'osc2_pitch_transpose': '12', 'osc2_pitch_detune': '0', 'osc2_wt_position': '0.5882353187', 'osc2_effect_mode': '2', 'osc2_effect1': '-0.1875', 'osc2_effect2': '0.0390625', 'osc2_pan': '0.125', 'osc2_gain': '0.8571428657', 'sub_on': 'true', 'sub_tone': '0.28125', 'sub_gain': '0.5703125', 'sub_octave': '1', 'filter1_on': 'true', 'filter1_type': '0', 'filter1_circuit_lphp': '0', 'filter1_circuit_bpnomo': '0', 'filter1_slope': '1', 'filter1_frequency': '153.111908', 'filter1_resonance': '0.4662698507', 'filter1_drive': '0', 'filter1_morph': '0', 'filter2_on': 'true', 'filter2_type': '0', 'filter2_circuit_lphp': '0', 'filter2_circuit_bpnomo': '0', 'filter2_slope': '0', 'filter2_frequency': '2146.69849', 'filter2_resonance': '0.634765625', 'filter2_drive': '0', 'filter2_morph': '0', 'ampenv_attack_time': '0.003771856427', 'ampenv_decay_time': '3.71065259', 'ampenv_release_time': '0.03060164861', 'ampenv_attack_slope': '0.875', 'ampenv_decay_slope': '0.5', 'ampenv_release_slope': '-0.359375', 'ampenv_sustain': '0.7793579102', 'ampenv_loopmode': '0', 'env2_attack_time': '0.0001788884401', 'env2_decay_time': '0.1783738881', 'env2_release_time': '2.1171751', 'env2_attack_slope': '0', 'env2_decay_slope': '0.953846097', 'env2_release_slope': '0.5', 'env2_sustain': '0.875', 'env2_initial_value': '0.140625', 'env2_peak_value': '0.59375', 'env2_final_value': '0', 'env2_loopmode': '0', 'env3_attack_time': '1.413728', 'env3_decay_time': '0.5999999642', 'env3_release_time': '0.5999999642', 'env3_attack_slope': '0', 'env3_decay_slope': '0.5', 'env3_release_slope': '0.5', 'env3_sustain': '0.234375', 'env3_initial_value': '0', 'env3_peak_value': '1', 'env3_final_value': '0', 'env3_loopmode': '0', 'lfo1_retrigger': 'true', 'lfo1_shape_type': '0', 'lfo1_amount': '0.671875', 'lfo1_shaping': '0.375', 'lfo1_phase': '0', 'lfo1_sync': '1', 'lfo1_rate': '4.12129259', 'lfo1_synced_rate': '0', 'lfo1_attack': '0', 'lfo2_retrigger': 'true', 'lfo2_shape_type': '0', 'lfo2_amount': '0.1484375', 'lfo2_shaping': '0.265625', 'lfo2_phase': '0', 'lfo2_sync': '1', 'lfo2_rate': '0.1881347895', 'lfo2_synced_rate': '1', 'lfo2_attack': '1.50137556', 'mod_time_scale': '0', 'mod_amount': '1', 'unison_mode': '1', 'unison_voices': '4', 'unison_amount': '0.046875', 'global_transpose': '-12', 'glide': '0.00622279942', 'filter_routing': '0', 'vol': '0.6280562878', 'polyphony': '0', 'poly_voices': '6', 'hq': 'false', 'mod_matrix': [['env2', 'osc1_wt_position', 0.4375], ['lfo1', 'osc1_wt_position', 0.109375], ['vel', 'osc1_wt_position', 0.5625], ['lfo2', 'osc2_wt_position', 0.03125], ['vel', 'osc2_wt_position', -0.34375], ['env2', 'filter1_frequency', 0.65625], ['env3', 'filter1_frequency', -0.1875], ['lfo1', 'filter1_frequency', 0.28125], ['lfo2', 'filter1_frequency', -0.28125], ['vel', 'filter1_frequency', 0.1875], ['press', 'filter1_frequency', 0.390625], ['lfo1', 'filter2_frequency', -0.03125], ['lfo2', 'filter2_frequency', -0.046875], ['env2', 'env2_sustain', 0.484375], ['env3', 'env2_sustain', -0.375], ['lfo1', 'env2_sustain', 0.28125], ['lfo2', 'env2_sustain', -0.546875], ['env2', 'lfo1_amount', -0.265625], ['env3', 'lfo1_amount', 0.234375], ['lfo1', 'lfo1_amount', 0.484375], ['lfo2', 'lfo1_amount', -0.359375], ['mod', 'lfo1_amount', 1.0], ['env2', 'lfo2_amount', -0.296875], ['env3', 'lfo2_amount', 0.828125], ['mod', 'lfo2_amount', 1.0], ['lfo2', 'ampmod', 0.203125], ['vel', 'ampmod', 0.5], ['pitchbend', 'pitchmod', 0.04666662216], ['note_pitchbend', 'pitchmod', 1.0]]}"
Bass,Poison Pen,"Noisy, energetic, high energy bass sound. Really rich harmonic content emphasized by resonant filter. It should have a slight vocal or talky quality, like its made from formants but heavily distorted. Tie the keypress velocity to modulate some different params like wt position or filter frequency to create some additional expressiveness. It should work well in electronic pop or electrohouse anthems. The filter should slowly expand to let more highs in over time. It should be warm and snappy with a quick attack and release. Simple and versatile, emphasizing harmonic content over low end presence.","{'wt1': 'Real Voice', 'wt2': 'Stepped Vowels', 'osc1_on': 'true', 'osc1_pitch_transpose': '0', 'osc1_pitch_detune': '-0.0390625', 'osc1_wt_position': '0.4453781545', 'osc1_effect_mode': '2', 'osc1_effect1': '0.28125', 'osc1_effect2': '0.015625', 'osc1_pan': '-0.203125', 'osc1_gain': '0.8739495873', 'osc2_on': 'true', 'osc2_pitch_transpose': '7', 'osc2_pitch_detune': '0.03125', 'osc2_wt_position': '0.3025210202', 'osc2_effect_mode': '1', 'osc2_effect1': '0', 'osc2_effect2': '0.3984375', 'osc2_pan': '0.15625', 'osc2_gain': '0.4117647111', 'sub_on': 'true', 'sub_tone': '0.859375', 'sub_gain': '0.484375', 'sub_octave': '0', 'filter1_on': 'true', 'filter1_type': '0', 'filter1_circuit_lphp': '2', 'filter1_circuit_bpnomo': '0', 'filter1_slope': '0', 'filter1_frequency': '460.107727', 'filter1_resonance': '1.00198412', 'filter1_drive': '7.875', 'filter1_morph': '0', 'filter2_on': 'true', 'filter2_type': '1', 'filter2_circuit_lphp': '2', 'filter2_circuit_bpnomo': '0', 'filter2_slope': '0', 'filter2_frequency': '161.77063', 'filter2_resonance': '0.9920635223', 'filter2_drive': '18', 'filter2_morph': '0', 'ampenv_attack_time': '0.0007450580597', 'ampenv_decay_time': '7.45152235', 'ampenv_release_time': '0.002245002193', 'ampenv_attack_slope': '0.625', 'ampenv_decay_slope': '0.5', 'ampenv_release_slope': '0.46875', 'ampenv_sustain': '0.9384765625', 'ampenv_loopmode': '0', 'env2_attack_time': '0.0001788884401', 'env2_decay_time': '8.47572899', 'env2_release_time': '0.156843096', 'env2_attack_slope': '-0.4375', 'env2_decay_slope': '1', 'env2_release_slope': '0.5', 'env2_sustain': '0.9296875', 'env2_initial_value': '0.40625', 'env2_peak_value': '0.28125', 'env2_final_value': '0', 'env2_loopmode': '0', 'env3_attack_time': '2.61910558', 'env3_decay_time': '2.43976021', 'env3_release_time': '0.08985137939', 'env3_attack_slope': '0', 'env3_decay_slope': '0.5882352591', 'env3_release_slope': '0.5', 'env3_sustain': '0.75', 'env3_initial_value': '0', 'env3_peak_value': '1', 'env3_final_value': '0', 'env3_loopmode': '0', 'lfo1_retrigger': 'true', 'lfo1_shape_type': '2', 'lfo1_amount': '1', 'lfo1_shaping': '-0.15625', 'lfo1_phase': '0', 'lfo1_sync': '1', 'lfo1_rate': '1.59588182', 'lfo1_synced_rate': '16', 'lfo1_attack': '0', 'lfo2_retrigger': 'true', 'lfo2_shape_type': '1', 'lfo2_amount': '1', 'lfo2_shaping': '0.546875', 'lfo2_phase': '0', 'lfo2_sync': '1', 'lfo2_rate': '3.75874996', 'lfo2_synced_rate': '16', 'lfo2_attack': '0', 'mod_time_scale': '0', 'mod_amount': '0.4375', 'unison_mode': '6', 'unison_voices': '2', 'unison_amount': '0.3671875', 'global_transpose': '0', 'glide': '0.1396358758', 'filter_routing': '0', 'vol': '0.1235961914', 'polyphony': '0', 'poly_voices': '6', 'hq': 'true', 'mod_matrix': [['vel', 'osc1_wt_position', 0.328125], ['env3', 'osc1_effect1', -0.015625], ['mod', 'osc1_effect1', 0.1875], ['slide', 'osc1_effect1', 0.1899999976], ['lfo1', 'osc1_effect2', -0.015625], ['vel', 'osc1_effect2', 0.15625], ['env2', 'osc2_wt_position', -0.03125], ['lfo2', 'osc2_wt_position', 0.25], ['vel', 'osc2_wt_position', 0.625], ['env2', 'osc2_gain', 0.03125], ['env3', 'osc2_gain', 0.140625], ['lfo1', 'osc2_gain', 0.265625], ['lfo2', 'osc2_gain', 1.0], ['vel', 'osc2_gain', 0.171875], ['mod', 'osc2_gain', -0.046875], ['amp', 'filter1_frequency', -0.09375], ['env2', 'filter1_frequency', 0.65625], ['lfo2', 'filter1_frequency', 0.078125], ['vel', 'filter1_frequency', 0.234375], ['note', 'filter1_frequency', -0.781416893], ['mod', 'filter1_frequency', -0.265625], ['slide', 'filter1_frequency', -0.2700000107], ['vel', 'filter1_resonance', 0.46875], ['vel', 'filter2_frequency', 0.09312498569], ['mod', 'filter2_frequency', 0.140625], ['slide', 'filter2_frequency', 0.1400000006], ['env2', 'filter2_resonance', 0.859375], ['vel', 'filter2_resonance', 0.390625], ['mod', 'filter2_resonance', 0.75], ['slide', 'filter2_resonance', 0.75], ['env2', 'filter2_drive', 0.21875], ['lfo2', 'filter2_drive', 1.0], ['vel', 'filter2_drive', 0.59375], ['note', 'filter2_drive', 0.03125], ['amp', 'lfo1_amount', 0.65625], ['env2', 'lfo1_amount', -0.21875], ['env3', 'lfo1_amount', 0.015625], ['mod', 'lfo1_amount', 1.0], ['amp', 'lfo2_amount', 0.859375], ['env2', 'lfo2_amount', 0.40625], ['env3', 'lfo2_amount', -0.28125], ['mod', 'lfo2_amount', 1.0], ['env2', 'ampmod', -0.03125], ['vel', 'ampmod', 0.5], ['env3', 'pitchmod', -0.0008999705315], ['pitchbend', 'pitchmod', 0.04200005531], ['note_pitchbend', 'pitchmod', 1.0]]}"
Bass,Bob's Place Bass,"I want a bass sound inspired by Bob Moog and the Moog synthesizer. It should have a lot of low end presence and harmonic content from a distorted saw wave on osc1 and FM on a sine or triangle wave in osc2. There should be a bit of movement and filter rolloff like the original Moog synth. The sound should be wide, warm, and very versatile. Overall, a very simple, vintage and nostalgic sound, but one that still has plenty of character and can bring energy and presence to the low end.","{'wt1': 'Basic Shapes', 'wt2': 'Basic Shapes', 'osc1_on': 'true', 'osc1_pitch_transpose': '-24', 'osc1_pitch_detune': '0', 'osc1_wt_position': '0.7394958138', 'osc1_effect_mode': '3', 'osc1_effect1': '0.015625', 'osc1_effect2': '0', 'osc1_pan': '-0.171875', 'osc1_gain': '1', 'osc2_on': 'true', 'osc2_pitch_transpose': '0', 'osc2_pitch_detune': '-0.0234375', 'osc2_wt_position': '0.09243697673', 'osc2_effect_mode': '1', 'osc2_effect1': '-1', 'osc2_effect2': '0.0703125', 'osc2_pan': '0.046875', 'osc2_gain': '0.5546218753', 'sub_on': 'true', 'sub_tone': '0.84375', 'sub_gain': '0.421875', 'sub_octave': '2', 'filter1_on': 'true', 'filter1_type': '0', 'filter1_circuit_lphp': '2', 'filter1_circuit_bpnomo': '0', 'filter1_slope': '1', 'filter1_frequency': '1308.48315', 'filter1_resonance': '0.2182539701', 'filter1_drive': '6.375', 'filter1_morph': '0', 'filter2_on': 'true', 'filter2_type': '1', 'filter2_circuit_lphp': '4', 'filter2_circuit_bpnomo': '0', 'filter2_slope': '0', 'filter2_frequency': '93.3133011', 'filter2_resonance': '0.7539682984', 'filter2_drive': '2.0625', 'filter2_morph': '0', 'ampenv_attack_time': '0.002188110957', 'ampenv_decay_time': '6.56027508', 'ampenv_release_time': '0.03060164861', 'ampenv_attack_slope': '0', 'ampenv_decay_slope': '0.4761904478', 'ampenv_release_slope': '0.4375', 'ampenv_sustain': '0.9084472656', 'ampenv_loopmode': '0', 'env2_attack_time': '0.000001192092896', 'env2_decay_time': '20', 'env2_release_time': '0.2562014461', 'env2_attack_slope': '0', 'env2_decay_slope': '1', 'env2_release_slope': '0.5', 'env2_sustain': '0.953125', 'env2_initial_value': '0.4609375', 'env2_peak_value': '0.8984375', 'env2_final_value': '0', 'env2_loopmode': '0', 'env3_attack_time': '0.0001788884401', 'env3_decay_time': '3.84613323', 'env3_release_time': '0.5999999642', 'env3_attack_slope': '-0.171875', 'env3_decay_slope': '-0.34375', 'env3_release_slope': '0.5', 'env3_sustain': '0.59375', 'env3_initial_value': '0', 'env3_peak_value': '0.992307663', 'env3_final_value': '0', 'env3_loopmode': '0', 'lfo1_retrigger': 'true', 'lfo1_shape_type': '0', 'lfo1_amount': '0.1875', 'lfo1_shaping': '0.25', 'lfo1_phase': '0', 'lfo1_sync': '1', 'lfo1_rate': '0.2076878995', 'lfo1_synced_rate': '15', 'lfo1_attack': '0.002862215042', 'lfo2_retrigger': 'true', 'lfo2_shape_type': '0', 'lfo2_amount': '0.375', 'lfo2_shaping': '0.4375', 'lfo2_phase': '0', 'lfo2_sync': '0', 'lfo2_rate': '0.4360215962', 'lfo2_synced_rate': '15', 'lfo2_attack': '1.68883216', 'mod_time_scale': '-0.078125', 'mod_amount': '1', 'unison_mode': '1', 'unison_voices': '2', 'unison_amount': '0.0234375', 'global_transpose': '12', 'glide': '0.02471923828', 'filter_routing': '0', 'vol': '0.1205391735', 'polyphony': '0', 'poly_voices': '6', 'hq': 'false', 'mod_matrix': [['lfo2', 'osc1_wt_position', 1.0], ['vel', 'osc1_wt_position', 0.375], ['press', 'osc1_wt_position', 0.21875], ['mod', 'osc1_wt_position', 0.03125], ['slide', 'osc1_wt_position', 0.03099999949], ['vel', 'osc1_effect1', 0.01874995232], ['env2', 'osc1_effect2', 0.1875], ['env3', 'osc1_effect2', 0.28125], ['lfo1', 'osc1_effect2', -0.0625], ['vel', 'osc1_effect2', 0.484375], ['pitchbend', 'osc1_effect2', -0.125], ['vel', 'osc2_effect1', -0.015625], ['vel', 'osc2_effect2', -0.21875], ['pitchbend', 'osc2_effect2', 0.03125], ['env3', 'filter1_frequency', 0.953125], ['lfo1', 'filter1_frequency', -0.001562476158], ['vel', 'filter1_frequency', -0.796875], ['pitchbend', 'filter1_frequency', 0.265625], ['press', 'filter1_frequency', -0.28125], ['mod', 'filter1_frequency', 0.21875], ['slide', 'filter1_frequency', 0.2199999988], ['mod', 'lfo1_amount', 1.0], ['mod', 'lfo1_ratemod', 0.484375], ['slide', 'lfo1_ratemod', 0.4799999893], ['mod', 'lfo2_amount', 1.0], ['mod', 'lfo2_ratemod', 0.390625], ['slide', 'lfo2_ratemod', 0.3899999857], ['env3', 'unison_amount', 0.984375], ['lfo1', 'unison_amount', 0.078125], ['lfo2', 'unison_amount', 0.265625], ['mod', 'unison_amount', 0.125], ['vel', 'ampmod', 0.5], ['pitchbend', 'pitchmod', 0.04200005531], ['note_pitchbend', 'pitchmod', 1.0]]}"
Bass,Model HU Bass,"I want a FM saw bass that is warm and lush, with an imposing presence. It should have a saw-like buzzing timbre, with lots of harmonic content throughout the spectrum. It should be very responsive, with near instant attack creating an energetic and sharp feeling. I want the LP filter to start cutting off higher frequencies after the note is held down for a while. The bass should be upbeat, euphoric, and energizing, and should work well in high energy trance, electrohouse, or even hardstyle.","{'wt1': 'Basic Shapes', 'wt2': 'Basic Shapes', 'osc1_on': 'true', 'osc1_pitch_transpose': '-24', 'osc1_pitch_detune': '0', 'osc1_wt_position': '0.1512605101', 'osc1_effect_mode': '3', 'osc1_effect1': '0.015625', 'osc1_effect2': '0', 'osc1_pan': '-0.171875', 'osc1_gain': '1', 'osc2_on': 'true', 'osc2_pitch_transpose': '0', 'osc2_pitch_detune': '-0.0234375', 'osc2_wt_position': '0.6554622054', 'osc2_effect_mode': '1', 'osc2_effect1': '-1', 'osc2_effect2': '0.2265625', 'osc2_pan': '0.046875', 'osc2_gain': '0.5546218753', 'sub_on': 'true', 'sub_tone': '0.84375', 'sub_gain': '0.6015625', 'sub_octave': '1', 'filter1_on': 'true', 'filter1_type': '0', 'filter1_circuit_lphp': '2', 'filter1_circuit_bpnomo': '0', 'filter1_slope': '1', 'filter1_frequency': '2986.15796', 'filter1_resonance': '0.6051587462', 'filter1_drive': '6.375', 'filter1_morph': '0', 'filter2_on': 'true', 'filter2_type': '1', 'filter2_circuit_lphp': '4', 'filter2_circuit_bpnomo': '0', 'filter2_slope': '0', 'filter2_frequency': '36.6299629', 'filter2_resonance': '0.6150793433', 'filter2_drive': '3.375', 'filter2_morph': '0', 'ampenv_attack_time': '0.00004656612873', 'ampenv_decay_time': '6.56027508', 'ampenv_release_time': '0.03060164861', 'ampenv_attack_slope': '0', 'ampenv_decay_slope': '0.4761904478', 'ampenv_release_slope': '0.4375', 'ampenv_sustain': '0.9084472656', 'ampenv_loopmode': '0', 'env2_attack_time': '0.000001192092896', 'env2_decay_time': '20', 'env2_release_time': '0.2562014461', 'env2_attack_slope': '0', 'env2_decay_slope': '1', 'env2_release_slope': '0.5', 'env2_sustain': '0.953125', 'env2_initial_value': '0.4609375', 'env2_peak_value': '0.8984375', 'env2_final_value': '0', 'env2_loopmode': '0', 'env3_attack_time': '0.0001788884401', 'env3_decay_time': '3.84613323', 'env3_release_time': '0.5999999642', 'env3_attack_slope': '-0.171875', 'env3_decay_slope': '-0.34375', 'env3_release_slope': '0.5', 'env3_sustain': '0.359375', 'env3_initial_value': '0', 'env3_peak_value': '0.992307663', 'env3_final_value': '0', 'env3_loopmode': '0', 'lfo1_retrigger': 'true', 'lfo1_shape_type': '0', 'lfo1_amount': '0.15625', 'lfo1_shaping': '0.328125', 'lfo1_phase': '0', 'lfo1_sync': '1', 'lfo1_rate': '0.2076878995', 'lfo1_synced_rate': '15', 'lfo1_attack': '0.333596468', 'lfo2_retrigger': 'true', 'lfo2_shape_type': '0', 'lfo2_amount': '0.359375', 'lfo2_shaping': '0.375', 'lfo2_phase': '0', 'lfo2_sync': '0', 'lfo2_rate': '0.5720608234', 'lfo2_synced_rate': '15', 'lfo2_attack': '0.078125', 'mod_time_scale': '-0.078125', 'mod_amount': '1', 'unison_mode': '1', 'unison_voices': '2', 'unison_amount': '0.0234375', 'global_transpose': '12', 'glide': '0.02471923828', 'filter_routing': '0', 'vol': '0.1348266602', 'polyphony': '0', 'poly_voices': '6', 'hq': 'false', 'mod_matrix': [['lfo2', 'osc1_wt_position', 1.0], ['vel', 'osc1_wt_position', 0.375], ['mod', 'osc1_wt_position', 0.03125], ['slide', 'osc1_wt_position', 0.03099999949], ['vel', 'osc1_effect1', 0.01874995232], ['env2', 'osc1_effect2', 0.1875], ['env3', 'osc1_effect2', 0.28125], ['lfo1', 'osc1_effect2', -0.0625], ['vel', 'osc1_effect2', 0.484375], ['vel', 'osc2_effect1', -0.003125011921], ['vel', 'osc2_effect2', -0.21875], ['env3', 'filter1_frequency', 0.953125], ['lfo1', 'filter1_frequency', -0.001562476158], ['vel', 'filter1_frequency', -0.796875], ['pitchbend', 'filter1_frequency', 0.265625], ['press', 'filter1_frequency', 1.0], ['mod', 'filter1_frequency', 0.21875], ['slide', 'filter1_frequency', 0.2199999988], ['mod', 'lfo1_amount', 1.0], ['mod', 'lfo1_ratemod', 0.484375], ['slide', 'lfo1_ratemod', 0.4799999893], ['mod', 'lfo2_amount', 1.0], ['mod', 'lfo2_ratemod', 0.390625], ['slide', 'lfo2_ratemod', 0.3899999857], ['env3', 'unison_amount', 0.984375], ['lfo1', 'unison_amount', 0.078125], ['lfo2', 'unison_amount', 0.265625], ['mod', 'unison_amount', 0.125], ['vel', 'ampmod', 0.140625], ['pitchbend', 'pitchmod', 0.04200005531], ['note_pitchbend', 'pitchmod', 1.0]]}"
Bass,Altered Harmonic Bass,"I want a bass sound using two wavetables of harmonics. There should be a lot of variety in the sound based on the velocity, with more harmonics being added in the harder the keypress. The sound should be harmonically rich and have a lot of presence in the lower mids, as well as the upper mids do to a resonance spike on a filter. The sound should be wide and slightly detuned. Since it is built up of harmonic wavetables instead of saw waves, it should have a gritty character without sounding overbearing.","{'wt1': 'Sines 2', 'wt2': 'Spectral 3', 'osc1_on': 'true', 'osc1_pitch_transpose': '0', 'osc1_pitch_detune': '-0.0390625', 'osc1_wt_position': '0.4117647111', 'osc1_effect_mode': '2', 'osc1_effect1': '0.28125', 'osc1_effect2': '0.015625', 'osc1_pan': '-0.28125', 'osc1_gain': '0.7058823705', 'osc2_on': 'true', 'osc2_pitch_transpose': '0', 'osc2_pitch_detune': '0.03125', 'osc2_wt_position': '0.4285714328', 'osc2_effect_mode': '1', 'osc2_effect1': '0', 'osc2_effect2': '0.140625', 'osc2_pan': '0.421875', 'osc2_gain': '0.9159663916', 'sub_on': 'true', 'sub_tone': '0.859375', 'sub_gain': '0.5390625', 'sub_octave': '1', 'filter1_on': 'true', 'filter1_type': '0', 'filter1_circuit_lphp': '3', 'filter1_circuit_bpnomo': '0', 'filter1_slope': '0', 'filter1_frequency': '79.1249542', 'filter1_resonance': '0.1289682537', 'filter1_drive': '3.1875', 'filter1_morph': '0', 'filter2_on': 'true', 'filter2_type': '0', 'filter2_circuit_lphp': '0', 'filter2_circuit_bpnomo': '0', 'filter2_slope': '0', 'filter2_frequency': '435.491119', 'filter2_resonance': '0.3869047761', 'filter2_drive': '1.5', 'filter2_morph': '0', 'ampenv_attack_time': '0.009046011604', 'ampenv_decay_time': '7.45152235', 'ampenv_release_time': '0.1132968962', 'ampenv_attack_slope': '0.625', 'ampenv_decay_slope': '0.5', 'ampenv_release_slope': '0.46875', 'ampenv_sustain': '0.9384765625', 'ampenv_loopmode': '0', 'env2_attack_time': '0.003771856427', 'env2_decay_time': '8.47572899', 'env2_release_time': '0.156843096', 'env2_attack_slope': '-0.4375', 'env2_decay_slope': '1', 'env2_release_slope': '0.5', 'env2_sustain': '0.9296875', 'env2_initial_value': '0.40625', 'env2_peak_value': '0.28125', 'env2_final_value': '0', 'env2_loopmode': '0', 'env3_attack_time': '0.0003051757812', 'env3_decay_time': '2.43976021', 'env3_release_time': '0.08985137939', 'env3_attack_slope': '0', 'env3_decay_slope': '0.5882352591', 'env3_release_slope': '0.5', 'env3_sustain': '0.75', 'env3_initial_value': '0', 'env3_peak_value': '0.921875', 'env3_final_value': '0', 'env3_loopmode': '0', 'lfo1_retrigger': 'true', 'lfo1_shape_type': '2', 'lfo1_amount': '1', 'lfo1_shaping': '-0.15625', 'lfo1_phase': '0', 'lfo1_sync': '1', 'lfo1_rate': '1.59588182', 'lfo1_synced_rate': '15', 'lfo1_attack': '0', 'lfo2_retrigger': 'true', 'lfo2_shape_type': '1', 'lfo2_amount': '1', 'lfo2_shaping': '0.546875', 'lfo2_phase': '0', 'lfo2_sync': '1', 'lfo2_rate': '3.75874996', 'lfo2_synced_rate': '14', 'lfo2_attack': '0', 'mod_time_scale': '0', 'mod_amount': '0.4375', 'unison_mode': '1', 'unison_voices': '2', 'unison_amount': '0.0390625', 'global_transpose': '0', 'glide': '0.03404736519', 'filter_routing': '0', 'vol': '0.4004516602', 'polyphony': '0', 'poly_voices': '6', 'hq': 'false', 'mod_matrix': [['amp', 'osc1_wt_position', 0.4375], ['env2', 'osc1_wt_position', 0.125], ['vel', 'osc1_wt_position', -0.078125], ['env3', 'osc1_effect1', -0.015625], ['vel', 'osc1_effect1', -0.46875], ['mod', 'osc1_effect1', 0.2400000095], ['slide', 'osc1_effect1', 0.2399999946], ['lfo1', 'osc1_effect2', -0.015625], ['vel', 'osc1_effect2', 0.3125], ['amp', 'osc2_wt_position', 0.125], ['env2', 'osc2_wt_position', -0.03125], ['lfo2', 'osc2_wt_position', 0.25], ['vel', 'osc2_wt_position', -0.328125], ['env2', 'osc2_gain', 0.03125], ['env3', 'osc2_gain', 0.140625], ['lfo1', 'osc2_gain', 0.265625], ['lfo2', 'osc2_gain', -0.140625], ['vel', 'osc2_gain', 0.59375], ['mod', 'osc2_gain', -0.09375], ['amp', 'filter1_frequency', 0.390625], ['env2', 'filter1_frequency', 0.09375], ['lfo2', 'filter1_frequency', 0.078125], ['vel', 'filter1_frequency', 0.3125], ['press', 'filter1_frequency', 0.140625], ['mod', 'filter1_frequency', -0.203125], ['slide', 'filter1_frequency', -0.200000003], ['vel', 'filter1_resonance', 0.140625], ['vel', 'filter2_frequency', 0.625], ['press', 'filter2_frequency', 0.09375], ['env2', 'filter2_resonance', 0.859375], ['vel', 'filter2_resonance', 0.03125], ['mod', 'filter2_resonance', -0.09375], ['slide', 'filter2_resonance', -0.09399999678], ['env2', 'filter2_drive', 0.046875], ['lfo2', 'filter2_drive', 1.0], ['vel', 'filter2_drive', 0.671875], ['note', 'filter2_drive', 0.03125], ['mod', 'filter2_drive', -0.28125], ['amp', 'lfo1_amount', 0.65625], ['env2', 'lfo1_amount', -0.21875], ['env3', 'lfo1_amount', 0.015625], ['mod', 'lfo1_amount', 1.0], ['amp', 'lfo2_amount', 0.859375], ['env2', 'lfo2_amount', 0.40625], ['env3', 'lfo2_amount', -0.28125], ['mod', 'lfo2_amount', 1.0], ['env2', 'ampmod', -0.03125], ['vel', 'ampmod', 0.5], ['env3', 'pitchmod', -0.0008999705315], ['vel', 'pitchmod', -0.004999995232], ['pitchbend', 'pitchmod', 0.01999998093], ['note_pitchbend', 'pitchmod', 1.0]]}"
Bass,Battery Acid,"I want a robotic, digital sounding bass sound that moves and evolves a lot over time. It should sound a little bit like a robot talking as the sound pulsates and evolves. The bass should sound relatively hollow in the low end, leaving room for other elements, but should be a bit noisy ad extend up into the mids. There should be heavy modulation from the LFOs and envelopes to control the wave position and filter. The bass sound should work well as a sound effect in a sci-fi movie or video game for some advanced plasma weapon or sophisticated energy generator.","{'wt1': 'Bit Ring', 'wt2': 'Basic Shapes', 'osc1_on': 'true', 'osc1_pitch_transpose': '0', 'osc1_pitch_detune': '0', 'osc1_wt_position': '0', 'osc1_effect_mode': '0', 'osc1_effect1': '0', 'osc1_effect2': '0', 'osc1_pan': '0', 'osc1_gain': '1', 'osc2_on': 'false', 'osc2_pitch_transpose': '0', 'osc2_pitch_detune': '0', 'osc2_wt_position': '0', 'osc2_effect_mode': '0', 'osc2_effect1': '0', 'osc2_effect2': '0', 'osc2_pan': '0', 'osc2_gain': '1', 'sub_on': 'true', 'sub_tone': '0.25', 'sub_gain': '0.5011875033', 'sub_octave': '1', 'filter1_on': 'true', 'filter1_type': '0', 'filter1_circuit_lphp': '4', 'filter1_circuit_bpnomo': '0', 'filter1_slope': '1', 'filter1_frequency': '212.997025', 'filter1_resonance': '0.5456349254', 'filter1_drive': '6.9375', 'filter1_morph': '0', 'filter2_on': 'true', 'filter2_type': '3', 'filter2_circuit_lphp': '0', 'filter2_circuit_bpnomo': '0', 'filter2_slope': '1', 'filter2_frequency': '856.647461', 'filter2_resonance': '0.4545454681', 'filter2_drive': '0', 'filter2_morph': '0', 'ampenv_attack_time': '0.002000000095', 'ampenv_decay_time': '0.5999999642', 'ampenv_release_time': '2.23550653', 'ampenv_attack_slope': '0.71875', 'ampenv_decay_slope': '0.5', 'ampenv_release_slope': '0.5', 'ampenv_sustain': '0.5011875629', 'ampenv_loopmode': '0', 'env2_attack_time': '0.03500977531', 'env2_decay_time': '0.5', 'env2_release_time': '1.59441721', 'env2_attack_slope': '0', 'env2_decay_slope': '0', 'env2_release_slope': '0.5', 'env2_sustain': '0.5', 'env2_initial_value': '0', 'env2_peak_value': '1', 'env2_final_value': '0', 'env2_loopmode': '0', 'env3_attack_time': '0.001000000164', 'env3_decay_time': '0.5999999642', 'env3_release_time': '0.5999999642', 'env3_attack_slope': '0', 'env3_decay_slope': '0.5', 'env3_release_slope': '0.5', 'env3_sustain': '0.5', 'env3_initial_value': '0', 'env3_peak_value': '1', 'env3_final_value': '0', 'env3_loopmode': '0', 'lfo1_retrigger': 'true', 'lfo1_shape_type': '1', 'lfo1_amount': '1', 'lfo1_shaping': '0', 'lfo1_phase': '0', 'lfo1_sync': '0', 'lfo1_rate': '0.4186834097', 'lfo1_synced_rate': '2', 'lfo1_attack': '1.7888844', 'lfo2_retrigger': 'true', 'lfo2_shape_type': '0', 'lfo2_amount': '1', 'lfo2_shaping': '0', 'lfo2_phase': '0', 'lfo2_sync': '0', 'lfo2_rate': '0.9999999404', 'lfo2_synced_rate': '9', 'lfo2_attack': '0', 'mod_time_scale': '0', 'mod_amount': '1', 'unison_mode': '1', 'unison_voices': '3', 'unison_amount': '0.859375', 'global_transpose': '0', 'glide': '0.200000003', 'filter_routing': '0', 'vol': '0.2869315445', 'polyphony': '0', 'poly_voices': '6', 'hq': 'false', 'mod_matrix': [['env2', 'osc1_wt_position', 1.0], ['lfo1', 'osc1_wt_position', 0.484375], ['lfo2', 'osc1_wt_position', 0.390625], ['press', 'osc1_wt_position', -0.078125], ['env3', 'filter1_frequency', 1.0], ['mod', 'filter1_frequency', -0.6875], ['slide', 'filter1_frequency', -0.6899999976], ['lfo1', 'filter2_frequency', 0.578125], ['press', 'filter2_frequency', -0.15625], ['press', 'unison_amount', -0.609375], ['mod', 'unison_amount', -1.0], ['vel', 'ampmod', 0.5], ['pitchbend', 'pitchmod', 0.04666662216], ['note_pitchbend', 'pitchmod', 1.0]]}"
Bass,Model D Solo,"A dark, deep, and grimey bass sound. It should be fat and lush, with harmonic content and movement throughout the frequency spectrum, especially in the upper mids. Should be inspired by the Model D synthesizer, and still have some vintage flavor. I want it to have a ton of distortion and give a really intense sound. It should give a heavy and ominous feeling, fit for brooding and intense electronic music.","{'wt1': 'Voice Harmonics', 'wt2': 'Sines 1', 'osc1_on': 'true', 'osc1_pitch_transpose': '0', 'osc1_pitch_detune': '-0.0390625', 'osc1_wt_position': '0.1848739535', 'osc1_effect_mode': '2', 'osc1_effect1': '0.28125', 'osc1_effect2': '0.015625', 'osc1_pan': '-0.265625', 'osc1_gain': '0.8739495873', 'osc2_on': 'true', 'osc2_pitch_transpose': '7', 'osc2_pitch_detune': '0.03125', 'osc2_wt_position': '0.3025210202', 'osc2_effect_mode': '1', 'osc2_effect1': '0', 'osc2_effect2': '0.3984375', 'osc2_pan': '0.15625', 'osc2_gain': '0.4117647111', 'sub_on': 'true', 'sub_tone': '0.859375', 'sub_gain': '0.484375', 'sub_octave': '0', 'filter1_on': 'true', 'filter1_type': '0', 'filter1_circuit_lphp': '2', 'filter1_circuit_bpnomo': '0', 'filter1_slope': '0', 'filter1_frequency': '640.006958', 'filter1_resonance': '1.0546875', 'filter1_drive': '21.75', 'filter1_morph': '0', 'filter2_on': 'true', 'filter2_type': '1', 'filter2_circuit_lphp': '2', 'filter2_circuit_bpnomo': '0', 'filter2_slope': '0', 'filter2_frequency': '98.5973053', 'filter2_resonance': '0.9920635223', 'filter2_drive': '18', 'filter2_morph': '0', 'ampenv_attack_time': '0.0007450580597', 'ampenv_decay_time': '7.45152235', 'ampenv_release_time': '0.002245002193', 'ampenv_attack_slope': '0.625', 'ampenv_decay_slope': '0.5', 'ampenv_release_slope': '0.46875', 'ampenv_sustain': '0.9384765625', 'ampenv_loopmode': '0', 'env2_attack_time': '0.0001788884401', 'env2_decay_time': '8.47572899', 'env2_release_time': '0.156843096', 'env2_attack_slope': '-0.4375', 'env2_decay_slope': '1', 'env2_release_slope': '0.5', 'env2_sustain': '0.9296875', 'env2_initial_value': '0.40625', 'env2_peak_value': '0.28125', 'env2_final_value': '0', 'env2_loopmode': '0', 'env3_attack_time': '2.61910558', 'env3_decay_time': '2.43976021', 'env3_release_time': '0.08985137939', 'env3_attack_slope': '0', 'env3_decay_slope': '0.5882352591', 'env3_release_slope': '0.5', 'env3_sustain': '0.75', 'env3_initial_value': '0', 'env3_peak_value': '1', 'env3_final_value': '0', 'env3_loopmode': '0', 'lfo1_retrigger': 'true', 'lfo1_shape_type': '2', 'lfo1_amount': '1', 'lfo1_shaping': '-0.15625', 'lfo1_phase': '0', 'lfo1_sync': '1', 'lfo1_rate': '1.59588182', 'lfo1_synced_rate': '17', 'lfo1_attack': '0', 'lfo2_retrigger': 'true', 'lfo2_shape_type': '1', 'lfo2_amount': '1', 'lfo2_shaping': '0.546875', 'lfo2_phase': '0', 'lfo2_sync': '1', 'lfo2_rate': '3.75874996', 'lfo2_synced_rate': '17', 'lfo2_attack': '0', 'mod_time_scale': '0', 'mod_amount': '0.4375', 'unison_mode': '4', 'unison_voices': '2', 'unison_amount': '0.0078125', 'global_transpose': '-12', 'glide': '0.03404736519', 'filter_routing': '0', 'vol': '0.1650390625', 'polyphony': '0', 'poly_voices': '6', 'hq': 'true', 'mod_matrix': [['vel', 'osc1_wt_position', 0.328125], ['env3', 'osc1_effect1', -0.015625], ['mod', 'osc1_effect1', 0.1875], ['slide', 'osc1_effect1', 0.1899999976], ['lfo1', 'osc1_effect2', -0.015625], ['vel', 'osc1_effect2', 0.15625], ['env2', 'osc2_wt_position', -0.03125], ['lfo2', 'osc2_wt_position', 0.25], ['vel', 'osc2_wt_position', 0.625], ['env2', 'osc2_gain', 0.03125], ['env3', 'osc2_gain', 0.140625], ['lfo1', 'osc2_gain', 0.265625], ['lfo2', 'osc2_gain', -1.0], ['vel', 'osc2_gain', 0.171875], ['mod', 'osc2_gain', -0.046875], ['amp', 'filter1_frequency', -0.09375], ['env2', 'filter1_frequency', 0.65625], ['lfo2', 'filter1_frequency', 0.078125], ['vel', 'filter1_frequency', 0.234375], ['note', 'filter1_frequency', -0.0781416893], ['mod', 'filter1_frequency', -0.09375], ['slide', 'filter1_frequency', -0.09399999678], ['vel', 'filter1_resonance', 0.46875], ['vel', 'filter2_frequency', 0.09312498569], ['env2', 'filter2_resonance', 0.859375], ['vel', 'filter2_resonance', 0.375], ['mod', 'filter2_resonance', 0.75], ['slide', 'filter2_resonance', 0.75], ['env2', 'filter2_drive', 0.21875], ['lfo2', 'filter2_drive', 1.0], ['vel', 'filter2_drive', 0.59375], ['note', 'filter2_drive', 0.03125], ['amp', 'lfo1_amount', 0.65625], ['env2', 'lfo1_amount', -0.21875], ['env3', 'lfo1_amount', 0.015625], ['mod', 'lfo1_amount', 1.0], ['amp', 'lfo2_amount', 0.859375], ['env2', 'lfo2_amount', 0.40625], ['env3', 'lfo2_amount', -0.28125], ['mod', 'lfo2_amount', 1.0], ['env2', 'ampmod', -0.03125], ['vel', 'ampmod', 0.5], ['env3', 'pitchmod', -0.0008999705315], ['vel', 'pitchmod', -0.004999995232], ['pitchbend', 'pitchmod', 0.01999998093], ['note_pitchbend', 'pitchmod', 1.0]]}"
Bass,Granite Shard,"A futuristic sci-fi bass sound, like a high power ray gun is firing off into space. The sound should be jittery and jump around from lfo modulation when held in, sounding like an alien computer making advanced calculations. It should be a fun and light-hearted bass sound, giving low end presence but not taking itself too seriously or trying to be too intense. There should be a good amount of harmonics in the mids from using complex wavetables, but cut them off with a lp filter at the upper mids. The sci-fi bass should have a slight metallic character to it. A bp filter should enhance the upper highs after keypress then sweep down to emphasize the lows, this should help create that sci-fi ray gun like sound.","{'wt1': 'Menace', 'wt2': 'Primes', 'osc1_on': 'true', 'osc1_pitch_transpose': '0', 'osc1_pitch_detune': '0', 'osc1_wt_position': '0.2551440299', 'osc1_effect_mode': '3', 'osc1_effect1': '0', 'osc1_effect2': '0', 'osc1_pan': '0', 'osc1_gain': '1', 'osc2_on': 'true', 'osc2_pitch_transpose': '-12', 'osc2_pitch_detune': '0', 'osc2_wt_position': '0.3781512678', 'osc2_effect_mode': '3', 'osc2_effect1': '0.4375', 'osc2_effect2': '0', 'osc2_pan': '0', 'osc2_gain': '1', 'sub_on': 'true', 'sub_tone': '0', 'sub_gain': '0.8984375', 'sub_octave': '1', 'filter1_on': 'true', 'filter1_type': '0', 'filter1_circuit_lphp': '2', 'filter1_circuit_bpnomo': '0', 'filter1_slope': '0', 'filter1_frequency': '3562.65234', 'filter1_resonance': '0.8234126568', 'filter1_drive': '8.25', 'filter1_morph': '0', 'filter2_on': 'true', 'filter2_type': '2', 'filter2_circuit_lphp': '0', 'filter2_circuit_bpnomo': '1', 'filter2_slope': '0', 'filter2_frequency': '63.4967651', 'filter2_resonance': '0.5952380896', 'filter2_drive': '19.3125', 'filter2_morph': '0', 'ampenv_attack_time': '0.001000000164', 'ampenv_decay_time': '0.5999999642', 'ampenv_release_time': '0.07961914688', 'ampenv_attack_slope': '0', 'ampenv_decay_slope': '0.5', 'ampenv_release_slope': '0.5', 'ampenv_sustain': '0.5011875629', 'ampenv_loopmode': '0', 'env2_attack_time': '0', 'env2_decay_time': '4.04905558', 'env2_release_time': '0.5999999642', 'env2_attack_slope': '0', 'env2_decay_slope': '0.864734292', 'env2_release_slope': '0.5', 'env2_sustain': '0', 'env2_initial_value': '0', 'env2_peak_value': '1', 'env2_final_value': '0', 'env2_loopmode': '0', 'env3_attack_time': '0.001000000164', 'env3_decay_time': '0.5999999642', 'env3_release_time': '0.5999999642', 'env3_attack_slope': '0', 'env3_decay_slope': '0.5', 'env3_release_slope': '0.5', 'env3_sustain': '0.5', 'env3_initial_value': '0', 'env3_peak_value': '1', 'env3_final_value': '0', 'env3_loopmode': '0', 'lfo1_retrigger': 'false', 'lfo1_shape_type': '4', 'lfo1_amount': '1', 'lfo1_shaping': '-0.8125', 'lfo1_phase': '0', 'lfo1_sync': '0', 'lfo1_rate': '12.6620312', 'lfo1_synced_rate': '15', 'lfo1_attack': '0', 'lfo2_retrigger': 'true', 'lfo2_shape_type': '4', 'lfo2_amount': '1', 'lfo2_shaping': '-0.671875', 'lfo2_phase': '0', 'lfo2_sync': '0', 'lfo2_rate': '8.98141861', 'lfo2_synced_rate': '15', 'lfo2_attack': '0', 'mod_time_scale': '0', 'mod_amount': '1', 'unison_mode': '6', 'unison_voices': '5', 'unison_amount': '0.1875', 'global_transpose': '0', 'glide': '0', 'filter_routing': '1', 'vol': '0.19140625', 'polyphony': '1', 'poly_voices': '6', 'hq': 'false', 'mod_matrix': [['lfo1', 'osc1_wt_position', 0.53125], ['press', 'osc1_wt_position', -0.28125], ['mod', 'osc1_wt_position', -0.328125], ['slide', 'osc1_wt_position', -0.3300000131], ['lfo2', 'osc2_wt_position', 0.34375], ['press', 'osc2_wt_position', 0.3125], ['mod', 'osc2_wt_position', 0.765625], ['slide', 'osc2_wt_position', 0.7699999809], ['env2', 'filter2_frequency', 0.75], ['mod', 'filter2_frequency', 0.75], ['slide', 'filter2_frequency', 0.75], ['vel', 'ampmod', 0.5], ['note_pitchbend', 'pitchmod', 1.0]]}"
Bass,Mini Flashlite,"I want a full-bodied saw bass with a lot of bite. It should strike a balance between being aggressive and gritty but also smooth and warm. There needs to be a strong, powerful low end presence and the midrange should be highlighted with a high resonance low pass filter. The saw should have an analog flavor from a lot of attention to detail on the envelopes and lfo modulation, creating that warm and vintage saw tone. A simple, versatile saw bass that could be used across a variety of different genres of electronic music.","{'wt1': 'Basic Shapes', 'wt2': 'Minifilter', 'osc1_on': 'true', 'osc1_pitch_transpose': '-12', 'osc1_pitch_detune': '0', 'osc1_wt_position': '0.5882353187', 'osc1_effect_mode': '2', 'osc1_effect1': '0.25', 'osc1_effect2': '0', 'osc1_pan': '0', 'osc1_gain': '0.7142857313', 'osc2_on': 'true', 'osc2_pitch_transpose': '0', 'osc2_pitch_detune': '-0.0234375', 'osc2_wt_position': '0.5294117928', 'osc2_effect_mode': '2', 'osc2_effect1': '-0.890625', 'osc2_effect2': '0.0703125', 'osc2_pan': '-0.046875', 'osc2_gain': '0.2184873968', 'sub_on': 'true', 'sub_tone': '0.84375', 'sub_gain': '0.3203125', 'sub_octave': '0', 'filter1_on': 'true', 'filter1_type': '0', 'filter1_circuit_lphp': '0', 'filter1_circuit_bpnomo': '0', 'filter1_slope': '0', 'filter1_frequency': '390.065552', 'filter1_resonance': '0.555555582', 'filter1_drive': '6.375', 'filter1_morph': '0', 'filter2_on': 'true', 'filter2_type': '0', 'filter2_circuit_lphp': '0', 'filter2_circuit_bpnomo': '0', 'filter2_slope': '0', 'filter2_frequency': '3721.65723', 'filter2_resonance': '0.4761904776', 'filter2_drive': '3.375', 'filter2_morph': '0', 'ampenv_attack_time': '0.0007450580597', 'ampenv_decay_time': '6.56027508', 'ampenv_release_time': '0.03060164861', 'ampenv_attack_slope': '0', 'ampenv_decay_slope': '0.4761904478', 'ampenv_release_slope': '0.4375', 'ampenv_sustain': '0.9084472656', 'ampenv_loopmode': '0', 'env2_attack_time': '0.002127960324', 'env2_decay_time': '17.0536041', 'env2_release_time': '0.2562014461', 'env2_attack_slope': '0', 'env2_decay_slope': '1', 'env2_release_slope': '0.5', 'env2_sustain': '0.7578125', 'env2_initial_value': '0.1796875', 'env2_peak_value': '0.8515625', 'env2_final_value': '0', 'env2_loopmode': '0', 'env3_attack_time': '0.02910383046', 'env3_decay_time': '3.84613323', 'env3_release_time': '0.5999999642', 'env3_attack_slope': '-0.171875', 'env3_decay_slope': '-0.34375', 'env3_release_slope': '0.5', 'env3_sustain': '0.53125', 'env3_initial_value': '0.4765625', 'env3_peak_value': '0.992307663', 'env3_final_value': '0', 'env3_loopmode': '0', 'lfo1_retrigger': 'true', 'lfo1_shape_type': '0', 'lfo1_amount': '0.1953125', 'lfo1_shaping': '0.4375', 'lfo1_phase': '0', 'lfo1_sync': '1', 'lfo1_rate': '0.2076878995', 'lfo1_synced_rate': '11', 'lfo1_attack': '0.333596468', 'lfo2_retrigger': 'true', 'lfo2_shape_type': '0', 'lfo2_amount': '0.0625', 'lfo2_shaping': '0.375', 'lfo2_phase': '0', 'lfo2_sync': '0', 'lfo2_rate': '0.3239212036', 'lfo2_synced_rate': '15', 'lfo2_attack': '0.078125', 'mod_time_scale': '-0.078125', 'mod_amount': '1', 'unison_mode': '5', 'unison_voices': '4', 'unison_amount': '0.46875', 'global_transpose': '0', 'glide': '0.05269654095', 'filter_routing': '0', 'vol': '0.7943251729', 'polyphony': '0', 'poly_voices': '4', 'hq': 'false', 'mod_matrix': [['lfo2', 'osc1_wt_position', 1.0], ['vel', 'osc1_wt_position', 0.03125], ['mod', 'osc1_wt_position', 0.03125], ['slide', 'osc1_wt_position', 0.03099999949], ['env2', 'osc1_effect1', 0.125], ['env3', 'osc1_effect1', -0.234375], ['lfo1', 'osc1_effect1', 0.09375], ['lfo2', 'osc1_effect1', -0.390625], ['vel', 'osc1_effect1', 0.28125], ['env2', 'osc1_effect2', 0.1875], ['env3', 'osc1_effect2', 0.28125], ['lfo1', 'osc1_effect2', -0.0625], ['vel', 'osc1_effect2', 0.484375], ['env2', 'filter1_frequency', 0.109375], ['env3', 'filter1_frequency', 0.2987499237], ['lfo1', 'filter1_frequency', -0.0625], ['lfo2', 'filter1_frequency', -0.4375], ['vel', 'filter1_frequency', 0.109375], ['press', 'filter1_frequency', 0.5], ['mod', 'filter1_frequency', 0.21875], ['slide', 'filter1_frequency', 0.2199999988], ['env2', 'filter2_frequency', 0.140625], ['env3', 'filter2_frequency', -0.01999998093], ['vel', 'filter2_frequency', -0.009999990463], ['env2', 'env2_attack_time', -0.203125], ['env3', 'env2_attack_time', -0.328125], ['vel', 'env2_attack_time', 0.515625], ['mod', 'lfo1_amount', 0.84375], ['mod', 'lfo1_ratemod', 0.484375], ['slide', 'lfo1_ratemod', 0.4799999893], ['mod', 'lfo2_amount', 1.0], ['mod', 'lfo2_ratemod', 0.390625], ['slide', 'lfo2_ratemod', 0.3899999857], ['env2', 'unison_amount', -0.4375], ['env3', 'unison_amount', 0.578125], ['lfo1', 'unison_amount', 0.078125], ['lfo2', 'unison_amount', 0.265625], ['vel', 'unison_amount', 0.171875], ['mod', 'unison_amount', 0.125], ['vel', 'ampmod', 0.171875], ['pitchbend', 'pitchmod', 0.04200005531], ['note_pitchbend', 'pitchmod', 1.0]]}"
Bass,Wowble Bass,"A bass that starts with a warm and lush vintage sound like synthpop or synthwave music, then morphs into a wobble bass like would be found in dubstep/brostep or heavy D&B. Simple in tone but complex in evolution and movement, playful yet a bit ominous. The bass should be very wide with rich overtones and a fair amount of presence throughout the frequency spectrum.","{'wt1': 'Wow', 'wt2': 'Basic Shapes', 'osc1_on': 'true', 'osc1_pitch_transpose': '-12', 'osc1_pitch_detune': '0', 'osc1_wt_position': '0', 'osc1_effect_mode': '0', 'osc1_effect1': '0', 'osc1_effect2': '0', 'osc1_pan': '0', 'osc1_gain': '1', 'osc2_on': 'true', 'osc2_pitch_transpose': '0', 'osc2_pitch_detune': '0', 'osc2_wt_position': '0.6761904955', 'osc2_effect_mode': '0', 'osc2_effect1': '0', 'osc2_effect2': '0', 'osc2_pan': '0', 'osc2_gain': '0.3333333433', 'sub_on': 'true', 'sub_tone': '0.5317460299', 'sub_gain': '0.5011875033', 'sub_octave': '1', 'filter1_on': 'true', 'filter1_type': '0', 'filter1_circuit_lphp': '4', 'filter1_circuit_bpnomo': '0', 'filter1_slope': '1', 'filter1_frequency': '330.739502', 'filter1_resonance': '0.1190476194', 'filter1_drive': '6.5625', 'filter1_morph': '0', 'filter2_on': 'false', 'filter2_type': '4', 'filter2_circuit_lphp': '0', 'filter2_circuit_bpnomo': '0', 'filter2_slope': '0', 'filter2_frequency': '2268.2041', 'filter2_resonance': '0', 'filter2_drive': '0', 'filter2_morph': '0', 'ampenv_attack_time': '0.002000000095', 'ampenv_decay_time': '0.5999999642', 'ampenv_release_time': '0.5999999642', 'ampenv_attack_slope': '0.71875', 'ampenv_decay_slope': '0.5', 'ampenv_release_slope': '0.5', 'ampenv_sustain': '0.5011875629', 'ampenv_loopmode': '0', 'env2_attack_time': '1', 'env2_decay_time': '0.5', 'env2_release_time': '0.5999999642', 'env2_attack_slope': '0', 'env2_decay_slope': '0', 'env2_release_slope': '0.5', 'env2_sustain': '0.5', 'env2_initial_value': '0', 'env2_peak_value': '1', 'env2_final_value': '0', 'env2_loopmode': '0', 'env3_attack_time': '0.001000000164', 'env3_decay_time': '0.5999999642', 'env3_release_time': '0.5999999642', 'env3_attack_slope': '0', 'env3_decay_slope': '0.5', 'env3_release_slope': '0.5', 'env3_sustain': '0.5', 'env3_initial_value': '0', 'env3_peak_value': '1', 'env3_final_value': '0', 'env3_loopmode': '0', 'lfo1_retrigger': 'true', 'lfo1_shape_type': '0', 'lfo1_amount': '1', 'lfo1_shaping': '0', 'lfo1_phase': '0', 'lfo1_sync': '1', 'lfo1_rate': '0.9999999404', 'lfo1_synced_rate': '2', 'lfo1_attack': '2.0022583', 'lfo2_retrigger': 'true', 'lfo2_shape_type': '0', 'lfo2_amount': '1', 'lfo2_shaping': '0', 'lfo2_phase': '0', 'lfo2_sync': '0', 'lfo2_rate': '0.9999999404', 'lfo2_synced_rate': '15', 'lfo2_attack': '0', 'mod_time_scale': '0', 'mod_amount': '1', 'unison_mode': '2', 'unison_voices': '3', 'unison_amount': '0.125', 'global_transpose': '0', 'glide': '0.200000003', 'filter_routing': '0', 'vol': '0.31640625', 'polyphony': '0', 'poly_voices': '6', 'hq': 'false', 'mod_matrix': [['env2', 'osc1_wt_position', 1.0], ['lfo1', 'osc1_wt_position', 0.484375], ['lfo2', 'osc1_wt_position', 0.0625], ['env3', 'filter1_frequency', 0.484375], ['lfo1', 'filter1_frequency', 0.421875], ['lfo2', 'filter1_frequency', 0.4375], ['vel', 'filter1_frequency', 0.6499999762], ['mod', 'filter1_frequency', -0.171875], ['slide', 'filter1_frequency', -0.1700000018], ['lfo1', 'lfo2_ratemod', 0.484375], ['mod', 'mod_amount', 0.28125], ['vel', 'ampmod', 0.75], ['pitchbend', 'pitchmod', 0.04666662216], ['note_pitchbend', 'pitchmod', 1.0]]}"
Bass,Mad Farfisa,"A huge, howling vintage saw bass. It should have a dynamic velocity dependent analog filter that lets more highs in the harder I play, with a lot of resonance. It should prioritize rich harmonic content over low end presence. I want it to sound like it is made on an old analog synth, but with modern sensibilities on aggressive and gritty bass sounds. There should be a bit of movement, like the sound is growing into its full shape as a note is held down. I want a mix between a vintage analog bass and a modern growl.","{'wt1': 'JX10 Sync', 'wt2': 'Logue Saw Dist', 'osc1_on': 'true', 'osc1_pitch_transpose': '-12', 'osc1_pitch_detune': '-0.0390625', 'osc1_wt_position': '0.5042017102', 'osc1_effect_mode': '2', 'osc1_effect1': '-0.140625', 'osc1_effect2': '0.0703125', 'osc1_pan': '-0.640625', 'osc1_gain': '0.7983193398', 'osc2_on': 'true', 'osc2_pitch_transpose': '0', 'osc2_pitch_detune': '0.03125', 'osc2_wt_position': '0.2521008551', 'osc2_effect_mode': '1', 'osc2_effect1': '0.00100004673', 'osc2_effect2': '0.203125', 'osc2_pan': '0.25', 'osc2_gain': '0.8487395048', 'sub_on': 'true', 'sub_tone': '0.8125', 'sub_gain': '0.6015625', 'sub_octave': '1', 'filter1_on': 'true', 'filter1_type': '0', 'filter1_circuit_lphp': '3', 'filter1_circuit_bpnomo': '0', 'filter1_slope': '0', 'filter1_frequency': '486.105652', 'filter1_resonance': '0.4265873134', 'filter1_drive': '7.875', 'filter1_morph': '0', 'filter2_on': 'true', 'filter2_type': '0', 'filter2_circuit_lphp': '2', 'filter2_circuit_bpnomo': '0', 'filter2_slope': '1', 'filter2_frequency': '3721.55884', 'filter2_resonance': '0.2380952388', 'filter2_drive': '7.6875', 'filter2_morph': '0', 'ampenv_attack_time': '0.0007450580597', 'ampenv_decay_time': '20', 'ampenv_release_time': '0.01598887704', 'ampenv_attack_slope': '0.625', 'ampenv_decay_slope': '0.5', 'ampenv_release_slope': '0.46875', 'ampenv_sustain': '0.87890625', 'ampenv_loopmode': '0', 'env2_attack_time': '0.4170271754', 'env2_decay_time': '7.15796137', 'env2_release_time': '0.009320735', 'env2_attack_slope': '1', 'env2_decay_slope': '1', 'env2_release_slope': '0.375', 'env2_sustain': '0.9140625', 'env2_initial_value': '0.3046875', 'env2_peak_value': '0.640625', 'env2_final_value': '0', 'env2_loopmode': '0', 'env3_attack_time': '2.35741043', 'env3_decay_time': '2.43976021', 'env3_release_time': '0.08985137939', 'env3_attack_slope': '0', 'env3_decay_slope': '0.5882352591', 'env3_release_slope': '0.5', 'env3_sustain': '0.75', 'env3_initial_value': '0.765625', 'env3_peak_value': '0.921875', 'env3_final_value': '0', 'env3_loopmode': '0', 'lfo1_retrigger': 'true', 'lfo1_shape_type': '0', 'lfo1_amount': '0.6953125', 'lfo1_shaping': '0.21875', 'lfo1_phase': '0', 'lfo1_sync': '1', 'lfo1_rate': '1.59588182', 'lfo1_synced_rate': '10', 'lfo1_attack': '0', 'lfo2_retrigger': 'true', 'lfo2_shape_type': '0', 'lfo2_amount': '0.671875', 'lfo2_shaping': '0.546875', 'lfo2_phase': '0', 'lfo2_sync': '1', 'lfo2_rate': '3.75874996', 'lfo2_synced_rate': '13', 'lfo2_attack': '0.03959544003', 'mod_time_scale': '0', 'mod_amount': '0.8125', 'unison_mode': '1', 'unison_voices': '2', 'unison_amount': '0.171875', 'global_transpose': '0', 'glide': '0.01448996365', 'filter_routing': '0', 'vol': '0.0791015625', 'polyphony': '1', 'poly_voices': '6', 'hq': 'false', 'mod_matrix': [['amp', 'osc1_wt_position', 0.4375], ['env2', 'osc1_wt_position', -0.5], ['vel', 'osc1_wt_position', 0.328125], ['mod', 'osc1_wt_position', -0.65625], ['amp', 'osc1_effect1', 0.265625], ['env2', 'osc1_effect1', -0.578125], ['env3', 'osc1_effect1', -0.015625], ['lfo2', 'osc1_effect1', -0.734375], ['mod', 'osc1_effect1', 0.34375], ['env2', 'osc1_effect2', 0.078125], ['lfo1', 'osc1_effect2', -0.015625], ['vel', 'osc1_effect2', 0.15625], ['amp', 'osc2_wt_position', 0.125], ['env2', 'osc2_wt_position', 0.53125], ['lfo1', 'osc2_wt_position', 0.203125], ['lfo2', 'osc2_wt_position', 0.875], ['vel', 'osc2_wt_position', 0.171875], ['env2', 'osc2_gain', 0.03125], ['env3', 'osc2_gain', 0.140625], ['lfo1', 'osc2_gain', 0.265625], ['lfo2', 'osc2_gain', -0.140625], ['vel', 'osc2_gain', 0.59375], ['mod', 'osc2_gain', -1.0], ['amp', 'filter1_frequency', -0.09375], ['env2', 'filter1_frequency', 0.46875], ['env3', 'filter1_frequency', 0.328125], ['lfo1', 'filter1_frequency', -0.203125], ['lfo2', 'filter1_frequency', 0.078125], ['vel', 'filter1_frequency', 0.078125], ['note', 'filter1_frequency', 0.01875162125], ['mod', 'filter1_frequency', 0.109375], ['amp', 'filter1_resonance', 0.1875], ['env2', 'filter1_resonance', 0.015625], ['env3', 'filter1_resonance', -0.0625], ['vel', 'filter1_resonance', 0.453125], ['note', 'filter1_resonance', -0.21875], ['amp', 'filter2_frequency', -0.125], ['env3', 'filter2_frequency', 0.09375], ['lfo1', 'filter2_frequency', -0.921875], ['vel', 'filter2_frequency', 0.15625], ['mod', 'filter2_frequency', 0.21875], ['env2', 'filter2_resonance', 0.859375], ['vel', 'filter2_resonance', 0.375], ['mod', 'filter2_resonance', -0.234375], ['amp', 'filter2_drive', 0.46875], ['env2', 'filter2_drive', 0.046875], ['lfo2', 'filter2_drive', 0.203125], ['vel', 'filter2_drive', 0.671875], ['note', 'filter2_drive', 0.03125], ['mod', 'filter2_drive', 0.8125], ['amp', 'lfo1_amount', 0.65625], ['env2', 'lfo1_amount', -0.21875], ['env3', 'lfo1_amount', 0.015625], ['mod', 'lfo1_amount', 1.0], ['mod', 'lfo1_ratemod', 0.015625], ['amp', 'lfo2_amount', 0.859375], ['env2', 'lfo2_amount', 0.40625], ['env3', 'lfo2_amount', -0.28125], ['mod', 'lfo2_amount', 1.0], ['mod', 'lfo2_ratemod', 0.234375], ['env2', 'ampmod', -0.03125], ['vel', 'ampmod', 0.453125], ['env3', 'pitchmod', -0.0008999705315], ['vel', 'pitchmod', 0.0006999969482], ['pitchbend', 'pitchmod', 0.01999998093], ['note_pitchbend', 'pitchmod', 1.0]]}"
Bass,Abdominal Bass,"A gritty and aggressive bass synth built off of saw waves. It should be heavy-hitting and harmonically rich, dominating the low end and extending a bit up into the mid range. The velocity of the keypress should adjust the wavetable position, creating a sense of variety to the sound. The filter should roll off over time to give more space in the mids. The complex combination of sawtooth waveforms makes the sound very assertive, like the bass you'd hear in industrial, dubstep, or heavy drum and bass music. It provides a sense of power and intensity to the listener.","{'wt1': 'Logue Saw', 'wt2': 'Basic Shapes', 'osc1_on': 'true', 'osc1_pitch_transpose': '-24', 'osc1_pitch_detune': '0', 'osc1_wt_position': '0.2413793057', 'osc1_effect_mode': '3', 'osc1_effect1': '0.015625', 'osc1_effect2': '0', 'osc1_pan': '-0.171875', 'osc1_gain': '1', 'osc2_on': 'true', 'osc2_pitch_transpose': '0', 'osc2_pitch_detune': '-0.0234375', 'osc2_wt_position': '0.6302521229', 'osc2_effect_mode': '1', 'osc2_effect1': '-1', 'osc2_effect2': '0.2265625', 'osc2_pan': '0', 'osc2_gain': '0.8319327831', 'sub_on': 'true', 'sub_tone': '0.84375', 'sub_gain': '0.421875', 'sub_octave': '2', 'filter1_on': 'true', 'filter1_type': '0', 'filter1_circuit_lphp': '2', 'filter1_circuit_bpnomo': '0', 'filter1_slope': '1', 'filter1_frequency': '1308.48315', 'filter1_resonance': '0.2182539701', 'filter1_drive': '6.375', 'filter1_morph': '0', 'filter2_on': 'true', 'filter2_type': '1', 'filter2_circuit_lphp': '4', 'filter2_circuit_bpnomo': '0', 'filter2_slope': '0', 'filter2_frequency': '93.3160172', 'filter2_resonance': '0.7539682984', 'filter2_drive': '2.0625', 'filter2_morph': '0', 'ampenv_attack_time': '0.003335027024', 'ampenv_decay_time': '6.56027508', 'ampenv_release_time': '0.03554481268', 'ampenv_attack_slope': '0', 'ampenv_decay_slope': '0.4761904478', 'ampenv_release_slope': '0.4375', 'ampenv_sustain': '0.9084472656', 'ampenv_loopmode': '0', 'env2_attack_time': '0.1251411438', 'env2_decay_time': '20', 'env2_release_time': '0.8552029729', 'env2_attack_slope': '0', 'env2_decay_slope': '1', 'env2_release_slope': '0.5', 'env2_sustain': '0.953125', 'env2_initial_value': '0.4609375', 'env2_peak_value': '0.8984375', 'env2_final_value': '0', 'env2_loopmode': '0', 'env3_attack_time': '0.0001788884401', 'env3_decay_time': '3.84613323', 'env3_release_time': '0.5999999642', 'env3_attack_slope': '-0.171875', 'env3_decay_slope': '-0.34375', 'env3_release_slope': '0.5', 'env3_sustain': '0.359375', 'env3_initial_value': '0', 'env3_peak_value': '0.992307663', 'env3_final_value': '0', 'env3_loopmode': '0', 'lfo1_retrigger': 'true', 'lfo1_shape_type': '0', 'lfo1_amount': '1', 'lfo1_shaping': '0.25', 'lfo1_phase': '0', 'lfo1_sync': '1', 'lfo1_rate': '0.2076878995', 'lfo1_synced_rate': '15', 'lfo1_attack': '0.002862215042', 'lfo2_retrigger': 'true', 'lfo2_shape_type': '0', 'lfo2_amount': '0.1171875', 'lfo2_shaping': '0.59375', 'lfo2_phase': '0', 'lfo2_sync': '1', 'lfo2_rate': '0.1244027019', 'lfo2_synced_rate': '17', 'lfo2_attack': '0.002862215042', 'mod_time_scale': '-0.078125', 'mod_amount': '1', 'unison_mode': '1', 'unison_voices': '2', 'unison_amount': '0.0234375', 'global_transpose': '12', 'glide': '0.02471923828', 'filter_routing': '0', 'vol': '0.1291503906', 'polyphony': '0', 'poly_voices': '6', 'hq': 'false', 'mod_matrix': [['lfo2', 'osc1_wt_position', 1.0], ['vel', 'osc1_wt_position', 0.375], ['mod', 'osc1_wt_position', 0.03125], ['slide', 'osc1_wt_position', 0.03099999949], ['vel', 'osc1_effect1', 0.01874995232], ['env2', 'osc1_effect2', 0.1875], ['env3', 'osc1_effect2', 0.28125], ['lfo1', 'osc1_effect2', -0.0625], ['vel', 'osc1_effect2', 0.484375], ['vel', 'osc2_effect1', -0.015625], ['vel', 'osc2_effect2', -0.21875], ['env3', 'filter1_frequency', 0.953125], ['lfo1', 'filter1_frequency', -0.001562476158], ['vel', 'filter1_frequency', -0.796875], ['pitchbend', 'filter1_frequency', 0.265625], ['press', 'filter1_frequency', 1.0], ['mod', 'filter1_frequency', 0.21875], ['slide', 'filter1_frequency', 0.2199999988], ['mod', 'lfo1_amount', 1.0], ['mod', 'lfo2_amount', 1.0], ['env3', 'unison_amount', 0.984375], ['lfo1', 'unison_amount', 0.078125], ['lfo2', 'unison_amount', 0.265625], ['mod', 'unison_amount', 0.125], ['vel', 'ampmod', 0.5], ['pitchbend', 'pitchmod', 0.04200005531], ['note_pitchbend', 'pitchmod', 1.0]]}"
Bass,Amber Low Glow,"A monstrous low growl bass that pulsates and evolves over time. It should have a huge presence in the low end that extends well into the mids due to the huge amounts of harmonic content and distortion. The sound should be complex, layered, aggressive, and brooding. An lfo controlling the warp on one of the wavetables gives a pulsating feel, almost like sidechaining. The bass sound should work well in some heavy drum and bass or dubstep, like Noisa. I want it to sound noisy and bring an intimidating and powerful feel to the track.N","{'wt1': 'Beauty Vox', 'wt2': 'Amber', 'osc1_on': 'true', 'osc1_pitch_transpose': '0', 'osc1_pitch_detune': '0', 'osc1_wt_position': '0', 'osc1_effect_mode': '0', 'osc1_effect1': '0', 'osc1_effect2': '0.2265625', 'osc1_pan': '-0.203125', 'osc1_gain': '0.7226890922', 'osc2_on': 'true', 'osc2_pitch_transpose': '-24', 'osc2_pitch_detune': '0', 'osc2_wt_position': '0.2857142985', 'osc2_effect_mode': '3', 'osc2_effect1': '0', 'osc2_effect2': '1', 'osc2_pan': '0', 'osc2_gain': '0.8235294223', 'sub_on': 'true', 'sub_tone': '1', 'sub_gain': '0.6640625', 'sub_octave': '0', 'filter1_on': 'true', 'filter1_type': '1', 'filter1_circuit_lphp': '2', 'filter1_circuit_bpnomo': '0', 'filter1_slope': '0', 'filter1_frequency': '83.5992889', 'filter1_resonance': '0.2380952388', 'filter1_drive': '13', 'filter1_morph': '0', 'filter2_on': 'true', 'filter2_type': '0', 'filter2_circuit_lphp': '4', 'filter2_circuit_bpnomo': '0', 'filter2_slope': '0', 'filter2_frequency': '4899.62646', 'filter2_resonance': '0.3373016119', 'filter2_drive': '4.3125', 'filter2_morph': '0', 'ampenv_attack_time': '0.001000000164', 'ampenv_decay_time': '15.2341862', 'ampenv_release_time': '0.01598887704', 'ampenv_attack_slope': '0', 'ampenv_decay_slope': '0.5', 'ampenv_release_slope': '0.5', 'ampenv_sustain': '0.006103515625', 'ampenv_loopmode': '0', 'env2_attack_time': '7.31900692', 'env2_decay_time': '1.02980101', 'env2_release_time': '0.5999999642', 'env2_attack_slope': '0', 'env2_decay_slope': '0.5', 'env2_release_slope': '0.5', 'env2_sustain': '0', 'env2_initial_value': '0.4854368865', 'env2_peak_value': '0.9805825353', 'env2_final_value': '0', 'env2_loopmode': '0', 'env3_attack_time': '1.31801188', 'env3_decay_time': '9.34090328', 'env3_release_time': '0.337398082', 'env3_attack_slope': '0', 'env3_decay_slope': '0.5', 'env3_release_slope': '0.5', 'env3_sustain': '1', 'env3_initial_value': '0.01941747591', 'env3_peak_value': '1', 'env3_final_value': '0', 'env3_loopmode': '0', 'lfo1_retrigger': 'true', 'lfo1_shape_type': '1', 'lfo1_amount': '0.4296875', 'lfo1_shaping': '0', 'lfo1_phase': '0', 'lfo1_sync': '1', 'lfo1_rate': '11.887639', 'lfo1_synced_rate': '15', 'lfo1_attack': '4.88832569', 'lfo2_retrigger': 'true', 'lfo2_shape_type': '1', 'lfo2_amount': '0.578125', 'lfo2_shaping': '0.625', 'lfo2_phase': '0', 'lfo2_sync': '1', 'lfo2_rate': '30', 'lfo2_synced_rate': '21', 'lfo2_attack': '1.413728', 'mod_time_scale': '1', 'mod_amount': '1', 'unison_mode': '1', 'unison_voices': '2', 'unison_amount': '0.046875', 'global_transpose': '-12', 'glide': '0.001544952393', 'filter_routing': '0', 'vol': '0.1983032227', 'polyphony': '0', 'poly_voices': '6', 'hq': 'false', 'mod_matrix': [['env3', 'osc1_wt_position', 0.765625], ['env2', 'osc2_wt_position', 0.40625], ['mod', 'osc2_wt_position', 0.34375], ['slide', 'osc2_wt_position', 0.3400000036], ['lfo2', 'osc2_effect1', 1.0], ['lfo1', 'filter1_frequency', 0.28125], ['mod', 'filter1_frequency', -0.5625], ['slide', 'filter1_frequency', -0.5600000024], ['env3', 'filter2_frequency', 0.671875], ['mod', 'filter2_frequency', 0.609375], ['slide', 'filter2_frequency', 0.6100000143], ['press', 'lfo2_amount', 0.453125], ['mod', 'lfo2_amount', 0.125], ['vel', 'ampmod', 0.5], ['pitchbend', 'pitchmod', 0.04666662216], ['note_pitchbend', 'pitchmod', 1.0]]}"
Bass,Post Bass,"A dark, deep, sinister bass with a lot of wobble and a vocal quality, like a demon talking from a portal to hell. There should be an lfo with a fast rate controlling a filter to create the inital wobble, and then a separate lfo with a slower rate to create the vocal growl and a repeating pulsating effect. The sound should be complex and harmonically rich, built with FM effects. The bass sound should bring a calculated sense of chaos to the track, creating a mysterious, futuristic, and slightly horrifying feeling, like an impending apocalypse in a sci-fi synthwave universe.","{'wt1': 'Basic Shapes', 'wt2': 'Rust', 'osc1_on': 'true', 'osc1_pitch_transpose': '0', 'osc1_pitch_detune': '0', 'osc1_wt_position': '0.5363636613', 'osc1_effect_mode': '1', 'osc1_effect1': '-0.546875', 'osc1_effect2': '0', 'osc1_pan': '0', 'osc1_gain': '1', 'osc2_on': 'true', 'osc2_pitch_transpose': '-12', 'osc2_pitch_detune': '0', 'osc2_wt_position': '0.3454545438', 'osc2_effect_mode': '1', 'osc2_effect1': '0', 'osc2_effect2': '0', 'osc2_pan': '0', 'osc2_gain': '1', 'sub_on': 'true', 'sub_tone': '0.3359375', 'sub_gain': '0.5011875033', 'sub_octave': '1', 'filter1_on': 'true', 'filter1_type': '0', 'filter1_circuit_lphp': '0', 'filter1_circuit_bpnomo': '0', 'filter1_slope': '0', 'filter1_frequency': '280.423279', 'filter1_resonance': '0', 'filter1_drive': '0', 'filter1_morph': '0', 'filter2_on': 'true', 'filter2_type': '0', 'filter2_circuit_lphp': '0', 'filter2_circuit_bpnomo': '0', 'filter2_slope': '0', 'filter2_frequency': '640.002258', 'filter2_resonance': '0.3273809552', 'filter2_drive': '0', 'filter2_morph': '0', 'ampenv_attack_time': '0.002000000095', 'ampenv_decay_time': '0.7864833474', 'ampenv_release_time': '0.01342003606', 'ampenv_attack_slope': '0.2702702284', 'ampenv_decay_slope': '0.8125', 'ampenv_release_slope': '0.703125', 'ampenv_sustain': '0.5011875629', 'ampenv_loopmode': '0', 'env2_attack_time': '0.001000000164', 'env2_decay_time': '0.9999999404', 'env2_release_time': '0.5000000596', 'env2_attack_slope': '0', 'env2_decay_slope': '0', 'env2_release_slope': '0', 'env2_sustain': '0.5', 'env2_initial_value': '0', 'env2_peak_value': '1', 'env2_final_value': '0', 'env2_loopmode': '0', 'env3_attack_time': '0.001000000164', 'env3_decay_time': '1.413728', 'env3_release_time': '0.5000000596', 'env3_attack_slope': '0', 'env3_decay_slope': '0', 'env3_release_slope': '0', 'env3_sustain': '0.125', 'env3_initial_value': '0', 'env3_peak_value': '1', 'env3_final_value': '0', 'env3_loopmode': '0', 'lfo1_retrigger': 'true', 'lfo1_shape_type': '0', 'lfo1_amount': '1', 'lfo1_shaping': '0', 'lfo1_phase': '289.6875', 'lfo1_sync': '0', 'lfo1_rate': '0.533038497', 'lfo1_synced_rate': '12', 'lfo1_attack': '0', 'lfo2_retrigger': 'false', 'lfo2_shape_type': '0', 'lfo2_amount': '1', 'lfo2_shaping': '0', 'lfo2_phase': '0', 'lfo2_sync': '0', 'lfo2_rate': '0.2424753308', 'lfo2_synced_rate': '12', 'lfo2_attack': '0', 'mod_time_scale': '0', 'mod_amount': '1', 'unison_mode': '3', 'unison_voices': '3', 'unison_amount': '0.9921875', 'global_transpose': '0', 'glide': '0', 'filter_routing': '2', 'vol': '0.5011875629', 'polyphony': '1', 'poly_voices': '6', 'hq': 'false', 'mod_matrix': [['lfo1', 'osc1_wt_position', 0.46875], ['lfo1', 'osc2_wt_position', -0.4375], ['amp', 'sub_tone', 0.96875], ['amp', 'filter1_frequency', 1.0], ['lfo2', 'filter1_frequency', 0.65625], ['lfo1', 'filter2_frequency', 0.390625], ['lfo2', 'filter2_morph', 0.375], ['env3', 'lfo2_ratemod', 0.59375], ['amp', 'unison_amount', 0.65625], ['note_pitchbend', 'pitchmod', 1.0]]}"
Bass,Tunnel Vision,"I want a wide full spectrum synth that provides low end presence and extends all the way up through the mids and highs with lots of harmonic content, without being overbearing or too aggressive. I want it to have a lp filter that expands up to reveal more of the highs as the wavetables move around, to try to recreate the feeling of entering a state of deep focus, like you have tunnel vision. It should have a long evolution, continuing to change quality and tone for at least 10 seconds. It should start with an energetic, slightly hollow sound that reveals its purity and complexity as it evolves.","{'wt1': 'Unaligned Form', 'wt2': 'Beating 3', 'osc1_on': 'true', 'osc1_pitch_transpose': '0', 'osc1_pitch_detune': '0', 'osc1_wt_position': '0.8828125', 'osc1_effect_mode': '2', 'osc1_effect1': '0', 'osc1_effect2': '0', 'osc1_pan': '-0.03125', 'osc1_gain': '0.7478991747', 'osc2_on': 'true', 'osc2_pitch_transpose': '-12', 'osc2_pitch_detune': '0', 'osc2_wt_position': '0.2941176593', 'osc2_effect_mode': '3', 'osc2_effect1': '-0.296875', 'osc2_effect2': '1', 'osc2_pan': '0.484375', 'osc2_gain': '0.9327731133', 'sub_on': 'true', 'sub_tone': '0.65625', 'sub_gain': '0.4609375', 'sub_octave': '0', 'filter1_on': 'true', 'filter1_type': '1', 'filter1_circuit_lphp': '2', 'filter1_circuit_bpnomo': '0', 'filter1_slope': '0', 'filter1_frequency': '56.8834229', 'filter1_resonance': '0.2083333433', 'filter1_drive': '8', 'filter1_morph': '0', 'filter2_on': 'true', 'filter2_type': '0', 'filter2_circuit_lphp': '2', 'filter2_circuit_bpnomo': '0', 'filter2_slope': '0', 'filter2_frequency': '2268.177', 'filter2_resonance': '0.7043650746', 'filter2_drive': '6', 'filter2_morph': '0', 'ampenv_attack_time': '0.001000000164', 'ampenv_decay_time': '15.2341862', 'ampenv_release_time': '0.1266317517', 'ampenv_attack_slope': '0', 'ampenv_decay_slope': '0.5', 'ampenv_release_slope': '0.5', 'ampenv_sustain': '0.08355712891', 'ampenv_loopmode': '0', 'env2_attack_time': '7.31900692', 'env2_decay_time': '1.02980101', 'env2_release_time': '0.5999999642', 'env2_attack_slope': '0', 'env2_decay_slope': '0.5', 'env2_release_slope': '0.5', 'env2_sustain': '0', 'env2_initial_value': '0.4854368865', 'env2_peak_value': '0.9805825353', 'env2_final_value': '0', 'env2_loopmode': '0', 'env3_attack_time': '1.31801188', 'env3_decay_time': '9.34090328', 'env3_release_time': '0.337398082', 'env3_attack_slope': '0', 'env3_decay_slope': '0.5', 'env3_release_slope': '0.5', 'env3_sustain': '0', 'env3_initial_value': '0.01941747591', 'env3_peak_value': '1', 'env3_final_value': '0', 'env3_loopmode': '2', 'lfo1_retrigger': 'true', 'lfo1_shape_type': '1', 'lfo1_amount': '0.3828125', 'lfo1_shaping': '0', 'lfo1_phase': '0', 'lfo1_sync': '1', 'lfo1_rate': '11.887639', 'lfo1_synced_rate': '8', 'lfo1_attack': '0', 'lfo2_retrigger': 'true', 'lfo2_shape_type': '1', 'lfo2_amount': '0.3515625', 'lfo2_shaping': '0.75', 'lfo2_phase': '0', 'lfo2_sync': '1', 'lfo2_rate': '30', 'lfo2_synced_rate': '12', 'lfo2_attack': '1.413728', 'mod_time_scale': '0.34375', 'mod_amount': '1', 'unison_mode': '6', 'unison_voices': '2', 'unison_amount': '0.140625', 'global_transpose': '0', 'glide': '0.001544952393', 'filter_routing': '0', 'vol': '0.07943233848', 'polyphony': '1', 'poly_voices': '6', 'hq': 'false', 'mod_matrix': [['env2', 'osc1_wt_position', -0.046875], ['env3', 'osc1_wt_position', -1.0], ['mod', 'osc1_effect2', -1.0], ['lfo2', 'osc1_gain', -0.125], ['env2', 'osc2_wt_position', 0.90625], ['env3', 'osc2_wt_position', -0.390625], ['mod', 'osc2_wt_position', -1.0], ['slide', 'osc2_wt_position', -1.0], ['lfo2', 'osc2_effect1', 0.203125], ['lfo2', 'osc2_gain', 0.75], ['amp', 'sub_gain', 0.4375], ['lfo1', 'filter1_frequency', 0.28125], ['env3', 'filter2_frequency', 0.671875], ['lfo2', 'filter2_frequency', -0.546875], ['mod', 'lfo1_amount', 1.0], ['mod', 'lfo2_amount', 1.0], ['lfo2', 'unison_amount', 0.8125], ['vel', 'ampmod', 0.5], ['pitchbend', 'pitchmod', 0.04666662216], ['note_pitchbend', 'pitchmod', 1.0]]}"
Bass,Hot Wobble,"Wobble bass. Dark, warm, a little grimy, a bit mysterious. It should have a big wub to start, then morph into a bunch of faster wubwubwubs later. Don't make it too aggressive or gritty, it is wobble bass so it should have a beefy low end obv but don't OD on it. Should be similar to a lot of the mid 2000s / early 2010 dubstep wobble basses. Sound kinda brooding but not overbearing. Just a simple wobble bass, you can control the wub with some LFOs mapped to a LP filter and maybe change the wavetable position a bit with some of the envelopes. ","{'wt1': 'Logue Saw', 'wt2': 'Basic Shapes', 'osc1_on': 'true', 'osc1_pitch_transpose': '0', 'osc1_pitch_detune': '0', 'osc1_wt_position': '0.310924381', 'osc1_effect_mode': '0', 'osc1_effect1': '0', 'osc1_effect2': '0', 'osc1_pan': '0', 'osc1_gain': '1', 'osc2_on': 'false', 'osc2_pitch_transpose': '0', 'osc2_pitch_detune': '0', 'osc2_wt_position': '0', 'osc2_effect_mode': '0', 'osc2_effect1': '0', 'osc2_effect2': '0', 'osc2_pan': '0', 'osc2_gain': '1', 'sub_on': 'false', 'sub_tone': '0', 'sub_gain': '0.5011875033', 'sub_octave': '1', 'filter1_on': 'true', 'filter1_type': '0', 'filter1_circuit_lphp': '2', 'filter1_circuit_bpnomo': '0', 'filter1_slope': '0', 'filter1_frequency': '153.111908', 'filter1_resonance': '0.6646825075', 'filter1_drive': '1.5', 'filter1_morph': '0', 'filter2_on': 'true', 'filter2_type': '0', 'filter2_circuit_lphp': '2', 'filter2_circuit_bpnomo': '0', 'filter2_slope': '0', 'filter2_frequency': '1460.56543', 'filter2_resonance': '0.6150793433', 'filter2_drive': '8.8125', 'filter2_morph': '0', 'ampenv_attack_time': '0.01064747199', 'ampenv_decay_time': '0.6876273751', 'ampenv_release_time': '0.1718467772', 'ampenv_attack_slope': '0.4805195332', 'ampenv_decay_slope': '0.7407407761', 'ampenv_release_slope': '0.3731343746', 'ampenv_sustain': '1', 'ampenv_loopmode': '0', 'env2_attack_time': '1.45096552', 'env2_decay_time': '0.417385757', 'env2_release_time': '2.50691986', 'env2_attack_slope': '0.3692307472', 'env2_decay_slope': '0.8484848738', 'env2_release_slope': '0.5', 'env2_sustain': '0.4846153855', 'env2_initial_value': '0', 'env2_peak_value': '1', 'env2_final_value': '0', 'env2_loopmode': '0', 'env3_attack_time': '0.6525079012', 'env3_decay_time': '2.8161335', 'env3_release_time': '0.5999999642', 'env3_attack_slope': '0', 'env3_decay_slope': '0.5', 'env3_release_slope': '0.5', 'env3_sustain': '0.0153846154', 'env3_initial_value': '0', 'env3_peak_value': '1', 'env3_final_value': '0', 'env3_loopmode': '0', 'lfo1_retrigger': 'true', 'lfo1_shape_type': '1', 'lfo1_amount': '1', 'lfo1_shaping': '0', 'lfo1_phase': '270', 'lfo1_sync': '1', 'lfo1_rate': '0.9999998808', 'lfo1_synced_rate': '17', 'lfo1_attack': '0', 'lfo2_retrigger': 'true', 'lfo2_shape_type': '1', 'lfo2_amount': '1', 'lfo2_shaping': '0.390625', 'lfo2_phase': '0', 'lfo2_sync': '0', 'lfo2_rate': '1.31311905', 'lfo2_synced_rate': '15', 'lfo2_attack': '0', 'mod_time_scale': '0', 'mod_amount': '1', 'unison_mode': '1', 'unison_voices': '2', 'unison_amount': '0.109375', 'global_transpose': '-12', 'glide': '0.09956479073', 'filter_routing': '0', 'vol': '0.2238721251', 'polyphony': '0', 'poly_voices': '6', 'hq': 'false', 'mod_matrix': [['env3', 'osc1_wt_position', 0.546875], ['env2', 'filter1_frequency', 0.546875], ['note', 'filter1_frequency', 0.0006675720215], ['lfo1', 'filter2_frequency', -0.15625], ['lfo2', 'env2_peak_value', 1.0], ['lfo1', 'env2_sustain', 1.0], ['lfo2', 'lfo1_shaping', 0.4375], ['lfo1', 'lfo2_shaping', 0.421875], ['lfo2', 'mod_time_sclae', 0.09375], ['note_pitchbend', 'pitchmod', 1.0]]}"
Bass,Granite Face,"A loud, intense, almost overwhelming bass synth built off of saw waves with FM synthesis for a ton of harmonic presence throughout the frequency spectrum. The sound should be energetic, distorted and buzzing, something that will melt your face off. It should start with a lot of low end presence then cut it out with a high pass filter, then drop the filter back and let the low end back in. When the low end is in at the end it should be a really intense and overbearing sound, like an MRI machine spinning around you, and should induce feelings of anxiety or unease. There should be a bit of movement and dynamics in the sound, like the wavetables are morphing as the filter moves.","{'wt1': 'Octa Phase', 'wt2': 'Saw Dual 3', 'osc1_on': 'true', 'osc1_pitch_transpose': '0', 'osc1_pitch_detune': '0', 'osc1_wt_position': '0.2268907577', 'osc1_effect_mode': '1', 'osc1_effect1': '-1', 'osc1_effect2': '1', 'osc1_pan': '-0.40625', 'osc1_gain': '0.8151260614', 'osc2_on': 'true', 'osc2_pitch_transpose': '0', 'osc2_pitch_detune': '0', 'osc2_wt_position': '0.2184873968', 'osc2_effect_mode': '1', 'osc2_effect1': '0', 'osc2_effect2': '0.890625', 'osc2_pan': '0.21875', 'osc2_gain': '0.8151260614', 'sub_on': 'true', 'sub_tone': '0.6796875', 'sub_gain': '0.8203125', 'sub_octave': '1', 'filter1_on': 'true', 'filter1_type': '0', 'filter1_circuit_lphp': '3', 'filter1_circuit_bpnomo': '0', 'filter1_slope': '1', 'filter1_frequency': '1308.48315', 'filter1_resonance': '0.4417322576', 'filter1_drive': '16.6875', 'filter1_morph': '0', 'filter2_on': 'true', 'filter2_type': '1', 'filter2_circuit_lphp': '4', 'filter2_circuit_bpnomo': '0', 'filter2_slope': '1', 'filter2_frequency': '98.5946655', 'filter2_resonance': '0.7670454979', 'filter2_drive': '10.125', 'filter2_morph': '0', 'ampenv_attack_time': '0.001128335833', 'ampenv_decay_time': '0.5999999642', 'ampenv_release_time': '0.156843096', 'ampenv_attack_slope': '0.71875', 'ampenv_decay_slope': '0.5', 'ampenv_release_slope': '0.5', 'ampenv_sustain': '0.6729125977', 'ampenv_loopmode': '0', 'env2_attack_time': '9.05622673', 'env2_decay_time': '2.16235757', 'env2_release_time': '0.5462170243', 'env2_attack_slope': '0.7024793625', 'env2_decay_slope': '0', 'env2_release_slope': '0.5', 'env2_sustain': '0.4296875', 'env2_initial_value': '0.0625', 'env2_peak_value': '0.8769230843', 'env2_final_value': '0', 'env2_loopmode': '0', 'env3_attack_time': '2.48567581', 'env3_decay_time': '7.66029549', 'env3_release_time': '0.2333220392', 'env3_attack_slope': '0.3692307472', 'env3_decay_slope': '0.5', 'env3_release_slope': '0.5', 'env3_sustain': '0.4453125', 'env3_initial_value': '0', 'env3_peak_value': '0.8692307472', 'env3_final_value': '0', 'env3_loopmode': '0', 'lfo1_retrigger': 'true', 'lfo1_shape_type': '3', 'lfo1_amount': '1', 'lfo1_shaping': '-0.046875', 'lfo1_phase': '2.8125', 'lfo1_sync': '1', 'lfo1_rate': '17.5285397', 'lfo1_synced_rate': '12', 'lfo1_attack': '0', 'lfo2_retrigger': 'true', 'lfo2_shape_type': '3', 'lfo2_amount': '1', 'lfo2_shaping': '0.1875', 'lfo2_phase': '42.1875', 'lfo2_sync': '1', 'lfo2_rate': '1.73247743', 'lfo2_synced_rate': '8', 'lfo2_attack': '0', 'mod_time_scale': '-0.5', 'mod_amount': '1.234375', 'unison_mode': '4', 'unison_voices': '2', 'unison_amount': '0.0703125', 'global_transpose': '0', 'glide': '0.078125', 'filter_routing': '0', 'vol': '0.1258927286', 'polyphony': '0', 'poly_voices': '6', 'hq': 'false', 'mod_matrix': [['amp', 'osc1_wt_position', 0.25], ['env2', 'osc1_wt_position', 0.703125], ['lfo1', 'osc1_wt_position', 0.484375], ['lfo2', 'osc1_wt_position', 0.390625], ['vel', 'osc1_wt_position', -0.671875], ['amp', 'osc2_wt_position', 0.453125], ['env2', 'osc2_wt_position', 0.734375], ['env3', 'osc2_wt_position', 0.09375], ['vel', 'osc2_wt_position', -0.625], ['mod', 'osc2_wt_position', 0.171875], ['slide', 'osc2_wt_position', 0.1700000018], ['amp', 'filter1_frequency', 0.28125], ['env3', 'filter1_frequency', 0.578125], ['vel', 'filter1_frequency', -0.375], ['pitchbend', 'filter1_frequency', -0.1875], ['mod', 'filter1_frequency', -0.34375], ['slide', 'filter1_frequency', -0.3400000036], ['amp', 'filter2_frequency', -0.390625], ['env2', 'filter2_frequency', 0.515625], ['lfo1', 'filter2_frequency', 0.453125], ['vel', 'filter2_frequency', -0.1875], ['pitchbend', 'filter2_frequency', 0.0625], ['mod', 'filter2_frequency', -0.265625], ['slide', 'filter2_frequency', -0.2700000107], ['mod', 'lfo1_amount', 1.0], ['mod', 'lfo1_ratemod', -0.234375], ['slide', 'lfo1_ratemod', -0.2300000042], ['env3', 'lfo2_amount', 0.21875], ['lfo1', 'lfo2_amount', 0.1875], ['mod', 'lfo2_amount', 1.0], ['mod', 'lfo2_ratemod', 0.515625], ['slide', 'lfo2_ratemod', 0.5199999809], ['env2', 'unison_amount', 0.125], ['lfo1', 'unison_amount', 0.5], ['lfo2', 'unison_amount', 0.203125], ['mod', 'unison_amount', -0.125], ['amp', 'ampmod', 0.25], ['env3', 'ampmod', 0.125], ['vel', 'ampmod', 0.5], ['pitchbend', 'pitchmod', 0.2400000095], ['press', 'pitchmod', 0.046875], ['note_pitchbend', 'pitchmod', 1.0]]}"
Bass,Shockwave Bass,"A heavy, abrasive, rhythmic and industrial bass sound, reminiscent of the opening track On Sight to Kanye West's Yeezus album, or Death Grips works like The Fever. Electro-industrial, industrial hip-hop, experimental. Very dense, and noisy with a lot of movement, modulation to create a sense of rhythm. A very creative and forward thinking bass patch. Futuristic, rebellious, and raw. There should be a lot of harmonic content from using a noisy wavetable and FM effects, and the LFOs should change the wt position and pw to create a noisy but distinct rhythm.","{'wt1': 'Charcoal', 'wt2': 'Basic Shapes', 'osc1_on': 'true', 'osc1_pitch_transpose': '0', 'osc1_pitch_detune': '0', 'osc1_wt_position': '0.5', 'osc1_effect_mode': '1', 'osc1_effect1': '-0.5049999952', 'osc1_effect2': '1', 'osc1_pan': '0', 'osc1_gain': '1', 'osc2_on': 'false', 'osc2_pitch_transpose': '0', 'osc2_pitch_detune': '0', 'osc2_wt_position': '0', 'osc2_effect_mode': '0', 'osc2_effect1': '0', 'osc2_effect2': '0', 'osc2_pan': '0', 'osc2_gain': '1', 'sub_on': 'true', 'sub_tone': '0', 'sub_gain': '0.5011875033', 'sub_octave': '1', 'filter1_on': 'true', 'filter1_type': '0', 'filter1_circuit_lphp': '3', 'filter1_circuit_bpnomo': '0', 'filter1_slope': '0', 'filter1_frequency': '5469.35645', 'filter1_resonance': '0.396825403', 'filter1_drive': '2.625', 'filter1_morph': '0', 'filter2_on': 'true', 'filter2_type': '3', 'filter2_circuit_lphp': '0', 'filter2_circuit_bpnomo': '0', 'filter2_slope': '0', 'filter2_frequency': '190.783005', 'filter2_resonance': '0.09999999404', 'filter2_drive': '0', 'filter2_morph': '0', 'ampenv_attack_time': '0.0048828125', 'ampenv_decay_time': '0.3969781697', 'ampenv_release_time': '0.007722333074', 'ampenv_attack_slope': '1', 'ampenv_decay_slope': '1', 'ampenv_release_slope': '1', 'ampenv_sustain': '1', 'ampenv_loopmode': '0', 'env2_attack_time': '0', 'env2_decay_time': '0.1787237078', 'env2_release_time': '0.00483477721', 'env2_attack_slope': '0', 'env2_decay_slope': '1', 'env2_release_slope': '1', 'env2_sustain': '0.7421875', 'env2_initial_value': '0', 'env2_peak_value': '0.9864864945', 'env2_final_value': '0', 'env2_loopmode': '0', 'env3_attack_time': '0.001000000164', 'env3_decay_time': '0.5999999642', 'env3_release_time': '0.5999999642', 'env3_attack_slope': '0', 'env3_decay_slope': '0.5', 'env3_release_slope': '0.5', 'env3_sustain': '0.5', 'env3_initial_value': '0', 'env3_peak_value': '1', 'env3_final_value': '0', 'env3_loopmode': '2', 'lfo1_retrigger': 'true', 'lfo1_shape_type': '1', 'lfo1_amount': '1', 'lfo1_shaping': '0.609375', 'lfo1_phase': '270', 'lfo1_sync': '1', 'lfo1_rate': '0.499999851', 'lfo1_synced_rate': '6', 'lfo1_attack': '0', 'lfo2_retrigger': 'true', 'lfo2_shape_type': '2', 'lfo2_amount': '1', 'lfo2_shaping': '-0.46875', 'lfo2_phase': '0', 'lfo2_sync': '1', 'lfo2_rate': '0.9999998808', 'lfo2_synced_rate': '15', 'lfo2_attack': '2.35741019', 'mod_time_scale': '0', 'mod_amount': '1', 'unison_mode': '1', 'unison_voices': '3', 'unison_amount': '0.59375', 'global_transpose': '-12', 'glide': '0.1999999881', 'filter_routing': '0', 'vol': '0.3433227539', 'polyphony': '0', 'poly_voices': '6', 'hq': 'false', 'mod_matrix': [['lfo1', 'osc1_wt_position', 1.0], ['mod', 'osc1_wt_position', 0.0001000165939], ['slide', 'osc1_wt_position', 9.999999747e-05], ['lfo2', 'osc1_effect2', 0.390625], ['mod', 'osc1_effect2', -0.546875], ['note', 'filter1_frequency', 1.0], ['mod', 'filter1_frequency', -0.5], ['slide', 'filter1_frequency', -0.5], ['env3', 'filter2_frequency', 0.40625], ['mod', 'lfo1_amount', -0.609375], ['vel', 'ampmod', 0.5], ['pitchbend', 'pitchmod', 0.324000001], ['note_pitchbend', 'pitchmod', 1.0]]}"
Bass,Nasal Petroleum,"I want a dark and futuristic bass sound with heavy modulation. It should be complex, heady, and haunting, with a big filter sweep to create an evolving sense of movement. The sound should evoke the theme of the Ghost in the Machine, like a little consciousness is trapped inside a robot. The sound should be a bit wobbly and chaotic, and create a mysterious and menacing emotion. The complexity and evolving nature of the bass make it demand attention, but it can't be overbearing or too intense. There should be a jittery pulsation from LFO modulation after a note is held in. It should share dark, atmospheric, and ominous sensibilities of late 2000s dubstep.","{'wt1': 'Brutal Metal', 'wt2': 'Aligned Form', 'osc1_on': 'true', 'osc1_pitch_transpose': '0', 'osc1_pitch_detune': '0', 'osc1_wt_position': '0.09900990129', 'osc1_effect_mode': '0', 'osc1_effect1': '0', 'osc1_effect2': '0', 'osc1_pan': '0', 'osc1_gain': '0.9159663916', 'osc2_on': 'true', 'osc2_pitch_transpose': '12', 'osc2_pitch_detune': '0', 'osc2_wt_position': '0.6190476418', 'osc2_effect_mode': '3', 'osc2_effect1': '0.09375', 'osc2_effect2': '0', 'osc2_pan': '0', 'osc2_gain': '1', 'sub_on': 'true', 'sub_tone': '0', 'sub_gain': '0.1746031791', 'sub_octave': '0', 'filter1_on': 'true', 'filter1_type': '0', 'filter1_circuit_lphp': '3', 'filter1_circuit_bpnomo': '0', 'filter1_slope': '0', 'filter1_frequency': '45.6438942', 'filter1_resonance': '0.6150793433', 'filter1_drive': '14.625', 'filter1_morph': '0', 'filter2_on': 'true', 'filter2_type': '1', 'filter2_circuit_lphp': '3', 'filter2_circuit_bpnomo': '0', 'filter2_slope': '0', 'filter2_frequency': '1308.48315', 'filter2_resonance': '0.7440476418', 'filter2_drive': '8.25', 'filter2_morph': '0', 'ampenv_attack_time': '0.9223781824', 'ampenv_decay_time': '2.08573532', 'ampenv_release_time': '2.99392128', 'ampenv_attack_slope': '0', 'ampenv_decay_slope': '0.5', 'ampenv_release_slope': '0.3283581734', 'ampenv_sustain': '0.3535427451', 'ampenv_loopmode': '0', 'env2_attack_time': '0', 'env2_decay_time': '0.1252808273', 'env2_release_time': '4.04905558', 'env2_attack_slope': '0', 'env2_decay_slope': '0.5', 'env2_release_slope': '0.6023391485', 'env2_sustain': '0.3429951668', 'env2_initial_value': '0', 'env2_peak_value': '0', 'env2_final_value': '1', 'env2_loopmode': '0', 'env3_attack_time': '1.51233613', 'env3_decay_time': '5.00707531', 'env3_release_time': '0.001500000013', 'env3_attack_slope': '-0.5748792291', 'env3_decay_slope': '0.4705882072', 'env3_release_slope': '0.5', 'env3_sustain': '0', 'env3_initial_value': '0', 'env3_peak_value': '1', 'env3_final_value': '0', 'env3_loopmode': '2', 'lfo1_retrigger': 'true', 'lfo1_shape_type': '0', 'lfo1_amount': '0.2734375', 'lfo1_shaping': '-0.6875', 'lfo1_phase': '0', 'lfo1_sync': '0', 'lfo1_rate': '1.77525496', 'lfo1_synced_rate': '15', 'lfo1_attack': '0', 'lfo2_retrigger': 'false', 'lfo2_shape_type': '4', 'lfo2_amount': '0.515625', 'lfo2_shaping': '0', 'lfo2_phase': '0', 'lfo2_sync': '0', 'lfo2_rate': '1.51094282', 'lfo2_synced_rate': '15', 'lfo2_attack': '0', 'mod_time_scale': '-0.125', 'mod_amount': '0.953125', 'unison_mode': '1', 'unison_voices': '2', 'unison_amount': '0.2734375', 'global_transpose': '-12', 'glide': '0', 'filter_routing': '1', 'vol': '0.5011875629', 'polyphony': '0', 'poly_voices': '6', 'hq': 'false', 'mod_matrix': [['amp', 'osc1_wt_position', 1.0], ['press', 'osc1_wt_position', -0.515625], ['env2', 'osc1_gain', -1.0], ['press', 'osc1_gain', 0.3125], ['vel', 'osc2_wt_position', 0.5], ['mod', 'osc2_wt_position', 0.515625], ['slide', 'osc2_wt_position', 0.5199999809], ['lfo1', 'osc2_effect1', 1.0], ['env2', 'osc2_gain', 1.0], ['amp', 'filter1_frequency', 0.421875], ['env3', 'filter1_frequency', 1.0], ['mod', 'filter1_frequency', 0.5], ['slide', 'filter1_frequency', 0.5], ['note', 'filter2_frequency', 0.1000165939], ['mod', 'filter2_frequency', 0.5], ['slide', 'filter2_frequency', 0.5], ['env2', 'env3_peak_value', -0.671875], ['vel', 'env3_peak_value', 1.0], ['lfo2', 'lfo1_ratemod', 0.25], ['env2', 'unison_amount', 0.921875], ['vel', 'ampmod', 0.5], ['pitchbend', 'pitchmod', 0.5], ['note_pitchbend', 'pitchmod', 1.0]]}"
Bass,Golden Growl,"A huge and impactful growl bass with a big wub. It should start with a big boom in the low end, like a kick drum, and have a resonant growl in the low mids to bring depth and weight. Some filter modulation should open up and close a low pass filter to let some of the mids and upper mids into the sound, creating a vocal, talking effect, like the wobble you hear in dubstep. The sound should be built from distorted, noisy wavetables with FM synthesis, adding a lot of harmonic content, and the sound should have a few voices of unison to create width and presence. The bass should be imposing, impactful, and energetic, perfect for dubstep or trap music.","{'wt1': 'Phased', 'wt2': 'Echoes', 'osc1_on': 'true', 'osc1_pitch_transpose': '0', 'osc1_pitch_detune': '-0.0234375', 'osc1_wt_position': '0.2183908075', 'osc1_effect_mode': '1', 'osc1_effect1': '1', 'osc1_effect2': '1', 'osc1_pan': '0', 'osc1_gain': '1', 'osc2_on': 'true', 'osc2_pitch_transpose': '-12', 'osc2_pitch_detune': '0.015625', 'osc2_wt_position': '0', 'osc2_effect_mode': '1', 'osc2_effect1': '1', 'osc2_effect2': '1', 'osc2_pan': '0', 'osc2_gain': '0.9885057211', 'sub_on': 'true', 'sub_tone': '0.5793650746', 'sub_gain': '0.5079365373', 'sub_octave': '1', 'filter1_on': 'true', 'filter1_type': '0', 'filter1_circuit_lphp': '4', 'filter1_circuit_bpnomo': '0', 'filter1_slope': '1', 'filter1_frequency': '130.887497', 'filter1_resonance': '0.5681818128', 'filter1_drive': '3.5625', 'filter1_morph': '0', 'filter2_on': 'true', 'filter2_type': '0', 'filter2_circuit_lphp': '4', 'filter2_circuit_bpnomo': '0', 'filter2_slope': '0', 'filter2_frequency': '6177.48242', 'filter2_resonance': '0.3977272511', 'filter2_drive': '12.1875', 'filter2_morph': '0', 'ampenv_attack_time': '0.001366027165', 'ampenv_decay_time': '0.112139903', 'ampenv_release_time': '0.07961914688', 'ampenv_attack_slope': '-0.4864864945', 'ampenv_decay_slope': '0.555555582', 'ampenv_release_slope': '0.5', 'ampenv_sustain': '0.7715485692', 'ampenv_loopmode': '0', 'env2_attack_time': '0.000208439189', 'env2_decay_time': '0.09482071549', 'env2_release_time': '8.96333122', 'env2_attack_slope': '-0.8181818128', 'env2_decay_slope': '0.6986300945', 'env2_release_slope': '0.5', 'env2_sustain': '0', 'env2_initial_value': '0', 'env2_peak_value': '0.9864864945', 'env2_final_value': '0', 'env2_loopmode': '0', 'env3_attack_time': '0.6953984499', 'env3_decay_time': '0.2716169357', 'env3_release_time': '0.7729808688', 'env3_attack_slope': '-1', 'env3_decay_slope': '0.9428571463', 'env3_release_slope': '-0.7142857313', 'env3_sustain': '0', 'env3_initial_value': '0', 'env3_peak_value': '0.4729729593', 'env3_final_value': '0', 'env3_loopmode': '2', 'lfo1_retrigger': 'true', 'lfo1_shape_type': '0', 'lfo1_amount': '0.953125', 'lfo1_shaping': '-0.28125', 'lfo1_phase': '81.5625', 'lfo1_sync': '1', 'lfo1_rate': '0.009999999776', 'lfo1_synced_rate': '0', 'lfo1_attack': '0', 'lfo2_retrigger': 'true', 'lfo2_shape_type': '1', 'lfo2_amount': '1', 'lfo2_shaping': '-1', 'lfo2_phase': '0', 'lfo2_sync': '1', 'lfo2_rate': '0.009999999776', 'lfo2_synced_rate': '0', 'lfo2_attack': '0', 'mod_time_scale': '0', 'mod_amount': '1', 'unison_mode': '1', 'unison_voices': '5', 'unison_amount': '0.1796875', 'global_transpose': '0', 'glide': '0.04579544067', 'filter_routing': '0', 'vol': '0.1995255202', 'polyphony': '0', 'poly_voices': '6', 'hq': 'true', 'mod_matrix': [['env2', 'osc1_wt_position', 0.34375], ['env3', 'osc1_effect1', 1.0], ['mod', 'osc1_effect1', 0.453125], ['slide', 'osc1_effect1', 0.4499999881], ['env2', 'osc2_wt_position', 0.4800004959], ['env3', 'osc2_effect2', 0.8600001335], ['lfo1', 'osc2_effect2', 0.515625], ['lfo2', 'osc2_effect2', -0.5625], ['mod', 'osc2_effect2', 0.1875], ['env3', 'filter1_frequency', 0.9700000286], ['lfo1', 'filter1_frequency', -0.5625], ['lfo2', 'filter1_frequency', 0.171875], ['env3', 'filter2_frequency', -0.4950003624], ['lfo1', 'filter2_frequency', 0.375], ['lfo2', 'lfo1_amount', 0.740000248], ['mod', 'lfo1_amount', 1.0], ['mod', 'lfo1_ratemod', 0.5], ['slide', 'lfo1_ratemod', 0.5], ['mod', 'lfo2_amount', 1.0], ['mod', 'lfo2_ratemod', -0.328125], ['slide', 'lfo2_ratemod', -0.3300000131], ['vel', 'ampmod', 0.5], ['env2', 'pitchmod', 1.0], ['pitchbend', 'pitchmod', 0.04666662216], ['note_pitchbend', 'pitchmod', 1.0]]}"
Bass,Crossover Syn Bass,"Bass built from string instrument sounds like a sitar and nylon bass with a bit of pulse width modulation to add extra character. Strong fundamental sub bass frequencies with natural, organic harmonics and velocity controlled crossover filtering that cuts out the upper mids at high velocity to emphasize the low end and create a thick, full bass sound. At low velocity, the synth should sound a bit hollow and have a distinctive buzzing sound. The envelopes should be heavily tuned to create a smooth, natural, analog sound. The bass is retro and vintage, like it was made on an old school synthesizer.","{'wt1': 'Sitar', 'wt2': 'Nylon Bass', 'osc1_on': 'true', 'osc1_pitch_transpose': '0', 'osc1_pitch_detune': '0.078125', 'osc1_wt_position': '0.4621848762', 'osc1_effect_mode': '2', 'osc1_effect1': '-0.65625', 'osc1_effect2': '0.421875', 'osc1_pan': '-0.25', 'osc1_gain': '0.7563025355', 'osc2_on': 'true', 'osc2_pitch_transpose': '-12', 'osc2_pitch_detune': '-0.015625', 'osc2_wt_position': '0.5798319578', 'osc2_effect_mode': '2', 'osc2_effect1': '0.015625', 'osc2_effect2': '0.002343750093', 'osc2_pan': '0.078125', 'osc2_gain': '0.9663865566', 'sub_on': 'true', 'sub_tone': '0.7109375', 'sub_gain': '0.2578125', 'sub_octave': '1', 'filter1_on': 'true', 'filter1_type': '0', 'filter1_circuit_lphp': '2', 'filter1_circuit_bpnomo': '0', 'filter1_slope': '0', 'filter1_frequency': '74.889801', 'filter1_resonance': '0.712890625', 'filter1_drive': '10.125', 'filter1_morph': '0', 'filter2_on': 'true', 'filter2_type': '1', 'filter2_circuit_lphp': '4', 'filter2_circuit_bpnomo': '0', 'filter2_slope': '0', 'filter2_frequency': '1109.41992', 'filter2_resonance': '0.693359375', 'filter2_drive': '10.3125', 'filter2_morph': '0', 'ampenv_attack_time': '0.00970967114', 'ampenv_decay_time': '0.4453014433', 'ampenv_release_time': '0.03060164861', 'ampenv_attack_slope': '0.78125', 'ampenv_decay_slope': '0.5', 'ampenv_release_slope': '-0.453125', 'ampenv_sustain': '0.8355102539', 'ampenv_loopmode': '0', 'env2_attack_time': '0.004147199448', 'env2_decay_time': '1.33137548', 'env2_release_time': '1.69020557', 'env2_attack_slope': '0.96875', 'env2_decay_slope': '-0.609375', 'env2_release_slope': '-0.640625', 'env2_sustain': '0.875', 'env2_initial_value': '0.828125', 'env2_peak_value': '0.9921875', 'env2_final_value': '0.09375', 'env2_loopmode': '0', 'env3_attack_time': '0.00622279942', 'env3_decay_time': '1.89467573', 'env3_release_time': '2.1171751', 'env3_attack_slope': '0.5', 'env3_decay_slope': '0.5', 'env3_release_slope': '0.453125', 'env3_sustain': '0.796875', 'env3_initial_value': '0.484375', 'env3_peak_value': '0.578125', 'env3_final_value': '0.140625', 'env3_loopmode': '0', 'lfo1_retrigger': 'true', 'lfo1_shape_type': '0', 'lfo1_amount': '0.75', 'lfo1_shaping': '0', 'lfo1_phase': '0', 'lfo1_sync': '0', 'lfo1_rate': '0.6771969199', 'lfo1_synced_rate': '15', 'lfo1_attack': '0.01448996365', 'lfo2_retrigger': 'true', 'lfo2_shape_type': '0', 'lfo2_amount': '0.7109375', 'lfo2_shaping': '0', 'lfo2_phase': '0', 'lfo2_sync': '0', 'lfo2_rate': '4.70779276', 'lfo2_synced_rate': '17', 'lfo2_attack': '0.333596468', 'mod_time_scale': '-0.359375', 'mod_amount': '0.796875', 'unison_mode': '3', 'unison_voices': '2', 'unison_amount': '0.1328125', 'global_transpose': '0', 'glide': '0.0007450580597', 'filter_routing': '2', 'vol': '0.2739868164', 'polyphony': '0', 'poly_voices': '6', 'hq': 'false', 'mod_matrix': [['amp', 'osc1_wt_position', 0.515625], ['env2', 'osc1_wt_position', 0.65625], ['env3', 'osc1_wt_position', 0.578125], ['vel', 'osc1_wt_position', 0.6875], ['amp', 'osc1_effect1', -0.015625], ['env2', 'osc1_effect1', 0.0625], ['env3', 'osc1_effect1', 0.09375], ['vel', 'osc1_effect1', 0.03125], ['env2', 'osc1_effect2', -0.515625], ['vel', 'osc1_effect2', 0.859375], ['press', 'osc1_effect2', 0.265625], ['amp', 'osc2_wt_position', 0.453125], ['env2', 'osc2_wt_position', -0.5], ['env3', 'osc2_wt_position', 0.296875], ['vel', 'osc2_wt_position', 0.171875], ['amp', 'osc2_effect1', 0.15625], ['env2', 'osc2_effect1', -0.203125], ['env3', 'osc2_effect1', 0.125], ['vel', 'osc2_effect1', 0.015625], ['vel', 'osc2_pan', -0.234375], ['amp', 'filter1_frequency', 1.0], ['env2', 'filter1_frequency', -0.1875], ['env3', 'filter1_frequency', 0.359375], ['vel', 'filter1_frequency', -0.375], ['press', 'filter1_frequency', 0.328125], ['env2', 'filter1_drive', 0.625], ['vel', 'filter1_drive', 0.53125], ['amp', 'filter2_frequency', -0.15625], ['env2', 'filter2_frequency', -0.921875], ['env3', 'filter2_frequency', -0.71875], ['lfo2', 'filter2_frequency', 0.125], ['vel', 'filter2_frequency', 0.78125], ['mod', 'filter2_frequency', 0.1875], ['slide', 'filter2_frequency', 0.1899999976], ['mod', 'lfo1_amount', 1.0], ['env2', 'lfo2_amount', 0.046875], ['mod', 'lfo2_amount', 1.0], ['vel', 'unison_amount', 0.109375], ['amp', 'ampmod', 0.03125], ['vel', 'ampmod', 0.5], ['env3', 'pitchmod', -0.001562476158], ['lfo1', 'pitchmod', 0.03125], ['lfo2', 'pitchmod', 0.015625], ['pitchbend', 'pitchmod', 0.04666662216], ['note_pitchbend', 'pitchmod', 1.0]]}"
Bass,Particle Breakup,"I want a bass synth that will melt my face. It should be loud, intense, noisy, distorted, grimy, aggressive, all of the above. It should be uncomfortable to listen to, with a lot of dissonance and noisy harmonics through the whole frequency spectrum. The sound should invoke feelings of anarchy, chaos, and anxiety. The envelope modulation should be set up so the wavetables move to some really piercing and unpleasant harmonics after a second or two. This patch should consume the whole frequency spectrum and dominate the track. Something that would fit in a really intense noise or hardstyle track, or the drop of a filthy brostep song.","{'wt1': 'Ripped Sync', 'wt2': 'Quad Saw', 'osc1_on': 'true', 'osc1_pitch_transpose': '0', 'osc1_pitch_detune': '0', 'osc1_wt_position': '0.2941176593', 'osc1_effect_mode': '1', 'osc1_effect1': '0', 'osc1_effect2': '0', 'osc1_pan': '-0.40625', 'osc1_gain': '0.8151260614', 'osc2_on': 'true', 'osc2_pitch_transpose': '-12', 'osc2_pitch_detune': '0', 'osc2_wt_position': '0.2352941185', 'osc2_effect_mode': '2', 'osc2_effect1': '-0.21875', 'osc2_effect2': '0.671875', 'osc2_pan': '0.5', 'osc2_gain': '0.8151260614', 'sub_on': 'true', 'sub_tone': '0.6796875', 'sub_gain': '0.8203125', 'sub_octave': '1', 'filter1_on': 'true', 'filter1_type': '0', 'filter1_circuit_lphp': '4', 'filter1_circuit_bpnomo': '0', 'filter1_slope': '1', 'filter1_frequency': '1722.88428', 'filter1_resonance': '0.5357142687', 'filter1_drive': '16.6875', 'filter1_morph': '0', 'filter2_on': 'true', 'filter2_type': '1', 'filter2_circuit_lphp': '4', 'filter2_circuit_bpnomo': '0', 'filter2_slope': '0', 'filter2_frequency': '104.177376', 'filter2_resonance': '0.7341270447', 'filter2_drive': '19.875', 'filter2_morph': '0', 'ampenv_attack_time': '0.06034970284', 'ampenv_decay_time': '20', 'ampenv_release_time': '0.05419259146', 'ampenv_attack_slope': '0.71875', 'ampenv_decay_slope': '-0.46875', 'ampenv_release_slope': '0.5', 'ampenv_sustain': '0.8355102539', 'ampenv_loopmode': '0', 'env2_attack_time': '4.46807861', 'env2_decay_time': '2.16235757', 'env2_release_time': '0.5462170243', 'env2_attack_slope': '-1', 'env2_decay_slope': '0.453125', 'env2_release_slope': '0.5', 'env2_sustain': '0.875', 'env2_initial_value': '0.109375', 'env2_peak_value': '0.59375', 'env2_final_value': '0', 'env2_loopmode': '0', 'env3_attack_time': '0.1907348633', 'env3_decay_time': '7.66029549', 'env3_release_time': '0.2333220392', 'env3_attack_slope': '0.3692307472', 'env3_decay_slope': '0.5', 'env3_release_slope': '0.5', 'env3_sustain': '0.65625', 'env3_initial_value': '0.625', 'env3_peak_value': '0.8692307472', 'env3_final_value': '0', 'env3_loopmode': '0', 'lfo1_retrigger': 'true', 'lfo1_shape_type': '3', 'lfo1_amount': '1', 'lfo1_shaping': '-0.046875', 'lfo1_phase': '2.8125', 'lfo1_sync': '1', 'lfo1_rate': '17.5285397', 'lfo1_synced_rate': '11', 'lfo1_attack': '0', 'lfo2_retrigger': 'true', 'lfo2_shape_type': '3', 'lfo2_amount': '1', 'lfo2_shaping': '0.1875', 'lfo2_phase': '42.1875', 'lfo2_sync': '1', 'lfo2_rate': '1.73247743', 'lfo2_synced_rate': '9', 'lfo2_attack': '0', 'mod_time_scale': '-0.5', 'mod_amount': '1.234375', 'unison_mode': '1', 'unison_voices': '3', 'unison_amount': '0.0078125', 'global_transpose': '-12', 'glide': '0.09956479073', 'filter_routing': '0', 'vol': '0.0625', 'polyphony': '0', 'poly_voices': '6', 'hq': 'false', 'mod_matrix': [['amp', 'osc1_wt_position', 0.25], ['env2', 'osc1_wt_position', 0.703125], ['lfo1', 'osc1_wt_position', 0.484375], ['lfo2', 'osc1_wt_position', 0.390625], ['vel', 'osc1_wt_position', 0.15625], ['amp', 'osc2_wt_position', 0.453125], ['env2', 'osc2_wt_position', 0.734375], ['env3', 'osc2_wt_position', 0.09375], ['vel', 'osc2_wt_position', -0.625], ['mod', 'osc2_wt_position', 0.171875], ['slide', 'osc2_wt_position', 0.1700000018], ['amp', 'filter1_frequency', 0.078125], ['env3', 'filter1_frequency', 0.578125], ['vel', 'filter1_frequency', -0.375], ['pitchbend', 'filter1_frequency', -0.1875], ['mod', 'filter1_frequency', -0.34375], ['slide', 'filter1_frequency', -0.3400000036], ['amp', 'filter2_frequency', -0.390625], ['env2', 'filter2_frequency', 0.515625], ['lfo1', 'filter2_frequency', 0.453125], ['vel', 'filter2_frequency', -0.1875], ['pitchbend', 'filter2_frequency', 0.0625], ['mod', 'filter2_frequency', -0.265625], ['slide', 'filter2_frequency', -0.2700000107], ['mod', 'lfo1_amount', 1.0], ['env3', 'lfo2_amount', 0.21875], ['lfo1', 'lfo2_amount', 0.1875], ['mod', 'lfo2_amount', 1.0], ['amp', 'unison_amount', 0.078125], ['env2', 'unison_amount', 0.125], ['lfo1', 'unison_amount', 0.5], ['lfo2', 'unison_amount', 0.203125], ['mod', 'unison_amount', -0.125], ['amp', 'ampmod', 0.25], ['env3', 'ampmod', 0.125], ['vel', 'ampmod', 0.5], ['pitchbend', 'pitchmod', 0.2400000095], ['press', 'pitchmod', 0.046875], ['note_pitchbend', 'pitchmod', 1.0]]}"
Bass,Grande Bass,"I want a bass sound with a plucky feel and a good amount of harmonic content. It should have a bit of a metallic edge to it. I should be able to control the tone and harmonic presence with the velocity of my keypresses. There should be a low pass filter that quickly jumps up when a note is played, letting a lot of upper mids in on the initial attack, then quickly falls back down to only let the lower mids in. It should sound retro, like it would fit on some 70s progressive synth music. The low end presence should be relatively minor compared to other modern bass sounds. Subtle modulation creates a small amount of movement in the sound. A key feature needs to be the dynamic sounds you get from playing with different velocity.","{'wt1': 'FM Fold', 'wt2': 'Sparkle Form', 'osc1_on': 'true', 'osc1_pitch_transpose': '0', 'osc1_pitch_detune': '0.09375', 'osc1_wt_position': '0', 'osc1_effect_mode': '0', 'osc1_effect1': '0', 'osc1_effect2': '0', 'osc1_pan': '0', 'osc1_gain': '1', 'osc2_on': 'true', 'osc2_pitch_transpose': '0', 'osc2_pitch_detune': '0', 'osc2_wt_position': '0.2521008551', 'osc2_effect_mode': '0', 'osc2_effect1': '0', 'osc2_effect2': '0', 'osc2_pan': '0', 'osc2_gain': '1', 'sub_on': 'true', 'sub_tone': '0', 'sub_gain': '0.5011875033', 'sub_octave': '0', 'filter1_on': 'true', 'filter1_type': '0', 'filter1_circuit_lphp': '0', 'filter1_circuit_bpnomo': '0', 'filter1_slope': '1', 'filter1_frequency': '122.869675', 'filter1_resonance': '0.3472222388', 'filter1_drive': '0', 'filter1_morph': '0', 'filter2_on': 'false', 'filter2_type': '0', 'filter2_circuit_lphp': '0', 'filter2_circuit_bpnomo': '0', 'filter2_slope': '0', 'filter2_frequency': '20000.1035', 'filter2_resonance': '0', 'filter2_drive': '0', 'filter2_morph': '0', 'ampenv_attack_time': '0', 'ampenv_decay_time': '6.87316322', 'ampenv_release_time': '0.03554481268', 'ampenv_attack_slope': '0', 'ampenv_decay_slope': '0.5', 'ampenv_release_slope': '0.5', 'ampenv_sustain': '0.04125976562', 'ampenv_loopmode': '0', 'env2_attack_time': '0', 'env2_decay_time': '0.4671263993', 'env2_release_time': '0.07000000775', 'env2_attack_slope': '0', 'env2_decay_slope': '0.953846097', 'env2_release_slope': '0.5', 'env2_sustain': '0.21875', 'env2_initial_value': '0', 'env2_peak_value': '1', 'env2_final_value': '0', 'env2_loopmode': '0', 'env3_attack_time': '0.001000000164', 'env3_decay_time': '0.5999999642', 'env3_release_time': '0.5999999642', 'env3_attack_slope': '0', 'env3_decay_slope': '0.5', 'env3_release_slope': '0.5', 'env3_sustain': '0.5', 'env3_initial_value': '0', 'env3_peak_value': '1', 'env3_final_value': '0', 'env3_loopmode': '0', 'lfo1_retrigger': 'true', 'lfo1_shape_type': '0', 'lfo1_amount': '1', 'lfo1_shaping': '0', 'lfo1_phase': '0', 'lfo1_sync': '0', 'lfo1_rate': '4.12129259', 'lfo1_synced_rate': '15', 'lfo1_attack': '5.81703281', 'lfo2_retrigger': 'true', 'lfo2_shape_type': '1', 'lfo2_amount': '1', 'lfo2_shaping': '0.078125', 'lfo2_phase': '0', 'lfo2_sync': '0', 'lfo2_rate': '0.1881347895', 'lfo2_synced_rate': '15', 'lfo2_attack': '0.1251411438', 'mod_time_scale': '0', 'mod_amount': '1', 'unison_mode': '5', 'unison_voices': '4', 'unison_amount': '0.2578125', 'global_transpose': '-12', 'glide': '0', 'filter_routing': '0', 'vol': '0.5610947013', 'polyphony': '1', 'poly_voices': '6', 'hq': 'false', 'mod_matrix': [['env2', 'osc1_wt_position', 0.4375], ['lfo1', 'osc1_wt_position', 0.109375], ['vel', 'osc1_wt_position', 0.5625], ['lfo2', 'osc2_wt_position', 0.34375], ['vel', 'osc2_wt_position', -0.34375], ['env2', 'filter1_frequency', 0.484375], ['vel', 'filter1_frequency', 0.390625], ['press', 'filter1_frequency', 0.390625], ['mod', 'filter1_frequency', 0.40625], ['slide', 'filter1_frequency', 0.4099999964], ['vel', 'ampmod', 0.5], ['pitchbend', 'pitchmod', 0.04666662216], ['note_pitchbend', 'pitchmod', 1.0]]}"
Bass,Unison Phase Bass,"I want a wide bass sound with a happy, energetic nature. It should have a solid fundamental and plenty of playful harmonic content, reminiscent of mid 00s pop music or dance music. The sound should be heavily dependent on the velocity, which needs to control the amplitude, wavetable positions and pulse width, filters, lfo, unison, etc. It should be upbeat and a bit amateurish, like some mediocre but popular 00s techno or pop, or possibly even some acid house, since the variability in sound based on velocity can create a psychedelic effect.","{'wt1': 'Sitar', 'wt2': 'Nylon Bass', 'osc1_on': 'true', 'osc1_pitch_transpose': '0', 'osc1_pitch_detune': '0.078125', 'osc1_wt_position': '0.4621848762', 'osc1_effect_mode': '2', 'osc1_effect1': '-0.65625', 'osc1_effect2': '0.421875', 'osc1_pan': '-0.265625', 'osc1_gain': '0.7563025355', 'osc2_on': 'true', 'osc2_pitch_transpose': '-12', 'osc2_pitch_detune': '-0.015625', 'osc2_wt_position': '0.5798319578', 'osc2_effect_mode': '2', 'osc2_effect1': '0.015625', 'osc2_effect2': '0.002343750093', 'osc2_pan': '0.375', 'osc2_gain': '0.9327731133', 'sub_on': 'true', 'sub_tone': '0.7109375', 'sub_gain': '0.3828125', 'sub_octave': '1', 'filter1_on': 'true', 'filter1_type': '0', 'filter1_circuit_lphp': '2', 'filter1_circuit_bpnomo': '0', 'filter1_slope': '0', 'filter1_frequency': '486.105011', 'filter1_resonance': '0.7043650746', 'filter1_drive': '16.125', 'filter1_morph': '0', 'filter2_on': 'true', 'filter2_type': '1', 'filter2_circuit_lphp': '4', 'filter2_circuit_bpnomo': '0', 'filter2_slope': '0', 'filter2_frequency': '110.076271', 'filter2_resonance': '0.693359375', 'filter2_drive': '13.875', 'filter2_morph': '0', 'ampenv_attack_time': '0.00970967114', 'ampenv_decay_time': '0.4453014433', 'ampenv_release_time': '0.047292009', 'ampenv_attack_slope': '0.78125', 'ampenv_decay_slope': '0.5', 'ampenv_release_slope': '-0.453125', 'ampenv_sustain': '0.8355102539', 'ampenv_loopmode': '0', 'env2_attack_time': '0.004147199448', 'env2_decay_time': '1.33137548', 'env2_release_time': '2.1171751', 'env2_attack_slope': '0.96875', 'env2_decay_slope': '-0.609375', 'env2_release_slope': '-0.640625', 'env2_sustain': '0.875', 'env2_initial_value': '0.828125', 'env2_peak_value': '0.9921875', 'env2_final_value': '0.09375', 'env2_loopmode': '0', 'env3_attack_time': '0.09956479073', 'env3_decay_time': '6.32915068', 'env3_release_time': '5.33864355', 'env3_attack_slope': '0.5', 'env3_decay_slope': '0.5', 'env3_release_slope': '0.453125', 'env3_sustain': '0.484375', 'env3_initial_value': '0.484375', 'env3_peak_value': '0.578125', 'env3_final_value': '0.140625', 'env3_loopmode': '0', 'lfo1_retrigger': 'true', 'lfo1_shape_type': '0', 'lfo1_amount': '0.7265625', 'lfo1_shaping': '0', 'lfo1_phase': '0', 'lfo1_sync': '1', 'lfo1_rate': '0.6771969199', 'lfo1_synced_rate': '12', 'lfo1_attack': '0', 'lfo2_retrigger': 'true', 'lfo2_shape_type': '0', 'lfo2_amount': '0.6640625', 'lfo2_shaping': '0', 'lfo2_phase': '0', 'lfo2_sync': '1', 'lfo2_rate': '0.9999998808', 'lfo2_synced_rate': '10', 'lfo2_attack': '0', 'mod_time_scale': '-0.359375', 'mod_amount': '0.359375', 'unison_mode': '5', 'unison_voices': '3', 'unison_amount': '0.4296875', 'global_transpose': '-12', 'glide': '0.02084977925', 'filter_routing': '2', 'vol': '0.390625', 'polyphony': '0', 'poly_voices': '6', 'hq': 'false', 'mod_matrix': [['amp', 'osc1_wt_position', 0.515625], ['env2', 'osc1_wt_position', 0.65625], ['env3', 'osc1_wt_position', 0.578125], ['vel', 'osc1_wt_position', -0.5], ['amp', 'osc1_effect1', -0.796875], ['env2', 'osc1_effect1', 0.0625], ['env3', 'osc1_effect1', 0.09375], ['vel', 'osc1_effect1', 0.375], ['env2', 'osc1_effect2', -0.03125], ['vel', 'osc1_effect2', 0.296875], ['amp', 'osc2_wt_position', 0.453125], ['env2', 'osc2_wt_position', -0.5], ['env3', 'osc2_wt_position', 0.296875], ['vel', 'osc2_wt_position', 0.59375], ['amp', 'osc2_effect1', -0.09375], ['env2', 'osc2_effect1', -0.140625], ['env3', 'osc2_effect1', 0.125], ['vel', 'osc2_effect1', 0.53125], ['amp', 'filter1_frequency', 1.0], ['env2', 'filter1_frequency', -0.1875], ['env3', 'filter1_frequency', 0.515625], ['vel', 'filter1_frequency', -0.296875], ['press', 'filter1_frequency', 0.078125], ['mod', 'filter1_frequency', -0.15625], ['slide', 'filter1_frequency', -0.1599999964], ['env2', 'filter1_drive', 0.625], ['vel', 'filter1_drive', 0.3125], ['mod', 'filter1_drive', 0.4375], ['amp', 'filter2_frequency', -0.15625], ['env2', 'filter2_frequency', -0.921875], ['env3', 'filter2_frequency', -0.71875], ['vel', 'filter2_frequency', 0.78125], ['press', 'filter2_frequency', 0.40625], ['mod', 'filter2_frequency', 0.46875], ['slide', 'filter2_frequency', 0.4699999988], ['lfo2', 'lfo1_amount', 0.875], ['mod', 'lfo1_amount', 1.0], ['env2', 'lfo2_amount', 0.046875], ['lfo2', 'lfo2_amount', 0.515625], ['vel', 'lfo2_amount', 0.234375], ['mod', 'lfo2_amount', 1.0], ['vel', 'unison_amount', 0.1875], ['mod', 'unison_amount', 0.375], ['amp', 'ampmod', 0.03125], ['vel', 'ampmod', 0.5], ['env3', 'pitchmod', -0.001562476158], ['pitchbend', 'pitchmod', 0.04666662216], ['note_pitchbend', 'pitchmod', 1.0]]}"
Bass,Calculated Bass,"A clean, warm, and calculated bass reminiscent of some vintage synths. There should be a solid, full-bodied sound in the sub bass, but a pure tone that gives presence in the mids. The envelope and filters need to be expertly crafted to replicate a vintage synth, giving that warm and organic tone. The sound should be versatile and precise, tastefully leaving room for other elements in the mix. It should sound like something that could be used across a variety of genres and artists in the 70s or 80s, from pop to Pink Floyd and Kraftwerk.","{'wt1': 'OB6 Shapes', 'wt2': 'JUP Double Pulse', 'osc1_on': 'true', 'osc1_pitch_transpose': '-24', 'osc1_pitch_detune': '0.015625', 'osc1_wt_position': '0.1428571492', 'osc1_effect_mode': '2', 'osc1_effect1': '0.1875', 'osc1_effect2': '0', 'osc1_pan': '-0.125', 'osc1_gain': '0.6386554837', 'osc2_on': 'true', 'osc2_pitch_transpose': '-12', 'osc2_pitch_detune': '-0.03125', 'osc2_wt_position': '0.5798319578', 'osc2_effect_mode': '1', 'osc2_effect1': '0', 'osc2_effect2': '0', 'osc2_pan': '0.0625', 'osc2_gain': '0.7647058964', 'sub_on': 'true', 'sub_tone': '0.390625', 'sub_gain': '0.7734375', 'sub_octave': '1', 'filter1_on': 'true', 'filter1_type': '0', 'filter1_circuit_lphp': '4', 'filter1_circuit_bpnomo': '0', 'filter1_slope': '0', 'filter1_frequency': '79.124939', 'filter1_resonance': '0.5456349254', 'filter1_drive': '5.4375', 'filter1_morph': '0', 'filter2_on': 'true', 'filter2_type': '0', 'filter2_circuit_lphp': '4', 'filter2_circuit_bpnomo': '0', 'filter2_slope': '0', 'filter2_frequency': '296.281433', 'filter2_resonance': '0.3869047761', 'filter2_drive': '4.3125', 'filter2_morph': '0', 'ampenv_attack_time': '0.00970967114', 'ampenv_decay_time': '0.4453014433', 'ampenv_release_time': '0.07030252367', 'ampenv_attack_slope': '0.78125', 'ampenv_decay_slope': '0.5', 'ampenv_release_slope': '-0.453125', 'ampenv_sustain': '0.7502015233', 'ampenv_loopmode': '0', 'env2_attack_time': '0.004147199448', 'env2_decay_time': '0.5999999642', 'env2_release_time': '2.1171751', 'env2_attack_slope': '0.96875', 'env2_decay_slope': '-0.609375', 'env2_release_slope': '-0.640625', 'env2_sustain': '0.96875', 'env2_initial_value': '0.6328125', 'env2_peak_value': '1', 'env2_final_value': '0.09375', 'env2_loopmode': '0', 'env3_attack_time': '0.6817746758', 'env3_decay_time': '6.32915068', 'env3_release_time': '5.33864355', 'env3_attack_slope': '0.5', 'env3_decay_slope': '0.5', 'env3_release_slope': '0.453125', 'env3_sustain': '0.8671875', 'env3_initial_value': '0', 'env3_peak_value': '1', 'env3_final_value': '0.140625', 'env3_loopmode': '0', 'lfo1_retrigger': 'true', 'lfo1_shape_type': '0', 'lfo1_amount': '1', 'lfo1_shaping': '0', 'lfo1_phase': '0', 'lfo1_sync': '1', 'lfo1_rate': '0.6771969199', 'lfo1_synced_rate': '12', 'lfo1_attack': '0', 'lfo2_retrigger': 'true', 'lfo2_shape_type': '0', 'lfo2_amount': '0.953125', 'lfo2_shaping': '0', 'lfo2_phase': '0', 'lfo2_sync': '1', 'lfo2_rate': '0.9999998808', 'lfo2_synced_rate': '14', 'lfo2_attack': '0', 'mod_time_scale': '-0.359375', 'mod_amount': '0.109375', 'unison_mode': '0', 'unison_voices': '2', 'unison_amount': '0.265625', 'global_transpose': '0', 'glide': '0.0003051757812', 'filter_routing': '2', 'vol': '0.25', 'polyphony': '0', 'poly_voices': '6', 'hq': 'false', 'mod_matrix': [['amp', 'osc1_wt_position', 0.515625], ['env2', 'osc1_wt_position', 0.65625], ['env3', 'osc1_wt_position', 0.578125], ['vel', 'osc1_wt_position', 0.765625], ['amp', 'osc1_effect1', -0.015625], ['env2', 'osc1_effect1', 0.0625], ['env3', 'osc1_effect1', 0.09375], ['vel', 'osc1_effect1', 0.03125], ['env2', 'osc1_effect2', -0.03125], ['vel', 'osc1_effect2', 0.859375], ['amp', 'osc2_wt_position', 0.453125], ['env2', 'osc2_wt_position', -0.5], ['env3', 'osc2_wt_position', 0.296875], ['vel', 'osc2_wt_position', 0.171875], ['amp', 'osc2_effect1', 0.15625], ['env2', 'osc2_effect1', -0.203125], ['env3', 'osc2_effect1', 0.125], ['vel', 'osc2_effect1', 0.015625], ['amp', 'filter1_frequency', 1.0], ['env2', 'filter1_frequency', -0.1875], ['env3', 'filter1_frequency', 0.359375], ['lfo1', 'filter1_frequency', 0.28125], ['lfo2', 'filter1_frequency', 0.421875], ['vel', 'filter1_frequency', 0.078125], ['mod', 'filter1_frequency', 0.40625], ['slide', 'filter1_frequency', 0.4099999964], ['env2', 'filter1_drive', 0.625], ['vel', 'filter1_drive', 0.421875], ['mod', 'filter1_drive', 0.46875], ['amp', 'filter2_frequency', -0.15625], ['env2', 'filter2_frequency', -0.921875], ['env3', 'filter2_frequency', -0.71875], ['vel', 'filter2_frequency', 0.484375], ['press', 'filter2_frequency', 0.515625], ['mod', 'filter2_frequency', 0.3125], ['slide', 'filter2_frequency', 0.3100000024], ['lfo2', 'lfo1_amount', 0.875], ['mod', 'lfo1_amount', 1.0], ['env2', 'lfo2_amount', 0.046875], ['lfo2', 'lfo2_amount', 0.515625], ['mod', 'lfo2_amount', 1.0], ['amp', 'ampmod', 0.03125], ['vel', 'ampmod', 0.5], ['env3', 'pitchmod', -0.001562476158], ['pitchbend', 'pitchmod', 0.04666662216], ['note_pitchbend', 'pitchmod', 1.0]]}"
Lead,Munster Funk Solo,"Funk keys lead synth for a solo, Daft Punk inspired. Expressive, digital, with tons of harmonics from complex wavetables and FM effect on the oscillators. The overall sound should be bright, digital, and energetic with some high end sparkle, like a classic electric guitar solo. The velocity and mod wheel modulation parameters should allow for extra expressiveness from the soloist. The synth should have a bold attack, but also a bit of glide and modulation to the envelopes to facilitate a smooth rolloff when notes are sustained or transitioned.","{'wt1': 'Transformations', 'wt2': 'Sines 1', 'osc1_on': 'true', 'osc1_pitch_transpose': '0', 'osc1_pitch_detune': '0', 'osc1_wt_position': '0.1932773143', 'osc1_effect_mode': '1', 'osc1_effect1': '0', 'osc1_effect2': '0.2239583135', 'osc1_pan': '0.0625', 'osc1_gain': '0.8067227006', 'osc2_on': 'true', 'osc2_pitch_transpose': '0', 'osc2_pitch_detune': '0', 'osc2_wt_position': '0.08403361589', 'osc2_effect_mode': '1', 'osc2_effect1': '-1', 'osc2_effect2': '0.6771653295', 'osc2_pan': '0.265625', 'osc2_gain': '0.6302521229', 'sub_on': 'true', 'sub_tone': '0.7890625', 'sub_gain': '0.765625', 'sub_octave': '1', 'filter1_on': 'true', 'filter1_type': '1', 'filter1_circuit_lphp': '2', 'filter1_circuit_bpnomo': '0', 'filter1_slope': '1', 'filter1_frequency': '1238.46326', 'filter1_resonance': '0.5158730149', 'filter1_drive': '9.1875', 'filter1_morph': '0', 'filter2_on': 'true', 'filter2_type': '2', 'filter2_circuit_lphp': '0', 'filter2_circuit_bpnomo': '1', 'filter2_slope': '1', 'filter2_frequency': '237.775696', 'filter2_resonance': '0.6944444776', 'filter2_drive': '15', 'filter2_morph': '0', 'ampenv_attack_time': '0.001090839505', 'ampenv_decay_time': '15.9127045', 'ampenv_release_time': '0.01895212382', 'ampenv_attack_slope': '0.421875', 'ampenv_decay_slope': '0.359375', 'ampenv_release_slope': '0.375', 'ampenv_sustain': '0.1587524414', 'ampenv_loopmode': '0', 'env2_attack_time': '0.1553547382', 'env2_decay_time': '0.07030252367', 'env2_release_time': '4.0767231', 'env2_attack_slope': '0.890625', 'env2_decay_slope': '0.328125', 'env2_release_slope': '-0.5', 'env2_sustain': '0.9296875', 'env2_initial_value': '0.6953125', 'env2_peak_value': '0.2265625', 'env2_final_value': '0', 'env2_loopmode': '1', 'env3_attack_time': '0.02084977925', 'env3_decay_time': '20', 'env3_release_time': '0.3350714743', 'env3_attack_slope': '1', 'env3_decay_slope': '0.2727272511', 'env3_release_slope': '0', 'env3_sustain': '0.6640625', 'env3_initial_value': '0', 'env3_peak_value': '1', 'env3_final_value': '0', 'env3_loopmode': '1', 'lfo1_retrigger': 'true', 'lfo1_shape_type': '1', 'lfo1_amount': '1', 'lfo1_shaping': '0', 'lfo1_phase': '0', 'lfo1_sync': '1', 'lfo1_rate': '20.0000019', 'lfo1_synced_rate': '12', 'lfo1_attack': '0', 'lfo2_retrigger': 'true', 'lfo2_shape_type': '1', 'lfo2_amount': '1', 'lfo2_shaping': '-1', 'lfo2_phase': '61.875', 'lfo2_sync': '1', 'lfo2_rate': '0.4186831415', 'lfo2_synced_rate': '14', 'lfo2_attack': '0', 'mod_time_scale': '0.078125', 'mod_amount': '0.203125', 'unison_mode': '1', 'unison_voices': '2', 'unison_amount': '0.015625', 'global_transpose': '0', 'glide': '0.001090839505', 'filter_routing': '1', 'vol': '0.1983032227', 'polyphony': '0', 'poly_voices': '6', 'hq': 'false', 'mod_matrix': [['env2', 'osc1_wt_position', 0.34375], ['vel', 'osc1_wt_position', -0.140625], ['mod', 'osc1_wt_position', 0.5], ['slide', 'osc1_wt_position', 0.5], ['amp', 'osc1_effect2', 0.09375], ['vel', 'osc1_effect2', 0.0625], ['amp', 'osc2_wt_position', 0.15625], ['env2', 'osc2_wt_position', 0.484375], ['env3', 'osc2_wt_position', 0.125], ['vel', 'osc2_wt_position', 0.25], ['mod', 'osc2_wt_position', 0.453125], ['slide', 'osc2_wt_position', 0.4499999881], ['amp', 'osc2_effect2', 0.203125], ['env2', 'osc2_effect2', 0.625], ['env3', 'osc2_effect2', -0.046875], ['lfo1', 'osc2_effect2', 0.03125], ['vel', 'osc2_effect2', 0.09375], ['amp', 'filter1_frequency', -0.625], ['env2', 'filter1_frequency', 0.0625], ['env3', 'filter1_frequency', 0.03125], ['vel', 'filter1_frequency', 0.265625], ['mod', 'filter1_frequency', -0.203125], ['slide', 'filter1_frequency', -0.200000003], ['amp', 'filter1_resonance', 0.21875], ['env2', 'filter1_resonance', -0.625], ['vel', 'filter1_resonance', 0.5625], ['amp', 'filter2_frequency', -0.21875], ['env2', 'filter2_frequency', 0.59375], ['env3', 'filter2_frequency', 0.671875], ['lfo1', 'filter2_frequency', 0.484375], ['lfo2', 'filter2_frequency', 0.46875], ['vel', 'filter2_frequency', -0.34375], ['mod', 'filter2_frequency', 0.078125], ['slide', 'filter2_frequency', 0.07800000161], ['amp', 'ampenv_release_time', -0.53125], ['env2', 'ampenv_release_time', 0.28125], ['mod', 'ampenv_release_time', 0.203125], ['slide', 'ampenv_release_time', 0.200000003], ['amp', 'env2_decay_time', 0.140625], ['env2', 'env2_decay_time', 0.40625], ['env3', 'env2_decay_time', -0.203125], ['vel', 'env2_decay_time', 0.328125], ['mod', 'env2_decay_time', 0.296875], ['slide', 'env2_decay_time', 0.3000000119], ['amp', 'env2_release_time', 0.203125], ['env2', 'env2_release_time', 0.03125], ['mod', 'env2_release_time', 0.328125], ['slide', 'env2_release_time', 0.3300000131], ['env2', 'env2_peak_value', -0.125], ['env3', 'env2_peak_value', -0.078125], ['vel', 'env2_peak_value', 0.578125], ['mod', 'env2_peak_value', 0.375], ['mod', 'lfo1_amount', 1.0], ['mod', 'lfo2_amount', 1.0], ['amp', 'unison_amount', 0.640625], ['env2', 'unison_amount', 0.15625], ['lfo1', 'unison_amount', 0.140625], ['vel', 'unison_amount', 0.140625], ['pitchbend', 'pitchmod', 0.01999998093], ['note_pitchbend', 'pitchmod', 1.0]]}"
Lead,Collateral Damage,"Distorted, bitey, and chaotic lead synth built from some complex wavetables with pulse width modulation and slight detuning. The overall timbre should be dissonant, harsh, and digital, fitting for heavy experimental electronic or industrial music. The ADSR should feature an instant attack, tiny decay, no sustain, and small release, to further emphasize the artificial tonality. The distorted wavetables should lead to an overall noisy character, with presence across the frequency spectrum. The high end should be tapered off from a low pass filter, and the overall sound should be relatively static.","{'wt1': 'JX10 Sync', 'wt2': 'Clipped Sweep', 'osc1_on': 'true', 'osc1_pitch_transpose': '0', 'osc1_pitch_detune': '-0.0234375', 'osc1_wt_position': '0.4873949587', 'osc1_effect_mode': '2', 'osc1_effect1': '-0.25', 'osc1_effect2': '1', 'osc1_pan': '-0.109375', 'osc1_gain': '0.9327731133', 'osc2_on': 'true', 'osc2_pitch_transpose': '0', 'osc2_pitch_detune': '0.046875', 'osc2_wt_position': '0.08403361589', 'osc2_effect_mode': '2', 'osc2_effect1': '0.421875', 'osc2_effect2': '0.265625', 'osc2_pan': '0.203125', 'osc2_gain': '0.7815126181', 'sub_on': 'true', 'sub_tone': '0.703125', 'sub_gain': '0.3359375', 'sub_octave': '1', 'filter1_on': 'true', 'filter1_type': '0', 'filter1_circuit_lphp': '4', 'filter1_circuit_bpnomo': '0', 'filter1_slope': '0', 'filter1_frequency': '2137.26587', 'filter1_resonance': '0.5158730149', 'filter1_drive': '17.8125', 'filter1_morph': '0', 'filter2_on': 'true', 'filter2_type': '0', 'filter2_circuit_lphp': '3', 'filter2_circuit_bpnomo': '0', 'filter2_slope': '0', 'filter2_frequency': '3784.71729', 'filter2_resonance': '0', 'filter2_drive': '24', 'filter2_morph': '0', 'ampenv_attack_time': '0', 'ampenv_decay_time': '0.01895212382', 'ampenv_release_time': '0.003627800848', 'ampenv_attack_slope': '0.5625', 'ampenv_decay_slope': '-0.0625', 'ampenv_release_slope': '0.265625', 'ampenv_sustain': '1', 'ampenv_loopmode': '0', 'env2_attack_time': '0.0007450580597', 'env2_decay_time': '0.07961914688', 'env2_release_time': '0.5999999642', 'env2_attack_slope': '0.1875', 'env2_decay_slope': '0.5', 'env2_release_slope': '0.5', 'env2_sustain': '0.1953125', 'env2_initial_value': '0.8203125', 'env2_peak_value': '0.34375', 'env2_final_value': '0', 'env2_loopmode': '0', 'env3_attack_time': '0.001000000164', 'env3_decay_time': '0.716137886', 'env3_release_time': '0.5999999642', 'env3_attack_slope': '0', 'env3_decay_slope': '0.5', 'env3_release_slope': '0.5', 'env3_sustain': '0.6953125', 'env3_initial_value': '0', 'env3_peak_value': '1', 'env3_final_value': '0', 'env3_loopmode': '0', 'lfo1_retrigger': 'true', 'lfo1_shape_type': '3', 'lfo1_amount': '1', 'lfo1_shaping': '1', 'lfo1_phase': '239.0625', 'lfo1_sync': '1', 'lfo1_rate': '0.3961091936', 'lfo1_synced_rate': '12', 'lfo1_attack': '0.01192092896', 'lfo2_retrigger': 'true', 'lfo2_shape_type': '3', 'lfo2_amount': '1', 'lfo2_shaping': '0', 'lfo2_phase': '0', 'lfo2_sync': '1', 'lfo2_rate': '1.69242144', 'lfo2_synced_rate': '16', 'lfo2_attack': '0.0007450580597', 'mod_time_scale': '0', 'mod_amount': '0.953125', 'unison_mode': '4', 'unison_voices': '2', 'unison_amount': '0.0546875', 'global_transpose': '12', 'glide': '0.05269654095', 'filter_routing': '1', 'vol': '0.1181640625', 'polyphony': '0', 'poly_voices': '6', 'hq': 'false', 'mod_matrix': [['env2', 'osc1_wt_position', -0.40625], ['lfo1', 'osc1_wt_position', 0.515625], ['vel', 'osc1_wt_position', 0.265625], ['press', 'osc1_wt_position', 0.2000000477], ['env2', 'osc1_effect1', 0.4375], ['lfo1', 'osc1_effect1', 1.0], ['lfo2', 'osc1_effect1', 0.484375], ['env2', 'osc1_pan', 0.15625], ['lfo1', 'osc1_pan', 0.28125], ['lfo2', 'osc1_pan', -0.1875], ['vel', 'osc1_pan', -0.09375], ['env3', 'osc2_pitchmod', -0.015625], ['lfo2', 'osc2_pitchmod', 0.004999995232], ['pitchbend', 'osc2_pitchmod', -0.5], ['amp', 'osc2_wt_position', 0.265625], ['env2', 'osc2_wt_position', 0.09375], ['env3', 'osc2_wt_position', 0.0625], ['lfo1', 'osc2_wt_position', -0.109375], ['lfo2', 'osc2_wt_position', -0.046875], ['mod', 'osc2_wt_position', 0.484375], ['slide', 'osc2_wt_position', 0.4799999893], ['lfo1', 'osc2_effect1', 0.359375], ['lfo2', 'osc2_effect1', 0.78125], ['vel', 'osc2_effect1', -0.125], ['amp', 'osc2_pan', 0.046875], ['lfo1', 'osc2_pan', 0.484375], ['mod', 'osc2_pan', 0.296875], ['slide', 'osc2_pan', 0.3000000119], ['env2', 'filter1_frequency', 0.03125], ['lfo1', 'filter1_frequency', 0.1875], ['lfo2', 'filter1_frequency', 0.234375], ['vel', 'filter1_frequency', 0.140625], ['mod', 'filter1_frequency', 0.1000000238], ['slide', 'filter1_frequency', 0.1000000015], ['env2', 'filter2_drive', 0.125], ['lfo1', 'filter2_drive', 0.0625], ['pitchbend', 'filter2_drive', 0.140625], ['mod', 'lfo1_amount', 1.0], ['amp', 'lfo2_amount', 0.109375], ['env2', 'lfo2_amount', 0.03125], ['lfo1', 'lfo2_amount', 0.03125], ['mod', 'lfo2_amount', 1.0], ['pitchbend', 'mod_time_sclae', 0.109375], ['amp', 'ampmod', 0.0625], ['env2', 'ampmod', 0.03125], ['lfo2', 'ampmod', 0.0625], ['vel', 'ampmod', 0.5], ['mod', 'ampmod', -0.1100000143], ['env2', 'pitchmod', 0.00100004673], ['pitchbend', 'pitchmod', 0.3600000143], ['note_pitchbend', 'pitchmod', 1.0]]}"
Lead,Chaotica,"Highly noisy, textured, and atonal pluck lead. The synth should be built from noisy wavetables and have envelopes with fast attack, moderate decay, low sustain, and moderate release to create an extended plucky character. The decay and release should create a reverb-like sound, allowing the noisy timbre to take up more space and sound bigger in the track. The primary oscillators should be slightly detuned to create extra dissonance and size to the textured noise, and a pure sine sub oscillator should provide some tonal foundation to the sound. This interesting layered sound would work well to fill up the frequency spectrum with a soothing, dronelike pink noise while also maintaining a plucky foundation for a melody.","{'wt1': 'Pink Noise', 'wt2': 'Junk 1', 'osc1_on': 'true', 'osc1_pitch_transpose': '0', 'osc1_pitch_detune': '-0.1015625', 'osc1_wt_position': '0', 'osc1_effect_mode': '0', 'osc1_effect1': '0', 'osc1_effect2': '0', 'osc1_pan': '0', 'osc1_gain': '1', 'osc2_on': 'true', 'osc2_pitch_transpose': '0', 'osc2_pitch_detune': '0.1171875', 'osc2_wt_position': '1', 'osc2_effect_mode': '0', 'osc2_effect1': '0', 'osc2_effect2': '0', 'osc2_pan': '0', 'osc2_gain': '1', 'sub_on': 'true', 'sub_tone': '0', 'sub_gain': '0.4609375', 'sub_octave': '1', 'filter1_on': 'true', 'filter1_type': '0', 'filter1_circuit_lphp': '0', 'filter1_circuit_bpnomo': '0', 'filter1_slope': '0', 'filter1_frequency': '3522.49658', 'filter1_resonance': '0', 'filter1_drive': '0', 'filter1_morph': '0', 'filter2_on': 'false', 'filter2_type': '0', 'filter2_circuit_lphp': '0', 'filter2_circuit_bpnomo': '0', 'filter2_slope': '0', 'filter2_frequency': '20000.1035', 'filter2_resonance': '0', 'filter2_drive': '0', 'filter2_morph': '0', 'ampenv_attack_time': '0.001000000164', 'ampenv_decay_time': '6.70402288', 'ampenv_release_time': '1.48337328', 'ampenv_attack_slope': '0', 'ampenv_decay_slope': '0.5', 'ampenv_release_slope': '0.5', 'ampenv_sustain': '0', 'ampenv_loopmode': '0', 'env2_attack_time': '0.001000000164', 'env2_decay_time': '4.1263957', 'env2_release_time': '4.1263957', 'env2_attack_slope': '0', 'env2_decay_slope': '0.5', 'env2_release_slope': '0.5', 'env2_sustain': '0', 'env2_initial_value': '0', 'env2_peak_value': '1', 'env2_final_value': '0', 'env2_loopmode': '0', 'env3_attack_time': '0', 'env3_decay_time': '0.004291553516', 'env3_release_time': '0.5999999642', 'env3_attack_slope': '0', 'env3_decay_slope': '0.5', 'env3_release_slope': '0.5', 'env3_sustain': '0', 'env3_initial_value': '0', 'env3_peak_value': '1', 'env3_final_value': '0', 'env3_loopmode': '0', 'lfo1_retrigger': 'true', 'lfo1_shape_type': '0', 'lfo1_amount': '1', 'lfo1_shaping': '0', 'lfo1_phase': '0', 'lfo1_sync': '0', 'lfo1_rate': '0.9999998808', 'lfo1_synced_rate': '15', 'lfo1_attack': '0', 'lfo2_retrigger': 'true', 'lfo2_shape_type': '0', 'lfo2_amount': '1', 'lfo2_shaping': '0', 'lfo2_phase': '0', 'lfo2_sync': '0', 'lfo2_rate': '0.9999998808', 'lfo2_synced_rate': '15', 'lfo2_attack': '0', 'mod_time_scale': '0', 'mod_amount': '1', 'unison_mode': '3', 'unison_voices': '2', 'unison_amount': '0.5703125', 'global_transpose': '0', 'glide': '0', 'filter_routing': '0', 'vol': '0.3433227539', 'polyphony': '1', 'poly_voices': '6', 'hq': 'false', 'mod_matrix': [['env2', 'osc1_wt_position', 0.484375], ['env3', 'osc1_wt_position', 1.0], ['press', 'osc1_wt_position', 0.2000000477], ['env2', 'osc2_wt_position', -1.0], ['env3', 'osc2_wt_position', -1.0], ['env3', 'filter1_frequency', 1.0], ['vel', 'filter1_frequency', 0.1000000238], ['mod', 'filter1_frequency', 0.2999999523], ['slide', 'filter1_frequency', 0.3000000119], ['vel', 'ampmod', 0.5], ['env3', 'pitchmod', 1.0], ['pitchbend', 'pitchmod', 0.04200005531], ['note_pitchbend', 'pitchmod', 1.0]]}"
Lead,Model H Lead,"Classic analog lead synth. The vintage sound should be built from basic saw/square and sine wavetables with subtle oscillator effects and slight detuning to thicken up the sound. The overall sound should be lush, warm and comfortable, evoking that smooth analog timbre. The envelopes and filters should be expertly designed to match vintage synthesizers, and subtle LFO modulation to the wavetable 1 position to give the classic instability of an old-school analog synth.","{'wt1': 'Basic Shapes', 'wt2': 'Basic Shapes', 'osc1_on': 'true', 'osc1_pitch_transpose': '-12', 'osc1_pitch_detune': '0.0390625', 'osc1_wt_position': '0.6554622054', 'osc1_effect_mode': '3', 'osc1_effect1': '0.015625', 'osc1_effect2': '0', 'osc1_pan': '-0.171875', 'osc1_gain': '1', 'osc2_on': 'true', 'osc2_pitch_transpose': '12', 'osc2_pitch_detune': '-0.0234375', 'osc2_wt_position': '0.1008403376', 'osc2_effect_mode': '1', 'osc2_effect1': '-1', 'osc2_effect2': '0.2265625', 'osc2_pan': '0.046875', 'osc2_gain': '0.5546218753', 'sub_on': 'true', 'sub_tone': '0.671875', 'sub_gain': '0.4765625', 'sub_octave': '0', 'filter1_on': 'true', 'filter1_type': '0', 'filter1_circuit_lphp': '2', 'filter1_circuit_bpnomo': '0', 'filter1_slope': '1', 'filter1_frequency': '2986.15796', 'filter1_resonance': '0.6051587462', 'filter1_drive': '5.0625', 'filter1_morph': '0', 'filter2_on': 'true', 'filter2_type': '1', 'filter2_circuit_lphp': '4', 'filter2_circuit_bpnomo': '0', 'filter2_slope': '0', 'filter2_frequency': '144.916687', 'filter2_resonance': '0.6150793433', 'filter2_drive': '5.8125', 'filter2_morph': '0', 'ampenv_attack_time': '0.00004656612873', 'ampenv_decay_time': '6.56027508', 'ampenv_release_time': '0.03060164861', 'ampenv_attack_slope': '0', 'ampenv_decay_slope': '0.4761904478', 'ampenv_release_slope': '0.4375', 'ampenv_sustain': '0.9084472656', 'ampenv_loopmode': '0', 'env2_attack_time': '0.000001192092896', 'env2_decay_time': '20', 'env2_release_time': '0.2562014461', 'env2_attack_slope': '0', 'env2_decay_slope': '1', 'env2_release_slope': '0.5', 'env2_sustain': '0.953125', 'env2_initial_value': '0.4609375', 'env2_peak_value': '0.8984375', 'env2_final_value': '0', 'env2_loopmode': '0', 'env3_attack_time': '0.0001788884401', 'env3_decay_time': '3.84613323', 'env3_release_time': '0.5999999642', 'env3_attack_slope': '-0.171875', 'env3_decay_slope': '-0.34375', 'env3_release_slope': '0.5', 'env3_sustain': '0.359375', 'env3_initial_value': '0', 'env3_peak_value': '0.992307663', 'env3_final_value': '0', 'env3_loopmode': '0', 'lfo1_retrigger': 'true', 'lfo1_shape_type': '0', 'lfo1_amount': '0.15625', 'lfo1_shaping': '0.328125', 'lfo1_phase': '0', 'lfo1_sync': '1', 'lfo1_rate': '0.2076878995', 'lfo1_synced_rate': '15', 'lfo1_attack': '0.333596468', 'lfo2_retrigger': 'true', 'lfo2_shape_type': '0', 'lfo2_amount': '0.359375', 'lfo2_shaping': '0.375', 'lfo2_phase': '0', 'lfo2_sync': '0', 'lfo2_rate': '0.5720608234', 'lfo2_synced_rate': '15', 'lfo2_attack': '0.078125', 'mod_time_scale': '-0.078125', 'mod_amount': '1', 'unison_mode': '1', 'unison_voices': '2', 'unison_amount': '0.0234375', 'global_transpose': '0', 'glide': '0.02471923828', 'filter_routing': '0', 'vol': '0.1128540039', 'polyphony': '0', 'poly_voices': '6', 'hq': 'false', 'mod_matrix': [['lfo2', 'osc1_wt_position', 1.0], ['vel', 'osc1_wt_position', 0.375], ['mod', 'osc1_wt_position', 0.03125], ['slide', 'osc1_wt_position', 0.03099999949], ['vel', 'osc1_effect1', 0.01874995232], ['env2', 'osc1_effect2', 0.1875], ['env3', 'osc1_effect2', 0.28125], ['lfo1', 'osc1_effect2', -0.0625], ['vel', 'osc1_effect2', 0.484375], ['vel', 'osc2_effect1', -0.003125011921], ['vel', 'osc2_effect2', -0.21875], ['env3', 'filter1_frequency', 0.953125], ['lfo1', 'filter1_frequency', -0.001562476158], ['vel', 'filter1_frequency', -0.796875], ['pitchbend', 'filter1_frequency', 0.265625], ['press', 'filter1_frequency', 1.0], ['mod', 'filter1_frequency', 0.21875], ['slide', 'filter1_frequency', 0.2199999988], ['press', 'filter1_drive', 0.296875], ['mod', 'lfo1_amount', 1.0], ['mod', 'lfo1_ratemod', 0.484375], ['slide', 'lfo1_ratemod', 0.4799999893], ['mod', 'lfo2_amount', 1.0], ['mod', 'lfo2_ratemod', 0.390625], ['slide', 'lfo2_ratemod', 0.3899999857], ['env3', 'unison_amount', 0.984375], ['lfo1', 'unison_amount', 0.078125], ['lfo2', 'unison_amount', 0.265625], ['mod', 'unison_amount', 0.125], ['vel', 'ampmod', 0.140625], ['pitchbend', 'pitchmod', 0.04200005531], ['note_pitchbend', 'pitchmod', 1.0]]}"
Lead,Funk Wah Solo,"Bright and responsive lead synth for a funk solo. The synth should have a simplistic sound, built with triangle and saw character with an FM effect applied to oscillator 2, and a bit of glide to smooth the transition between notes in the solo. The velocity should modulation the timbre of the sound to add extra expressiveness. Overall the sound should be simple, energetic, analog, and buzzy, fit for a keyboard solo in a 70s or 80s track.","{'wt1': 'Basic Shapes', 'wt2': 'Basic Shapes', 'osc1_on': 'true', 'osc1_pitch_transpose': '-12', 'osc1_pitch_detune': '0', 'osc1_wt_position': '0.3277311027', 'osc1_effect_mode': '3', 'osc1_effect1': '0.015625', 'osc1_effect2': '0', 'osc1_pan': '-0.171875', 'osc1_gain': '1', 'osc2_on': 'true', 'osc2_pitch_transpose': '12', 'osc2_pitch_detune': '-0.0234375', 'osc2_wt_position': '0.260504216', 'osc2_effect_mode': '1', 'osc2_effect1': '-1', 'osc2_effect2': '0.2265625', 'osc2_pan': '0.390625', 'osc2_gain': '0.5546218753', 'sub_on': 'true', 'sub_tone': '0.84375', 'sub_gain': '0.6015625', 'sub_octave': '1', 'filter1_on': 'true', 'filter1_type': '0', 'filter1_circuit_lphp': '2', 'filter1_circuit_bpnomo': '0', 'filter1_slope': '1', 'filter1_frequency': '2986.15796', 'filter1_resonance': '0.6051587462', 'filter1_drive': '6.375', 'filter1_morph': '0', 'filter2_on': 'true', 'filter2_type': '1', 'filter2_circuit_lphp': '4', 'filter2_circuit_bpnomo': '0', 'filter2_slope': '0', 'filter2_frequency': '36.6299629', 'filter2_resonance': '0.6150793433', 'filter2_drive': '3.375', 'filter2_morph': '0', 'ampenv_attack_time': '0.00004656612873', 'ampenv_decay_time': '6.56027508', 'ampenv_release_time': '0.03060164861', 'ampenv_attack_slope': '0', 'ampenv_decay_slope': '0.4761904478', 'ampenv_release_slope': '0.4375', 'ampenv_sustain': '0.9084472656', 'ampenv_loopmode': '0', 'env2_attack_time': '0.000001192092896', 'env2_decay_time': '20', 'env2_release_time': '0.2562014461', 'env2_attack_slope': '0', 'env2_decay_slope': '1', 'env2_release_slope': '0.5', 'env2_sustain': '0.953125', 'env2_initial_value': '0.4609375', 'env2_peak_value': '0.8984375', 'env2_final_value': '0', 'env2_loopmode': '0', 'env3_attack_time': '0.0001788884401', 'env3_decay_time': '3.84613323', 'env3_release_time': '0.5999999642', 'env3_attack_slope': '-0.171875', 'env3_decay_slope': '-0.34375', 'env3_release_slope': '0.5', 'env3_sustain': '0.359375', 'env3_initial_value': '0', 'env3_peak_value': '0.992307663', 'env3_final_value': '0', 'env3_loopmode': '0', 'lfo1_retrigger': 'true', 'lfo1_shape_type': '0', 'lfo1_amount': '0.1875', 'lfo1_shaping': '-0.09375', 'lfo1_phase': '0', 'lfo1_sync': '1', 'lfo1_rate': '0.2076878995', 'lfo1_synced_rate': '15', 'lfo1_attack': '0.333596468', 'lfo2_retrigger': 'true', 'lfo2_shape_type': '0', 'lfo2_amount': '0.484375', 'lfo2_shaping': '0.375', 'lfo2_phase': '0', 'lfo2_sync': '0', 'lfo2_rate': '0.5720608234', 'lfo2_synced_rate': '15', 'lfo2_attack': '0.03404736519', 'mod_time_scale': '-0.078125', 'mod_amount': '1', 'unison_mode': '1', 'unison_voices': '2', 'unison_amount': '0.0234375', 'global_transpose': '0', 'glide': '0.02471923828', 'filter_routing': '0', 'vol': '0.1235961914', 'polyphony': '0', 'poly_voices': '6', 'hq': 'false', 'mod_matrix': [['lfo2', 'osc1_wt_position', 1.0], ['vel', 'osc1_wt_position', 0.375], ['mod', 'osc1_wt_position', 0.03125], ['slide', 'osc1_wt_position', 0.03099999949], ['vel', 'osc1_effect1', 0.01874995232], ['press', 'osc1_effect1', 0.125], ['env2', 'osc1_effect2', 0.1875], ['env3', 'osc1_effect2', 0.28125], ['lfo1', 'osc1_effect2', -0.0625], ['vel', 'osc1_effect2', 0.484375], ['press', 'osc1_effect2', 0.203125], ['vel', 'osc2_effect1', -0.003125011921], ['vel', 'osc2_effect2', -0.21875], ['press', 'osc2_effect2', 0.09375], ['env3', 'filter1_frequency', 0.953125], ['lfo1', 'filter1_frequency', -0.001562476158], ['vel', 'filter1_frequency', -0.796875], ['pitchbend', 'filter1_frequency', 0.265625], ['press', 'filter1_frequency', 0.34375], ['mod', 'filter1_frequency', 0.21875], ['slide', 'filter1_frequency', 0.2199999988], ['press', 'filter1_resonance', 0.203125], ['press', 'filter2_frequency', 0.484375], ['mod', 'lfo1_amount', 1.0], ['mod', 'lfo1_ratemod', 0.484375], ['slide', 'lfo1_ratemod', 0.4799999893], ['mod', 'lfo2_amount', 1.0], ['press', 'lfo2_ratemod', -0.21875], ['mod', 'lfo2_ratemod', 0.390625], ['slide', 'lfo2_ratemod', 0.3899999857], ['env3', 'unison_amount', 0.984375], ['lfo1', 'unison_amount', 0.078125], ['lfo2', 'unison_amount', 0.265625], ['mod', 'unison_amount', 0.125], ['vel', 'ampmod', 0.140625], ['press', 'ampmod', 0.03125], ['pitchbend', 'pitchmod', 0.04200005531], ['note_pitchbend', 'pitchmod', 1.0]]}"
Lead,DiveBomb Lead Drop,"Dense and warm lead synth with a lot of glide for the drop of an EDM track. Velocity should control the amount of low end in the sound through a resonant high pass filter. The sound should be thick with some left right panning of osc 1 and 2, and use vintage wavetables with rich harmonics. Modern, electronic, with heavy low end presence, and a rich buzzing character in the upper midrange. There should be subtle, almost imperceptible modulation to the oscillators and filter, creating an interesting dynamic.","{'wt1': 'Sys8 Comb', 'wt2': 'BS Sync', 'osc1_on': 'true', 'osc1_pitch_transpose': '0', 'osc1_pitch_detune': '0', 'osc1_wt_position': '0.2436974794', 'osc1_effect_mode': '1', 'osc1_effect1': '0.828125', 'osc1_effect2': '0.2578125', 'osc1_pan': '-0.359375', 'osc1_gain': '0.9411764741', 'osc2_on': 'true', 'osc2_pitch_transpose': '0', 'osc2_pitch_detune': '0', 'osc2_wt_position': '0.1344537884', 'osc2_effect_mode': '2', 'osc2_effect1': '0.046875', 'osc2_effect2': '0', 'osc2_pan': '0.625', 'osc2_gain': '1', 'sub_on': 'true', 'sub_tone': '0.6640625', 'sub_gain': '0.7421875', 'sub_octave': '1', 'filter1_on': 'true', 'filter1_type': '1', 'filter1_circuit_lphp': '4', 'filter1_circuit_bpnomo': '1', 'filter1_slope': '0', 'filter1_frequency': '460.121704', 'filter1_resonance': '0.7341270447', 'filter1_drive': '19.875', 'filter1_morph': '0', 'filter2_on': 'true', 'filter2_type': '1', 'filter2_circuit_lphp': '4', 'filter2_circuit_bpnomo': '1', 'filter2_slope': '1', 'filter2_frequency': '93.3146591', 'filter2_resonance': '0.8730158806', 'filter2_drive': '24', 'filter2_morph': '0', 'ampenv_attack_time': '0.000001192092896', 'ampenv_decay_time': '0.03060164861', 'ampenv_release_time': '0.02621738426', 'ampenv_attack_slope': '0', 'ampenv_decay_slope': '0.5', 'ampenv_release_slope': '0.5', 'ampenv_sustain': '0.5166015625', 'ampenv_loopmode': '0', 'env2_attack_time': '0.000001192092896', 'env2_decay_time': '6.87316322', 'env2_release_time': '0.5055089593', 'env2_attack_slope': '-0.4791666865', 'env2_decay_slope': '-0.08333331347', 'env2_release_slope': '0.5', 'env2_sustain': '0.6484375', 'env2_initial_value': '0', 'env2_peak_value': '0.7384615541', 'env2_final_value': '0', 'env2_loopmode': '0', 'env3_attack_time': '0.2105356008', 'env3_decay_time': '0.8445814848', 'env3_release_time': '0.212019816', 'env3_attack_slope': '-0.7230769396', 'env3_decay_slope': '0.390625', 'env3_release_slope': '0.5', 'env3_sustain': '0.3671875', 'env3_initial_value': '0', 'env3_peak_value': '1', 'env3_final_value': '0', 'env3_loopmode': '0', 'lfo1_retrigger': 'true', 'lfo1_shape_type': '3', 'lfo1_amount': '0.0859375', 'lfo1_shaping': '0.046875', 'lfo1_phase': '208.125', 'lfo1_sync': '1', 'lfo1_rate': '30', 'lfo1_synced_rate': '13', 'lfo1_attack': '0.001090839505', 'lfo2_retrigger': 'true', 'lfo2_shape_type': '3', 'lfo2_amount': '0.2890625', 'lfo2_shaping': '0.171875', 'lfo2_phase': '0', 'lfo2_sync': '1', 'lfo2_rate': '6.53858042', 'lfo2_synced_rate': '13', 'lfo2_attack': '0.00001907348633', 'mod_time_scale': '0.296875', 'mod_amount': '0.046875', 'unison_mode': '3', 'unison_voices': '3', 'unison_amount': '0.3046875', 'global_transpose': '-12', 'glide': '0.2105356008', 'filter_routing': '2', 'vol': '0.09765625', 'polyphony': '0', 'poly_voices': '4', 'hq': 'false', 'mod_matrix': [['env2', 'osc1_wt_position', -0.390625], ['env3', 'osc1_wt_position', 0.09375], ['lfo1', 'osc1_wt_position', 0.296875], ['lfo2', 'osc1_wt_position', 0.28125], ['vel', 'osc1_wt_position', 0.234375], ['env2', 'osc1_effect1', 0.6875], ['env3', 'osc1_effect1', 0.453125], ['lfo1', 'osc1_effect1', -0.28125], ['lfo2', 'osc1_effect1', 0.375], ['env2', 'osc1_effect2', -0.625], ['env3', 'osc1_effect2', 0.234375], ['lfo1', 'osc1_effect2', -0.734375], ['lfo2', 'osc1_effect2', -0.75], ['env2', 'osc1_pan', 0.125], ['env3', 'osc1_pan', -0.140625], ['lfo1', 'osc1_pan', 0.515625], ['amp', 'osc2_wt_position', 0.203125], ['env2', 'osc2_wt_position', -0.265625], ['env3', 'osc2_wt_position', 0.890625], ['vel', 'osc2_wt_position', 0.109375], ['env2', 'osc2_effect1', -0.53125], ['env3', 'osc2_effect1', -0.609375], ['lfo1', 'osc2_effect1', 0.34375], ['lfo2', 'osc2_effect1', -0.578125], ['env2', 'osc2_pan', -0.328125], ['env3', 'osc2_pan', -0.140625], ['amp', 'filter1_frequency', 0.1875], ['env2', 'filter1_frequency', 0.5], ['env3', 'filter1_frequency', 0.34375], ['lfo1', 'filter1_frequency', 0.5], ['lfo2', 'filter1_frequency', -0.46875], ['vel', 'filter1_frequency', -0.1875], ['press', 'filter1_frequency', 0.15625], ['mod', 'filter1_frequency', -0.21875], ['slide', 'filter1_frequency', -0.2199999988], ['amp', 'filter1_resonance', 0.640625], ['env2', 'filter1_resonance', -0.09375], ['env3', 'filter1_resonance', 0.21875], ['vel', 'filter1_resonance', 0.53125], ['press', 'filter1_resonance', 0.953125], ['mod', 'filter1_resonance', 0.296875], ['slide', 'filter1_resonance', 0.3000000119], ['amp', 'filter1_drive', 0.1875], ['env2', 'filter1_drive', 0.421875], ['env3', 'filter1_drive', 0.328125], ['lfo1', 'filter1_drive', 0.21875], ['lfo2', 'filter1_drive', 0.15625], ['vel', 'filter1_drive', 0.484375], ['amp', 'filter2_frequency', -0.265625], ['env2', 'filter2_frequency', 0.734375], ['env3', 'filter2_frequency', 0.125], ['lfo1', 'filter2_frequency', -0.4375], ['lfo2', 'filter2_frequency', 0.21875], ['vel', 'filter2_frequency', -0.375], ['press', 'filter2_frequency', 0.5], ['mod', 'filter2_frequency', 0.65625], ['slide', 'filter2_frequency', 0.6600000262], ['amp', 'filter2_resonance', 0.015625], ['env2', 'filter2_resonance', 0.59375], ['env3', 'filter2_resonance', -0.40625], ['lfo1', 'filter2_resonance', 0.390625], ['lfo2', 'filter2_resonance', -0.0625], ['vel', 'filter2_resonance', -0.625], ['press', 'filter2_resonance', 0.21875], ['mod', 'filter2_resonance', 0.40625], ['slide', 'filter2_resonance', 0.4099999964], ['amp', 'filter2_drive', 0.234375], ['env2', 'filter2_drive', 0.546875], ['env3', 'filter2_drive', 0.296875], ['lfo1', 'filter2_drive', 0.46875], ['lfo2', 'filter2_drive', 0.234375], ['vel', 'filter2_drive', 0.21875], ['pitchbend', 'ampenv_decay_time', -0.09375], ['pitchbend', 'ampenv_release_time', 0.03125], ['amp', 'env2_decay_time', 0.65625], ['env2', 'env2_decay_time', 0.59375], ['env3', 'env2_decay_time', 0.421875], ['env2', 'env2_sustain', 0.203125], ['env3', 'env2_sustain', 0.46875], ['env2', 'env3_decay_time', -0.71875], ['env3', 'env3_decay_time', -0.5625], ['vel', 'env3_decay_time', 0.265625], ['lfo1', 'env3_peak_value', 0.53125], ['lfo2', 'env3_peak_value', 0.75], ['amp', 'lfo1_amount', -0.09375], ['env2', 'lfo1_amount', 0.296875], ['env3', 'lfo1_amount', 0.375], ['lfo1', 'lfo1_amount', -0.046875], ['mod', 'lfo2_amount', 1.0], ['env2', 'ampmod', 0.09375], ['env3', 'ampmod', 0.125], ['vel', 'ampmod', 0.5], ['pitchbend', 'pitchmod', 0.46875], ['note_pitchbend', 'pitchmod', 1.0]]}"
Lead,After Fade,"Quirky and playful lead synth with a unique timbre. The sound should be vibrant, modern, and a bit paradoxical, encapsulating both a futuristic metallic character and a natural organic character. Slight plucky quality from envelope with quick attack rapid decay and low sustain controlling the filter, and an interesting vibrato quality from modulation of one of the oscillators with unique LFO shapes. The keypress velocity should affect the overall sound a lot by modulating the wavetable positions and filter frequencies.","{'wt1': 'Galactica', 'wt2': 'Real Voice', 'osc1_on': 'true', 'osc1_pitch_transpose': '0', 'osc1_pitch_detune': '0.09375', 'osc1_wt_position': '0.162621364', 'osc1_effect_mode': '1', 'osc1_effect1': '0', 'osc1_effect2': '0.2734375', 'osc1_pan': '-0.140625', 'osc1_gain': '1', 'osc2_on': 'true', 'osc2_pitch_transpose': '-7', 'osc2_pitch_detune': '0', 'osc2_wt_position': '0.6638655663', 'osc2_effect_mode': '2', 'osc2_effect1': '0.359375', 'osc2_effect2': '0', 'osc2_pan': '0.421875', 'osc2_gain': '0.7563025355', 'sub_on': 'true', 'sub_tone': '0', 'sub_gain': '0.5011875033', 'sub_octave': '0', 'filter1_on': 'true', 'filter1_type': '0', 'filter1_circuit_lphp': '0', 'filter1_circuit_bpnomo': '0', 'filter1_slope': '1', 'filter1_frequency': '296.282593', 'filter1_resonance': '0.3472222388', 'filter1_drive': '0', 'filter1_morph': '0', 'filter2_on': 'true', 'filter2_type': '1', 'filter2_circuit_lphp': '0', 'filter2_circuit_bpnomo': '0', 'filter2_slope': '0', 'filter2_frequency': '88.3236694', 'filter2_resonance': '0', 'filter2_drive': '0', 'filter2_morph': '0', 'ampenv_attack_time': '0.00009655952454', 'ampenv_decay_time': '17.2459793', 'ampenv_release_time': '0.06184517965', 'ampenv_attack_slope': '0', 'ampenv_decay_slope': '0.5', 'ampenv_release_slope': '-0.171875', 'ampenv_sustain': '0.5476000309', 'ampenv_loopmode': '0', 'env2_attack_time': '0.01745343208', 'env2_decay_time': '0.2483950853', 'env2_release_time': '0.4309789538', 'env2_attack_slope': '0', 'env2_decay_slope': '0.953846097', 'env2_release_slope': '0.5', 'env2_sustain': '0.046875', 'env2_initial_value': '0', 'env2_peak_value': '1', 'env2_final_value': '0', 'env2_loopmode': '0', 'env3_attack_time': '0.001000000164', 'env3_decay_time': '0.5999999642', 'env3_release_time': '0.5999999642', 'env3_attack_slope': '0', 'env3_decay_slope': '0.5', 'env3_release_slope': '0.5', 'env3_sustain': '0.5', 'env3_initial_value': '0', 'env3_peak_value': '1', 'env3_final_value': '0', 'env3_loopmode': '0', 'lfo1_retrigger': 'true', 'lfo1_shape_type': '0', 'lfo1_amount': '1', 'lfo1_shaping': '-0.625', 'lfo1_phase': '0', 'lfo1_sync': '0', 'lfo1_rate': '4.12129259', 'lfo1_synced_rate': '15', 'lfo1_attack': '0.002862215042', 'lfo2_retrigger': 'true', 'lfo2_shape_type': '2', 'lfo2_amount': '1', 'lfo2_shaping': '-0.546875', 'lfo2_phase': '0', 'lfo2_sync': '0', 'lfo2_rate': '0.1881347895', 'lfo2_synced_rate': '15', 'lfo2_attack': '0.0001788884401', 'mod_time_scale': '0', 'mod_amount': '0.953125', 'unison_mode': '5', 'unison_voices': '3', 'unison_amount': '0.4296875', 'global_transpose': '0', 'glide': '0', 'filter_routing': '0', 'vol': '0.4619750977', 'polyphony': '1', 'poly_voices': '6', 'hq': 'false', 'mod_matrix': [['amp', 'osc1_wt_position', 0.046875], ['env2', 'osc1_wt_position', 0.359375], ['lfo1', 'osc1_wt_position', 0.109375], ['lfo2', 'osc1_wt_position', 0.03125], ['vel', 'osc1_wt_position', 0.5625], ['amp', 'osc2_wt_position', 0.09375], ['env2', 'osc2_wt_position', 0.234375], ['env3', 'osc2_wt_position', 0.078125], ['lfo2', 'osc2_wt_position', -0.03125], ['vel', 'osc2_wt_position', -0.34375], ['mod', 'osc2_wt_position', 0.421875], ['slide', 'osc2_wt_position', 0.4199999869], ['env2', 'filter1_frequency', 0.65625], ['vel', 'filter1_frequency', 0.390625], ['press', 'filter1_frequency', 0.390625], ['mod', 'filter1_frequency', 0.375], ['slide', 'filter1_frequency', 0.3799999952], ['vel', 'filter2_frequency', 0.234375], ['mod', 'filter2_frequency', -0.0625], ['slide', 'filter2_frequency', -0.06199999899], ['vel', 'ampmod', 0.5], ['mod', 'ampmod', 0.09375], ['env2', 'pitchmod', 0.046875], ['pitchbend', 'pitchmod', 0.04666662216], ['mod', 'pitchmod', -0.015625], ['note_pitchbend', 'pitchmod', 1.0], ['slide', 'pitchmod', -0.01666666754]]}"
Lead,Bees & Snakeskin,"Buzzy lead synth built from FM synthesis with a noisy and complex wavetable to create a textured top layer combined with hollow and simple foundational sounds from the other oscillators. Harmonically rich, layered, and highly textured to create a wall of sound from the noisy wavetable, along with some resonance from the foundational wavetables. Filter 2 should be inversely controlled by envelope 3 to cut back some of the highs.","{'wt1': 'Noise Manipulator', 'wt2': 'Afrobeat', 'osc1_on': 'true', 'osc1_pitch_transpose': '0', 'osc1_pitch_detune': '0', 'osc1_wt_position': '0.1260504276', 'osc1_effect_mode': '1', 'osc1_effect1': '0.00100004673', 'osc1_effect2': '0.4609375', 'osc1_pan': '-0.390625', 'osc1_gain': '0.840336144', 'osc2_on': 'true', 'osc2_pitch_transpose': '-12', 'osc2_pitch_detune': '0', 'osc2_wt_position': '0.2689075768', 'osc2_effect_mode': '2', 'osc2_effect1': '-0.015625', 'osc2_effect2': '0.0078125', 'osc2_pan': '0.25', 'osc2_gain': '0.8235294223', 'sub_on': 'true', 'sub_tone': '0.671875', 'sub_gain': '0.3125', 'sub_octave': '1', 'filter1_on': 'true', 'filter1_type': '1', 'filter1_circuit_lphp': '0', 'filter1_circuit_bpnomo': '0', 'filter1_slope': '0', 'filter1_frequency': '251.199615', 'filter1_resonance': '0.80078125', 'filter1_drive': '5.25', 'filter1_morph': '0', 'filter2_on': 'true', 'filter2_type': '0', 'filter2_circuit_lphp': '3', 'filter2_circuit_bpnomo': '0', 'filter2_slope': '0', 'filter2_frequency': '2531.99805', 'filter2_resonance': '0.64453125', 'filter2_drive': '9.9375', 'filter2_morph': '0', 'ampenv_attack_time': '0', 'ampenv_decay_time': '20', 'ampenv_release_time': '0.001988796052', 'ampenv_attack_slope': '0', 'ampenv_decay_slope': '0.5', 'ampenv_release_slope': '-0.15625', 'ampenv_sustain': '0.7385253906', 'ampenv_loopmode': '2', 'env2_attack_time': '0.1251411438', 'env2_decay_time': '4.68495226', 'env2_release_time': '0.5999999642', 'env2_attack_slope': '0', 'env2_decay_slope': '0.5', 'env2_release_slope': '0.5', 'env2_sustain': '0.8285714388', 'env2_initial_value': '0', 'env2_peak_value': '1', 'env2_final_value': '0', 'env2_loopmode': '0', 'env3_attack_time': '0.4656612873', 'env3_decay_time': '10.3344545', 'env3_release_time': '0.5999999642', 'env3_attack_slope': '0', 'env3_decay_slope': '0.5', 'env3_release_slope': '0.5', 'env3_sustain': '0.6285714507', 'env3_initial_value': '0', 'env3_peak_value': '0.9902912378', 'env3_final_value': '0', 'env3_loopmode': '0', 'lfo1_retrigger': 'true', 'lfo1_shape_type': '3', 'lfo1_amount': '1', 'lfo1_shaping': '-0.5', 'lfo1_phase': '0', 'lfo1_sync': '1', 'lfo1_rate': '1.14697766', 'lfo1_synced_rate': '12', 'lfo1_attack': '0', 'lfo2_retrigger': 'true', 'lfo2_shape_type': '0', 'lfo2_amount': '1', 'lfo2_shaping': '1', 'lfo2_phase': '194.0625', 'lfo2_sync': '1', 'lfo2_rate': '8.48587227', 'lfo2_synced_rate': '11', 'lfo2_attack': '0', 'mod_time_scale': '-0.5', 'mod_amount': '0.4375', 'unison_mode': '1', 'unison_voices': '3', 'unison_amount': '0.0859375', 'global_transpose': '0', 'glide': '0', 'filter_routing': '2', 'vol': '0.1235961914', 'polyphony': '1', 'poly_voices': '6', 'hq': 'false', 'mod_matrix': [['env2', 'osc1_wt_position', 0.171875], ['env3', 'osc1_wt_position', 0.390625], ['lfo1', 'osc1_wt_position', -0.46875], ['vel', 'osc1_wt_position', 0.078125], ['pitchbend', 'osc1_wt_position', 0.234375], ['amp', 'osc1_effect2', 0.109375], ['env2', 'osc1_effect2', -0.15625], ['mod', 'osc1_effect2', 0.40625], ['amp', 'osc2_wt_position', 0.125], ['env2', 'osc2_wt_position', -0.078125], ['env3', 'osc2_wt_position', 0.609375], ['lfo2', 'osc2_wt_position', 0.171875], ['vel', 'osc2_wt_position', 0.421875], ['env2', 'osc2_effect1', 0.765625], ['env3', 'osc2_effect1', -0.328125], ['amp', 'osc2_effect2', 0.265625], ['lfo1', 'osc2_effect2', 0.890625], ['lfo2', 'osc2_effect2', 1.0], ['vel', 'osc2_effect2', 0.09375], ['amp', 'filter2_frequency', 0.109375], ['env3', 'filter2_frequency', -0.25], ['lfo1', 'filter2_frequency', 0.875], ['lfo2', 'filter2_frequency', 0.546875], ['vel', 'filter2_frequency', -0.0625], ['pitchbend', 'filter2_frequency', 0.359375], ['lfo1', 'filter2_drive', 0.671875], ['lfo2', 'filter2_drive', 0.578125], ['mod', 'lfo1_amount', 1.0], ['amp', 'lfo2_amount', -0.125], ['env3', 'lfo2_amount', 0.078125], ['mod', 'lfo2_amount', 1.0], ['env2', 'unison_amount', -0.171875], ['env3', 'unison_amount', -0.03125], ['pitchbend', 'unison_amount', 0.25], ['mod', 'unison_amount', 0.046875], ['lfo1', 'ampmod', 1.0], ['lfo2', 'ampmod', 1.0], ['vel', 'ampmod', 0.40625], ['pitchbend', 'pitchmod', 0.234375], ['note_pitchbend', 'pitchmod', 1.0]]}"
Lead,Walkie Talkeez,"Talky synth sound built from one oscillator with sine harmonics, pulse width modulation, and phase sync effect, and the other oscillator with formants and a bit of FM synthesis. Both oscillators should be slightly detuned and panned. The timbre should be evoke images of analog electronics, like a robot from the 60s talking. Very old school sound, shallow, thin, bright, with sine and formant harmonics and a talky quality. The synth should be very expressive with velocity modulation and have some unconventional envelope shapes to help create a unique timbre.","{'wt1': 'Sines 1', 'wt2': 'FOF', 'osc1_on': 'true', 'osc1_pitch_transpose': '0', 'osc1_pitch_detune': '0.078125', 'osc1_wt_position': '0.310924381', 'osc1_effect_mode': '2', 'osc1_effect1': '-0.28125', 'osc1_effect2': '0.2109375', 'osc1_pan': '-0.359375', 'osc1_gain': '0.5798319578', 'osc2_on': 'true', 'osc2_pitch_transpose': '-12', 'osc2_pitch_detune': '-0.015625', 'osc2_wt_position': '0.2436974794', 'osc2_effect_mode': '1', 'osc2_effect1': '0.171875', 'osc2_effect2': '0', 'osc2_pan': '0.234375', 'osc2_gain': '0.5546218753', 'sub_on': 'true', 'sub_tone': '0.7109375', 'sub_gain': '0', 'sub_octave': '1', 'filter1_on': 'true', 'filter1_type': '0', 'filter1_circuit_lphp': '2', 'filter1_circuit_bpnomo': '1', 'filter1_slope': '0', 'filter1_frequency': '116.301682', 'filter1_resonance': '0.6547619104', 'filter1_drive': '18.75', 'filter1_morph': '0', 'filter2_on': 'true', 'filter2_type': '1', 'filter2_circuit_lphp': '4', 'filter2_circuit_bpnomo': '0', 'filter2_slope': '0', 'filter2_frequency': '542.605225', 'filter2_resonance': '0.693359375', 'filter2_drive': '15.75', 'filter2_morph': '0', 'ampenv_attack_time': '0.00970967114', 'ampenv_decay_time': '7.15796137', 'ampenv_release_time': '0.03060164861', 'ampenv_attack_slope': '0.75', 'ampenv_decay_slope': '-1', 'ampenv_release_slope': '-0.453125', 'ampenv_sustain': '1', 'ampenv_loopmode': '0', 'env2_attack_time': '14.9409409', 'env2_decay_time': '0.001988796052', 'env2_release_time': '1.7902503', 'env2_attack_slope': '0.96875', 'env2_decay_slope': '-0.640625', 'env2_release_slope': '-0.640625', 'env2_sustain': '0.296875', 'env2_initial_value': '0.46875', 'env2_peak_value': '0.6796875', 'env2_final_value': '0.09375', 'env2_loopmode': '0', 'env3_attack_time': '1.50137556', 'env3_decay_time': '6.32915068', 'env3_release_time': '5.33864355', 'env3_attack_slope': '0.5', 'env3_decay_slope': '0.5', 'env3_release_slope': '0.453125', 'env3_sustain': '0.75', 'env3_initial_value': '0.765625', 'env3_peak_value': '0.9296875', 'env3_final_value': '0.2421875', 'env3_loopmode': '0', 'lfo1_retrigger': 'true', 'lfo1_shape_type': '0', 'lfo1_amount': '0.7265625', 'lfo1_shaping': '0', 'lfo1_phase': '0', 'lfo1_sync': '1', 'lfo1_rate': '0.6771969199', 'lfo1_synced_rate': '12', 'lfo1_attack': '0', 'lfo2_retrigger': 'true', 'lfo2_shape_type': '0', 'lfo2_amount': '0.6640625', 'lfo2_shaping': '0', 'lfo2_phase': '0', 'lfo2_sync': '1', 'lfo2_rate': '0.9999998808', 'lfo2_synced_rate': '10', 'lfo2_attack': '0', 'mod_time_scale': '0.171875', 'mod_amount': '0.296875', 'unison_mode': '1', 'unison_voices': '2', 'unison_amount': '0', 'global_transpose': '0', 'glide': '0.0007450580597', 'filter_routing': '2', 'vol': '0.1181640625', 'polyphony': '1', 'poly_voices': '6', 'hq': 'false', 'mod_matrix': [['amp', 'osc1_wt_position', 0.515625], ['env2', 'osc1_wt_position', 0.65625], ['env3', 'osc1_wt_position', 0.578125], ['vel', 'osc1_wt_position', -0.5], ['mod', 'osc1_wt_position', -0.203125], ['slide', 'osc1_wt_position', -0.200000003], ['amp', 'osc1_effect1', -0.796875], ['env2', 'osc1_effect1', 0.0625], ['env3', 'osc1_effect1', 0.09375], ['vel', 'osc1_effect1', 0.375], ['mod', 'osc1_effect1', 0.28125], ['slide', 'osc1_effect1', 0.2800000012], ['env2', 'osc1_effect2', -0.03125], ['vel', 'osc1_effect2', 0.296875], ['amp', 'osc2_wt_position', 0.453125], ['env2', 'osc2_wt_position', -0.5], ['env3', 'osc2_wt_position', 0.296875], ['vel', 'osc2_wt_position', 0.234375], ['amp', 'osc2_effect1', -0.09375], ['env2', 'osc2_effect1', -0.140625], ['env3', 'osc2_effect1', 0.125], ['vel', 'osc2_effect1', 0.796875], ['amp', 'filter1_frequency', 1.0], ['env2', 'filter1_frequency', 0.203125], ['env3', 'filter1_frequency', 0.515625], ['vel', 'filter1_frequency', 0.28125], ['env2', 'filter1_drive', 0.625], ['vel', 'filter1_drive', 0.734375], ['amp', 'filter2_frequency', -0.15625], ['env2', 'filter2_frequency', -0.921875], ['env3', 'filter2_frequency', -0.71875], ['vel', 'filter2_frequency', -0.609375], ['mod', 'filter2_frequency', 0.1875], ['slide', 'filter2_frequency', 0.1899999976], ['lfo2', 'lfo1_amount', 0.875], ['mod', 'lfo1_amount', -1.0], ['env2', 'lfo2_amount', 0.046875], ['lfo2', 'lfo2_amount', 0.515625], ['vel', 'lfo2_amount', 0.234375], ['mod', 'lfo2_amount', -1.0], ['vel', 'mod_time_sclae', -0.109375], ['vel', 'mod_amount', -0.3125], ['vel', 'unison_amount', 0.1875], ['amp', 'ampmod', 0.03125], ['vel', 'ampmod', 0.5], ['env3', 'pitchmod', -0.001562476158], ['pitchbend', 'pitchmod', 0.04666662216], ['note_pitchbend', 'pitchmod', 1.0]]}"
Lead,Twisted Guts,"Thick, distorted, gritty, and dynamic synth built from an interesting complex wavetable with phase distortion and heavy modulation to the phase sync. The sound should be beefy, deep, and warm, with an evolving character from envelope modulation to the wavetable position and sync effect. The bass should be deep, with tones of low end presence, and be detuned with a bit of unison to fatten it up. This heavy hitting synth would fit well in industrial music, or some hardcore and sinister realms of underground electronic music.","{'wt1': 'Phased', 'wt2': 'Sweep 4', 'osc1_on': 'true', 'osc1_pitch_transpose': '-12', 'osc1_pitch_detune': '0.1953125', 'osc1_wt_position': '0.1953125', 'osc1_effect_mode': '2', 'osc1_effect1': '0', 'osc1_effect2': '0', 'osc1_pan': '0', 'osc1_gain': '1', 'osc2_on': 'false', 'osc2_pitch_transpose': '0', 'osc2_pitch_detune': '0.1953125', 'osc2_wt_position': '0.5630252361', 'osc2_effect_mode': '0', 'osc2_effect1': '0', 'osc2_effect2': '0', 'osc2_pan': '0', 'osc2_gain': '0.9831932783', 'sub_on': 'true', 'sub_tone': '0.359375', 'sub_gain': '1', 'sub_octave': '1', 'filter1_on': 'true', 'filter1_type': '0', 'filter1_circuit_lphp': '1', 'filter1_circuit_bpnomo': '0', 'filter1_slope': '1', 'filter1_frequency': '5176.66016', 'filter1_resonance': '0.5685763955', 'filter1_drive': '9.75', 'filter1_morph': '0', 'filter2_on': 'true', 'filter2_type': '1', 'filter2_circuit_lphp': '2', 'filter2_circuit_bpnomo': '0', 'filter2_slope': '0', 'filter2_frequency': '70.5166931', 'filter2_resonance': '0.2099609375', 'filter2_drive': '8.25', 'filter2_morph': '0', 'ampenv_attack_time': '0', 'ampenv_decay_time': '0.6115007997', 'ampenv_release_time': '0.365037322', 'ampenv_attack_slope': '0.507692337', 'ampenv_decay_slope': '0.5', 'ampenv_release_slope': '0.5', 'ampenv_sustain': '1', 'ampenv_loopmode': '0', 'env2_attack_time': '0.1582436264', 'env2_decay_time': '0.4778608084', 'env2_release_time': '1.7511245', 'env2_attack_slope': '0', 'env2_decay_slope': '1', 'env2_release_slope': '0.5', 'env2_sustain': '0', 'env2_initial_value': '0', 'env2_peak_value': '0.6333333254', 'env2_final_value': '1', 'env2_loopmode': '0', 'env3_attack_time': '1.74975562', 'env3_decay_time': '2.41307688', 'env3_release_time': '4.38434887', 'env3_attack_slope': '0.8133333921', 'env3_decay_slope': '0.1076923609', 'env3_release_slope': '0.5', 'env3_sustain': '0', 'env3_initial_value': '0', 'env3_peak_value': '1', 'env3_final_value': '0.9666666389', 'env3_loopmode': '0', 'lfo1_retrigger': 'false', 'lfo1_shape_type': '1', 'lfo1_amount': '0.8203125', 'lfo1_shaping': '0', 'lfo1_phase': '0', 'lfo1_sync': '1', 'lfo1_rate': '0.142435506', 'lfo1_synced_rate': '6', 'lfo1_attack': '0', 'lfo2_retrigger': 'false', 'lfo2_shape_type': '1', 'lfo2_amount': '0.4140625', 'lfo2_shaping': '-0.65625', 'lfo2_phase': '360', 'lfo2_sync': '1', 'lfo2_rate': '0.2334429175', 'lfo2_synced_rate': '7', 'lfo2_attack': '0', 'mod_time_scale': '0.21875', 'mod_amount': '1.0546875', 'unison_mode': '5', 'unison_voices': '2', 'unison_amount': '0.28125', 'global_transpose': '-12', 'glide': '0', 'filter_routing': '0', 'vol': '0.1587524414', 'polyphony': '0', 'poly_voices': '6', 'hq': 'false', 'mod_matrix': [['env3', 'osc1_wt_position', 0.703125], ['lfo2', 'osc1_effect1', 0.234375], ['env2', 'osc1_effect2', 1.0], ['lfo1', 'osc1_effect2', 1.0], ['lfo1', 'osc2_wt_position', -0.1875], ['lfo2', 'osc2_wt_position', 0.34375], ['lfo1', 'osc2_gain', 0.59375], ['env2', 'sub_tone', 1.0], ['mod', 'sub_gain', 1.0], ['vel', 'filter1_resonance', -0.3125], ['env2', 'filter2_frequency', 0.328125], ['vel', 'filter2_frequency', 0.1875], ['lfo1', 'env3_attack_time', 0.0625], ['lfo2', 'env3_attack_time', 0.125], ['env3', 'lfo1_shaping', 0.5625], ['lfo1', 'lfo2_amount', 0.28125], ['env3', 'mod_amount', 1.0], ['vel', 'ampmod', 0.140625], ['note', 'ampmod', -0.578125], ['lfo2', 'pitchmod', -0.001699984074], ['pitchbend', 'pitchmod', 0.5208332539], ['note_pitchbend', 'pitchmod', 1.0]]}"
Lead,Sync Juno Lead,"Classic vintage Juno saw lead with a bit of pulse width and sync effects. The envelopes should be crafted with care to replicate vintage synths, and LFO modulation should be tied to the mod wheel for extra control and expressiveness while playing. Versatile, bright, and tonal sound with a classic analog feel that could be used in a wide variety of genres and styles, just like a saw lead on the original Juno-106 synthesizer.","{'wt1': 'Sub3 Shapes', 'wt2': 'Basic Shapes', 'osc1_on': 'true', 'osc1_pitch_transpose': '0', 'osc1_pitch_detune': '0', 'osc1_wt_position': '0.4285714328', 'osc1_effect_mode': '2', 'osc1_effect1': '0.078125', 'osc1_effect2': '0', 'osc1_pan': '0', 'osc1_gain': '0.7142857313', 'osc2_on': 'false', 'osc2_pitch_transpose': '0', 'osc2_pitch_detune': '-0.0234375', 'osc2_wt_position': '0.6554622054', 'osc2_effect_mode': '1', 'osc2_effect1': '-1', 'osc2_effect2': '0.2265625', 'osc2_pan': '0.046875', 'osc2_gain': '0.4537815154', 'sub_on': 'true', 'sub_tone': '0.84375', 'sub_gain': '0.2931249738', 'sub_octave': '0', 'filter1_on': 'true', 'filter1_type': '0', 'filter1_circuit_lphp': '0', 'filter1_circuit_bpnomo': '0', 'filter1_slope': '0', 'filter1_frequency': '605.746033', 'filter1_resonance': '0.555555582', 'filter1_drive': '6.375', 'filter1_morph': '0', 'filter2_on': 'true', 'filter2_type': '0', 'filter2_circuit_lphp': '0', 'filter2_circuit_bpnomo': '0', 'filter2_slope': '0', 'filter2_frequency': '3573.23779', 'filter2_resonance': '0.4265873134', 'filter2_drive': '3.375', 'filter2_morph': '0', 'ampenv_attack_time': '0.00001907348633', 'ampenv_decay_time': '6.56027508', 'ampenv_release_time': '0.01342003606', 'ampenv_attack_slope': '0', 'ampenv_decay_slope': '0.4761904478', 'ampenv_release_slope': '0.4375', 'ampenv_sustain': '1', 'ampenv_loopmode': '0', 'env2_attack_time': '0.0007450580597', 'env2_decay_time': '11.3111582', 'env2_release_time': '0.2562014461', 'env2_attack_slope': '0', 'env2_decay_slope': '1', 'env2_release_slope': '0.5', 'env2_sustain': '1', 'env2_initial_value': '0.09375', 'env2_peak_value': '0.7734375', 'env2_final_value': '0', 'env2_loopmode': '0', 'env3_attack_time': '0.06880767643', 'env3_decay_time': '3.84613323', 'env3_release_time': '0.5999999642', 'env3_attack_slope': '-0.171875', 'env3_decay_slope': '-0.34375', 'env3_release_slope': '0.5', 'env3_sustain': '0.53125', 'env3_initial_value': '0.4765625', 'env3_peak_value': '0.992307663', 'env3_final_value': '0', 'env3_loopmode': '0', 'lfo1_retrigger': 'true', 'lfo1_shape_type': '0', 'lfo1_amount': '0.28125', 'lfo1_shaping': '0.328125', 'lfo1_phase': '0', 'lfo1_sync': '1', 'lfo1_rate': '0.2076878995', 'lfo1_synced_rate': '1', 'lfo1_attack': '0.333596468', 'lfo2_retrigger': 'true', 'lfo2_shape_type': '0', 'lfo2_amount': '0.25', 'lfo2_shaping': '-0.078125', 'lfo2_phase': '0', 'lfo2_sync': '0', 'lfo2_rate': '0.4360215962', 'lfo2_synced_rate': '15', 'lfo2_attack': '0.2318394184', 'mod_time_scale': '-0.078125', 'mod_amount': '1', 'unison_mode': '6', 'unison_voices': '6', 'unison_amount': '0.5234375', 'global_transpose': '0', 'glide': '0.02471923828', 'filter_routing': '0', 'vol': '0.5166015625', 'polyphony': '0', 'poly_voices': '4', 'hq': 'false', 'mod_matrix': [['lfo2', 'osc1_wt_position', 1.0], ['vel', 'osc1_wt_position', 0.375], ['mod', 'osc1_wt_position', 0.03125], ['slide', 'osc1_wt_position', 0.03099999949], ['env2', 'osc1_effect1', 0.203125], ['env3', 'osc1_effect1', -0.109375], ['lfo1', 'osc1_effect1', 0.09375], ['lfo2', 'osc1_effect1', -0.578125], ['vel', 'osc1_effect1', -0.515625], ['env2', 'osc1_effect2', 0.1875], ['env3', 'osc1_effect2', 0.28125], ['lfo1', 'osc1_effect2', -0.0625], ['vel', 'osc1_effect2', 0.484375], ['press', 'osc1_effect2', -0.21875], ['env2', 'filter1_frequency', 0.109375], ['env3', 'filter1_frequency', 0.921875], ['lfo1', 'filter1_frequency', -0.0625], ['lfo2', 'filter1_frequency', -0.125], ['vel', 'filter1_frequency', -0.390625], ['press', 'filter1_frequency', 0.625], ['mod', 'filter1_frequency', 0.21875], ['slide', 'filter1_frequency', 0.2199999988], ['env2', 'env2_attack_time', 0.1875], ['press', 'env2_attack_time', 0.5625], ['press', 'lfo1_amount', 0.34375], ['mod', 'lfo1_amount', 1.0], ['mod', 'lfo1_ratemod', 1.0], ['slide', 'lfo1_ratemod', 1.0], ['press', 'lfo2_amount', 0.703125], ['mod', 'lfo2_amount', 1.0], ['mod', 'lfo2_ratemod', 0.390625], ['slide', 'lfo2_ratemod', 0.3899999857], ['env2', 'unison_amount', -0.4375], ['env3', 'unison_amount', 0.578125], ['lfo1', 'unison_amount', 0.078125], ['lfo2', 'unison_amount', 0.265625], ['vel', 'unison_amount', 0.171875], ['press', 'unison_amount', 0.484375], ['mod', 'unison_amount', 0.125], ['vel', 'ampmod', 0.171875], ['press', 'ampmod', 0.171875], ['pitchbend', 'pitchmod', 0.04200005531], ['press', 'pitchmod', 0.001562476158], ['note_pitchbend', 'pitchmod', 1.0]]}"
Lead,37th Street,"A FM synth lead with triangle and saw wave character, sounding full bodied but with a smooth finish and without a buzzing sound. The amplitude should have a quick attack, high sustain, and quick release, to create a snappy and responsive experience. The sound should evolve from its initial presence to a more subdued, darker sound by modulating the lp filter and the wavetable of the carrier oscillator.","{'wt1': 'Basic Shapes', 'wt2': 'Basic Shapes', 'osc1_on': 'true', 'osc1_pitch_transpose': '0', 'osc1_pitch_detune': '0', 'osc1_wt_position': '0.5042017102', 'osc1_effect_mode': '2', 'osc1_effect1': '0.09375', 'osc1_effect2': '0', 'osc1_pan': '0', 'osc1_gain': '0.7142857313', 'osc2_on': 'true', 'osc2_pitch_transpose': '0', 'osc2_pitch_detune': '-0.0234375', 'osc2_wt_position': '0.4957983196', 'osc2_effect_mode': '1', 'osc2_effect1': '-1', 'osc2_effect2': '0.2265625', 'osc2_pan': '0.046875', 'osc2_gain': '0.2184873968', 'sub_on': 'true', 'sub_tone': '0.84375', 'sub_gain': '0.21875', 'sub_octave': '1', 'filter1_on': 'true', 'filter1_type': '0', 'filter1_circuit_lphp': '0', 'filter1_circuit_bpnomo': '0', 'filter1_slope': '0', 'filter1_frequency': '390.078674', 'filter1_resonance': '0.555555582', 'filter1_drive': '6.375', 'filter1_morph': '0', 'filter2_on': 'true', 'filter2_type': '0', 'filter2_circuit_lphp': '0', 'filter2_circuit_bpnomo': '0', 'filter2_slope': '0', 'filter2_frequency': '3721.50977', 'filter2_resonance': '0.4265873134', 'filter2_drive': '3.375', 'filter2_morph': '0', 'ampenv_attack_time': '0.0007450580597', 'ampenv_decay_time': '6.56027508', 'ampenv_release_time': '0.03060164861', 'ampenv_attack_slope': '0', 'ampenv_decay_slope': '0.4761904478', 'ampenv_release_slope': '0.4375', 'ampenv_sustain': '0.9084472656', 'ampenv_loopmode': '0', 'env2_attack_time': '0.002127960324', 'env2_decay_time': '17.0536041', 'env2_release_time': '0.2562014461', 'env2_attack_slope': '0', 'env2_decay_slope': '1', 'env2_release_slope': '0.5', 'env2_sustain': '0.7578125', 'env2_initial_value': '0.1796875', 'env2_peak_value': '0.8515625', 'env2_final_value': '0', 'env2_loopmode': '0', 'env3_attack_time': '0.02910383046', 'env3_decay_time': '3.84613323', 'env3_release_time': '0.5999999642', 'env3_attack_slope': '-0.171875', 'env3_decay_slope': '-0.34375', 'env3_release_slope': '0.5', 'env3_sustain': '0.53125', 'env3_initial_value': '0.4765625', 'env3_peak_value': '0.992307663', 'env3_final_value': '0', 'env3_loopmode': '0', 'lfo1_retrigger': 'true', 'lfo1_shape_type': '0', 'lfo1_amount': '0.1953125', 'lfo1_shaping': '0.4375', 'lfo1_phase': '0', 'lfo1_sync': '1', 'lfo1_rate': '0.2076878995', 'lfo1_synced_rate': '11', 'lfo1_attack': '0.333596468', 'lfo2_retrigger': 'true', 'lfo2_shape_type': '0', 'lfo2_amount': '0.0625', 'lfo2_shaping': '0.375', 'lfo2_phase': '0', 'lfo2_sync': '0', 'lfo2_rate': '0.3239212036', 'lfo2_synced_rate': '15', 'lfo2_attack': '0.078125', 'mod_time_scale': '-0.078125', 'mod_amount': '1', 'unison_mode': '5', 'unison_voices': '4', 'unison_amount': '0.1796875', 'global_transpose': '0', 'glide': '0.05269654095', 'filter_routing': '0', 'vol': '0.8871284723', 'polyphony': '0', 'poly_voices': '4', 'hq': 'false', 'mod_matrix': [['lfo2', 'osc1_wt_position', 1.0], ['vel', 'osc1_wt_position', 0.03125], ['mod', 'osc1_wt_position', 0.03125], ['slide', 'osc1_wt_position', 0.03099999949], ['env2', 'osc1_effect1', 0.125], ['env3', 'osc1_effect1', -0.109375], ['lfo1', 'osc1_effect1', 0.09375], ['lfo2', 'osc1_effect1', -0.390625], ['vel', 'osc1_effect1', 0.28125], ['env2', 'osc1_effect2', 0.1875], ['env3', 'osc1_effect2', 0.28125], ['lfo1', 'osc1_effect2', -0.0625], ['vel', 'osc1_effect2', 0.484375], ['env2', 'filter1_frequency', 0.109375], ['env3', 'filter1_frequency', 0.2987499237], ['lfo1', 'filter1_frequency', -0.0625], ['lfo2', 'filter1_frequency', -0.4375], ['vel', 'filter1_frequency', 0.109375], ['press', 'filter1_frequency', 0.5], ['mod', 'filter1_frequency', 0.21875], ['slide', 'filter1_frequency', 0.2199999988], ['env2', 'filter2_frequency', 0.140625], ['env3', 'filter2_frequency', -0.01999998093], ['vel', 'filter2_frequency', -0.009999990463], ['env2', 'env2_attack_time', 0.25], ['env3', 'env2_attack_time', -0.359375], ['vel', 'env2_attack_time', 0.390625], ['mod', 'lfo1_amount', 0.84375], ['mod', 'lfo1_ratemod', 0.484375], ['slide', 'lfo1_ratemod', 0.4799999893], ['mod', 'lfo2_amount', 1.0], ['mod', 'lfo2_ratemod', 0.390625], ['slide', 'lfo2_ratemod', 0.3899999857], ['env2', 'unison_amount', -0.4375], ['env3', 'unison_amount', 0.578125], ['lfo1', 'unison_amount', 0.078125], ['lfo2', 'unison_amount', 0.265625], ['vel', 'unison_amount', 0.171875], ['mod', 'unison_amount', 0.125], ['vel', 'ampmod', 0.171875], ['pitchbend', 'pitchmod', 0.04200005531], ['note_pitchbend', 'pitchmod', 1.0]]}"
Lead,Just Beat It,"Fat lead saw synth with pulse width modulation to create an interesting character with warm, colorful dynamics. Rich harmonics from saw waves provide presence throughout the frequency spectrum, especially in the mids and highs, and LFO modulation to the pulse width effects creates interesting movement to the sound. The overall timbre should be bright, gritty, a bit aggressive, but also professional and relatively smooth for a saw synth.","{'wt1': 'Beating 2', 'wt2': 'Quad Saw', 'osc1_on': 'true', 'osc1_pitch_transpose': '0', 'osc1_pitch_detune': '0', 'osc1_wt_position': '0.470588237', 'osc1_effect_mode': '2', 'osc1_effect1': '-0.453125', 'osc1_effect2': '0', 'osc1_pan': '-0.4375', 'osc1_gain': '1', 'osc2_on': 'true', 'osc2_pitch_transpose': '-12', 'osc2_pitch_detune': '0', 'osc2_wt_position': '0.4789915979', 'osc2_effect_mode': '2', 'osc2_effect1': '-0.625', 'osc2_effect2': '0', 'osc2_pan': '0.265625', 'osc2_gain': '0.9159663916', 'sub_on': 'true', 'sub_tone': '0.1484375', 'sub_gain': '0.1640625', 'sub_octave': '1', 'filter1_on': 'true', 'filter1_type': '0', 'filter1_circuit_lphp': '3', 'filter1_circuit_bpnomo': '0', 'filter1_slope': '0', 'filter1_frequency': '2531.99805', 'filter1_resonance': '0.3472222388', 'filter1_drive': '3.75', 'filter1_morph': '0', 'filter2_on': 'true', 'filter2_type': '0', 'filter2_circuit_lphp': '3', 'filter2_circuit_bpnomo': '0', 'filter2_slope': '0', 'filter2_frequency': '7608.56787', 'filter2_resonance': '0.3769841492', 'filter2_drive': '4.125', 'filter2_morph': '0', 'ampenv_attack_time': '0.01745343208', 'ampenv_decay_time': '18.7790852', 'ampenv_release_time': '0.1411254108', 'ampenv_attack_slope': '0', 'ampenv_decay_slope': '0.5', 'ampenv_release_slope': '0.4375', 'ampenv_sustain': '0.5011875629', 'ampenv_loopmode': '0', 'env2_attack_time': '7.15699768', 'env2_decay_time': '0.5999999642', 'env2_release_time': '0.05419259146', 'env2_attack_slope': '0', 'env2_decay_slope': '0.5', 'env2_release_slope': '0.5', 'env2_sustain': '0.796875', 'env2_initial_value': '0.2265625', 'env2_peak_value': '1', 'env2_final_value': '0', 'env2_loopmode': '0', 'env3_attack_time': '0.001000000164', 'env3_decay_time': '0.5999999642', 'env3_release_time': '0.5999999642', 'env3_attack_slope': '0', 'env3_decay_slope': '0.5', 'env3_release_slope': '0.5', 'env3_sustain': '0.46875', 'env3_initial_value': '0', 'env3_peak_value': '1', 'env3_final_value': '0', 'env3_loopmode': '0', 'lfo1_retrigger': 'true', 'lfo1_shape_type': '0', 'lfo1_amount': '1', 'lfo1_shaping': '0.4375', 'lfo1_phase': '0', 'lfo1_sync': '1', 'lfo1_rate': '0.9999998808', 'lfo1_synced_rate': '0', 'lfo1_attack': '0.00000007450580597', 'lfo2_retrigger': 'true', 'lfo2_shape_type': '0', 'lfo2_amount': '1', 'lfo2_shaping': '0', 'lfo2_phase': '0', 'lfo2_sync': '1', 'lfo2_rate': '0.9999998808', 'lfo2_synced_rate': '0', 'lfo2_attack': '0.08835799992', 'mod_time_scale': '0', 'mod_amount': '1', 'unison_mode': '4', 'unison_voices': '7', 'unison_amount': '0.328125', 'global_transpose': '0', 'glide': '0.01192092896', 'filter_routing': '0', 'vol': '0.1983032227', 'polyphony': '0', 'poly_voices': '6', 'hq': 'false', 'mod_matrix': [['env2', 'osc1_effect1', 0.390625], ['env3', 'osc1_effect1', 0.453125], ['lfo1', 'osc1_effect1', 0.359375], ['lfo2', 'osc1_effect1', -0.8125], ['vel', 'osc1_effect1', -0.15625], ['press', 'osc1_effect1', -0.15625], ['lfo1', 'osc1_effect2', 0.5], ['lfo2', 'osc1_effect2', 0.40625], ['press', 'osc1_effect2', 0.046875], ['env2', 'osc2_wt_position', 0.625], ['env3', 'osc2_wt_position', 0.34375], ['vel', 'osc2_wt_position', -0.28125], ['env2', 'osc2_effect1', -0.109375], ['lfo1', 'osc2_effect1', -0.578125], ['lfo2', 'osc2_effect1', 0.359375], ['vel', 'osc2_effect1', -0.078125], ['lfo1', 'osc2_effect2', -0.5625], ['lfo2', 'osc2_effect2', 0.125], ['press', 'osc2_effect2', -0.15625], ['env2', 'filter1_frequency', 0.15625], ['env3', 'filter1_frequency', 0.046875], ['vel', 'filter1_frequency', 0.328125], ['press', 'filter1_frequency', 0.109375], ['mod', 'filter1_frequency', 0.109375], ['slide', 'filter1_frequency', 0.1099999994], ['env2', 'filter1_drive', 0.28125], ['press', 'filter1_drive', 0.125], ['env2', 'filter2_frequency', 0.046875], ['vel', 'filter2_frequency', 0.046875], ['press', 'filter2_frequency', 0.140625], ['mod', 'filter2_frequency', 0.140625], ['slide', 'filter2_frequency', 0.1400000006], ['press', 'filter2_drive', 0.296875], ['env2', 'lfo1_amount', 0.09375], ['mod', 'lfo1_amount', 1.0], ['vel', 'lfo2_amount', 0.5], ['mod', 'lfo2_amount', 1.0], ['pitchbend', 'pitchmod', 0.04200005531], ['note_pitchbend', 'pitchmod', 1.0]]}"
Lead,A Thick Wave,"Thick and punchy lead synth with triangle and saw wave character for rich harmonics. Quick attack, high sustain to create a bold and assertive nature. Use Wavetable's Random Note unison mode with a lot of voices to fatten up the sound. Subtle modulation and velocity control to give an analog flavor. Overall this lead triange/saw synth should be simple, versatile, and energetic with a vintage vibe.","{'wt1': 'Basic Shapes', 'wt2': 'Basic Shapes', 'osc1_on': 'true', 'osc1_pitch_transpose': '0', 'osc1_pitch_detune': '0', 'osc1_wt_position': '0.4285714328', 'osc1_effect_mode': '2', 'osc1_effect1': '0.015625', 'osc1_effect2': '0', 'osc1_pan': '0', 'osc1_gain': '0.7142857313', 'osc2_on': 'false', 'osc2_pitch_transpose': '0', 'osc2_pitch_detune': '-0.0234375', 'osc2_wt_position': '0.6554622054', 'osc2_effect_mode': '1', 'osc2_effect1': '-1', 'osc2_effect2': '0.2265625', 'osc2_pan': '0.046875', 'osc2_gain': '0.4537815154', 'sub_on': 'true', 'sub_tone': '0.84375', 'sub_gain': '0.25', 'sub_octave': '1', 'filter1_on': 'true', 'filter1_type': '0', 'filter1_circuit_lphp': '0', 'filter1_circuit_bpnomo': '0', 'filter1_slope': '0', 'filter1_frequency': '330.739502', 'filter1_resonance': '0.7638888955', 'filter1_drive': '6.375', 'filter1_morph': '0', 'filter2_on': 'true', 'filter2_type': '0', 'filter2_circuit_lphp': '0', 'filter2_circuit_bpnomo': '0', 'filter2_slope': '0', 'filter2_frequency': '5469.41406', 'filter2_resonance': '0.7242063284', 'filter2_drive': '3.375', 'filter2_morph': '0', 'ampenv_attack_time': '0.00001907348633', 'ampenv_decay_time': '6.56027508', 'ampenv_release_time': '0.01342003606', 'ampenv_attack_slope': '0', 'ampenv_decay_slope': '0.4761904478', 'ampenv_release_slope': '0.4375', 'ampenv_sustain': '1', 'ampenv_loopmode': '0', 'env2_attack_time': '0.001090839505', 'env2_decay_time': '11.3111582', 'env2_release_time': '0.2562014461', 'env2_attack_slope': '0', 'env2_decay_slope': '1', 'env2_release_slope': '0.5', 'env2_sustain': '1', 'env2_initial_value': '0.09375', 'env2_peak_value': '0.7734375', 'env2_final_value': '0', 'env2_loopmode': '0', 'env3_attack_time': '0.06880767643', 'env3_decay_time': '3.84613323', 'env3_release_time': '0.5999999642', 'env3_attack_slope': '-0.171875', 'env3_decay_slope': '-0.34375', 'env3_release_slope': '0.5', 'env3_sustain': '0.53125', 'env3_initial_value': '0.4765625', 'env3_peak_value': '0.992307663', 'env3_final_value': '0', 'env3_loopmode': '0', 'lfo1_retrigger': 'true', 'lfo1_shape_type': '0', 'lfo1_amount': '0.28125', 'lfo1_shaping': '0.328125', 'lfo1_phase': '0', 'lfo1_sync': '1', 'lfo1_rate': '0.2076878995', 'lfo1_synced_rate': '1', 'lfo1_attack': '0.333596468', 'lfo2_retrigger': 'true', 'lfo2_shape_type': '0', 'lfo2_amount': '0.25', 'lfo2_shaping': '-0.078125', 'lfo2_phase': '0', 'lfo2_sync': '0', 'lfo2_rate': '0.4360215962', 'lfo2_synced_rate': '15', 'lfo2_attack': '0.2318394184', 'mod_time_scale': '-0.078125', 'mod_amount': '1', 'unison_mode': '6', 'unison_voices': '7', 'unison_amount': '0.5234375', 'global_transpose': '0', 'glide': '0.05269654095', 'filter_routing': '0', 'vol': '0.6226196289', 'polyphony': '0', 'poly_voices': '4', 'hq': 'false', 'mod_matrix': [['lfo2', 'osc1_wt_position', 1.0], ['vel', 'osc1_wt_position', 0.375], ['mod', 'osc1_wt_position', 0.03125], ['slide', 'osc1_wt_position', 0.03099999949], ['env2', 'osc1_effect1', -0.21875], ['env3', 'osc1_effect1', -0.109375], ['lfo1', 'osc1_effect1', 0.09375], ['lfo2', 'osc1_effect1', -0.390625], ['vel', 'osc1_effect1', 0.28125], ['env2', 'osc1_effect2', 0.1875], ['env3', 'osc1_effect2', 0.28125], ['lfo1', 'osc1_effect2', -0.0625], ['vel', 'osc1_effect2', 0.484375], ['press', 'osc1_effect2', -0.21875], ['env2', 'filter1_frequency', 0.109375], ['env3', 'filter1_frequency', 0.921875], ['lfo1', 'filter1_frequency', -0.0625], ['lfo2', 'filter1_frequency', -0.125], ['vel', 'filter1_frequency', -0.390625], ['press', 'filter1_frequency', 0.625], ['mod', 'filter1_frequency', 0.21875], ['slide', 'filter1_frequency', 0.2199999988], ['env2', 'env2_attack_time', 0.1875], ['press', 'env2_attack_time', 0.5625], ['press', 'lfo1_amount', 0.34375], ['mod', 'lfo1_amount', 1.0], ['mod', 'lfo1_ratemod', 1.0], ['slide', 'lfo1_ratemod', 1.0], ['press', 'lfo2_amount', 0.703125], ['mod', 'lfo2_amount', 1.0], ['mod', 'lfo2_ratemod', 0.390625], ['slide', 'lfo2_ratemod', 0.3899999857], ['env2', 'unison_amount', -0.4375], ['env3', 'unison_amount', 0.578125], ['lfo1', 'unison_amount', 0.078125], ['lfo2', 'unison_amount', 0.265625], ['vel', 'unison_amount', 0.171875], ['press', 'unison_amount', 0.484375], ['mod', 'unison_amount', 0.125], ['vel', 'ampmod', 0.171875], ['press', 'ampmod', 0.171875], ['pitchbend', 'pitchmod', 0.04200005531], ['press', 'pitchmod', 0.001562476158], ['note_pitchbend', 'pitchmod', 1.0]]}"
Lead,Swurm,"Haunting lead synth for creating icy, shimmering, eerie, and atmospheric melodies. The sound should somewhat resemble the theremin, with a timbre like a cross between a violin and voice. The synth should be built from some saw inspired wavetables with added distortion and FM effects, combined with the shimmer unison mode to create the icy, shimmering sound and add a more unique character. The sound should have a relatively slow attack and elongated release tied to a low pass envelope to create some movement and further add to the spooky frozen atmosphere, with a gentle resonance from LFO modulation to the oscillators.","{'wt1': 'Logue Saw Dist', 'wt2': 'Beating 2', 'osc1_on': 'true', 'osc1_pitch_transpose': '0', 'osc1_pitch_detune': '0.1953125', 'osc1_wt_position': '0.125', 'osc1_effect_mode': '1', 'osc1_effect1': '0.953125', 'osc1_effect2': '0', 'osc1_pan': '0', 'osc1_gain': '0.7142857313', 'osc2_on': 'true', 'osc2_pitch_transpose': '0', 'osc2_pitch_detune': '0', 'osc2_wt_position': '0.4957983196', 'osc2_effect_mode': '0', 'osc2_effect1': '0', 'osc2_effect2': '0', 'osc2_pan': '0', 'osc2_gain': '1', 'sub_on': 'false', 'sub_tone': '0.6953125', 'sub_gain': '0.5078125', 'sub_octave': '1', 'filter1_on': 'true', 'filter1_type': '0', 'filter1_circuit_lphp': '1', 'filter1_circuit_bpnomo': '0', 'filter1_slope': '0', 'filter1_frequency': '204.640717', 'filter1_resonance': '0.4829545319', 'filter1_drive': '0', 'filter1_morph': '0', 'filter2_on': 'true', 'filter2_type': '0', 'filter2_circuit_lphp': '2', 'filter2_circuit_bpnomo': '0', 'filter2_slope': '0', 'filter2_frequency': '13885.2188', 'filter2_resonance': '0', 'filter2_drive': '4.125', 'filter2_morph': '0', 'ampenv_attack_time': '0.1588000655', 'ampenv_decay_time': '0.6115007997', 'ampenv_release_time': '2.54211068', 'ampenv_attack_slope': '0.507692337', 'ampenv_decay_slope': '0.5', 'ampenv_release_slope': '0.5', 'ampenv_sustain': '1', 'ampenv_loopmode': '0', 'env2_attack_time': '8.06474781', 'env2_decay_time': '10.1371727', 'env2_release_time': '4.0767231', 'env2_attack_slope': '0.1538461447', 'env2_decay_slope': '0.7190082073', 'env2_release_slope': '0.5', 'env2_sustain': '0.0615384616', 'env2_initial_value': '0', 'env2_peak_value': '0.992307663', 'env2_final_value': '0.007692307699', 'env2_loopmode': '0', 'env3_attack_time': '6.45893526', 'env3_decay_time': '11.0193319', 'env3_release_time': '0.001500000013', 'env3_attack_slope': '0', 'env3_decay_slope': '0.1076923609', 'env3_release_slope': '0.5', 'env3_sustain': '0', 'env3_initial_value': '0', 'env3_peak_value': '1', 'env3_final_value': '0', 'env3_loopmode': '2', 'lfo1_retrigger': 'true', 'lfo1_shape_type': '1', 'lfo1_amount': '0.8828125', 'lfo1_shaping': '0', 'lfo1_phase': '0', 'lfo1_sync': '1', 'lfo1_rate': '0.142435506', 'lfo1_synced_rate': '0', 'lfo1_attack': '0', 'lfo2_retrigger': 'true', 'lfo2_shape_type': '1', 'lfo2_amount': '1', 'lfo2_shaping': '0', 'lfo2_phase': '309.375', 'lfo2_sync': '1', 'lfo2_rate': '0.2334429175', 'lfo2_synced_rate': '0', 'lfo2_attack': '0', 'mod_time_scale': '-0.375', 'mod_amount': '0.609375', 'unison_mode': '2', 'unison_voices': '8', 'unison_amount': '0.3984375', 'global_transpose': '0', 'glide': '0.1396358758', 'filter_routing': '0', 'vol': '0.4104003906', 'polyphony': '0', 'poly_voices': '6', 'hq': 'false', 'mod_matrix': [['env3', 'osc1_wt_position', 0.765625], ['vel', 'osc1_wt_position', -0.390625], ['env2', 'osc1_effect2', 1.0], ['lfo1', 'osc1_effect2', 1.0], ['lfo1', 'osc2_wt_position', -0.1875], ['lfo2', 'osc2_wt_position', 0.65625], ['vel', 'osc2_wt_position', -0.140625], ['lfo1', 'osc2_gain', 0.59375], ['env2', 'sub_tone', 1.0], ['env2', 'filter1_frequency', 1.0], ['note', 'filter1_frequency', 0.03906488419], ['vel', 'env2_decay_time', 0.046875], ['env3', 'lfo1_shaping', 0.5625], ['lfo1', 'lfo2_amount', 0.28125], ['vel', 'lfo2_amount', 0.125], ['vel', 'ampmod', 0.5], ['note', 'ampmod', -0.578125], ['lfo2', 'pitchmod', -0.001699984074], ['pitchbend', 'pitchmod', 0.04666662216], ['note_pitchbend', 'pitchmod', 1.0]]}"
Lead,Whisper Advantage,"Noisy analog vintage synth built from vintage wavetables and the unison noise mode. One wavetable should have simple Moog MG Concertmate shapes, the other should be a comb filter from the Roland System 8. The timbre should be highly affected by the velocity, controlling wavetable positions and filter frequencies. At low velocities the sound should be smooth, warm, and tonal, but at high velocities the wavetables and filters should expand to create more of a bright and energetic sound with some icy harshness from the unison noise. The envelopes should be carefully crafted to give a retro feeling.","{'wt1': 'MG Memo', 'wt2': 'Sys8 Comb', 'osc1_on': 'true', 'osc1_pitch_transpose': '0', 'osc1_pitch_detune': '-0.015625', 'osc1_wt_position': '0.4957983196', 'osc1_effect_mode': '2', 'osc1_effect1': '0.015625', 'osc1_effect2': '0', 'osc1_pan': '-0.375', 'osc1_gain': '0.8487395048', 'osc2_on': 'true', 'osc2_pitch_transpose': '12', 'osc2_pitch_detune': '0.01171875', 'osc2_wt_position': '0.5042017102', 'osc2_effect_mode': '1', 'osc2_effect1': '0', 'osc2_effect2': '0.375', 'osc2_pan': '-0.015625', 'osc2_gain': '0.8319327831', 'sub_on': 'true', 'sub_tone': '0.671875', 'sub_gain': '0.6953125', 'sub_octave': '1', 'filter1_on': 'true', 'filter1_type': '0', 'filter1_circuit_lphp': '3', 'filter1_circuit_bpnomo': '0', 'filter1_slope': '0', 'filter1_frequency': '1820.2395', 'filter1_resonance': '0.576171875', 'filter1_drive': '3.375', 'filter1_morph': '0', 'filter2_on': 'true', 'filter2_type': '0', 'filter2_circuit_lphp': '4', 'filter2_circuit_bpnomo': '1', 'filter2_slope': '1', 'filter2_frequency': '265.413879', 'filter2_resonance': '0.5853174925', 'filter2_drive': '3.9375', 'filter2_morph': '0', 'ampenv_attack_time': '0.01750000007', 'ampenv_decay_time': '15.9127045', 'ampenv_release_time': '0.05000000075', 'ampenv_attack_slope': '0.828125', 'ampenv_decay_slope': '-0.671875', 'ampenv_release_slope': '-0.15625', 'ampenv_sustain': '0.2739868164', 'ampenv_loopmode': '0', 'env2_attack_time': '0.003771856427', 'env2_decay_time': '0.212019816', 'env2_release_time': '2.48567581', 'env2_attack_slope': '0.6875', 'env2_decay_slope': '0.2631578445', 'env2_release_slope': '-0.546875', 'env2_sustain': '0.3666666746', 'env2_initial_value': '0.78125', 'env2_peak_value': '1', 'env2_final_value': '0.515625', 'env2_loopmode': '1', 'env3_attack_time': '1.32997513', 'env3_decay_time': '20', 'env3_release_time': '0.1266317517', 'env3_attack_slope': '0.78125', 'env3_decay_slope': '0.2727272511', 'env3_release_slope': '0', 'env3_sustain': '0.2333333343', 'env3_initial_value': '0.609375', 'env3_peak_value': '0.6875', 'env3_final_value': '0', 'env3_loopmode': '1', 'lfo1_retrigger': 'true', 'lfo1_shape_type': '1', 'lfo1_amount': '0', 'lfo1_shaping': '0.125', 'lfo1_phase': '0', 'lfo1_sync': '0', 'lfo1_rate': '5.12825155', 'lfo1_synced_rate': '12', 'lfo1_attack': '0.000488832593', 'lfo2_retrigger': 'true', 'lfo2_shape_type': '1', 'lfo2_amount': '0', 'lfo2_shaping': '-0.03125', 'lfo2_phase': '64.6875', 'lfo2_sync': '1', 'lfo2_rate': '3.25590682', 'lfo2_synced_rate': '7', 'lfo2_attack': '0', 'mod_time_scale': '-0.1455793381', 'mod_amount': '0.6206054688', 'unison_mode': '3', 'unison_voices': '2', 'unison_amount': '0.421875', 'global_transpose': '0', 'glide': '0.05269654095', 'filter_routing': '0', 'vol': '0.1525878906', 'polyphony': '0', 'poly_voices': '6', 'hq': 'false', 'mod_matrix': [['vel', 'osc1_wt_position', 0.71875], ['mod', 'osc1_wt_position', 0.5], ['slide', 'osc1_wt_position', 0.5], ['env2', 'osc1_effect1', 0.171875], ['lfo2', 'osc1_effect1', 0.1875], ['vel', 'osc1_effect1', 0.4375], ['vel', 'osc1_effect2', 0.0625], ['env2', 'osc2_pitchmod', 0.015625], ['lfo2', 'osc2_pitchmod', 0.03125], ['vel', 'osc2_wt_position', 0.71875], ['mod', 'osc2_wt_position', 0.453125], ['slide', 'osc2_wt_position', 0.4499999881], ['vel', 'osc2_effect2', 0.09375], ['lfo1', 'sub_gain', 0.015625], ['lfo2', 'sub_gain', 0.109375], ['mod', 'sub_gain', 0.21875], ['amp', 'filter1_frequency', 0.3125], ['env2', 'filter1_frequency', 0.53125], ['env3', 'filter1_frequency', -0.75], ['lfo2', 'filter1_frequency', 0.453125], ['vel', 'filter1_frequency', 0.234375], ['press', 'filter1_frequency', 0.4375], ['mod', 'filter1_frequency', -0.203125], ['slide', 'filter1_frequency', -0.200000003], ['amp', 'filter1_resonance', -0.21875], ['env2', 'filter1_resonance', -0.078125], ['vel', 'filter1_resonance', 0.0625], ['amp', 'filter2_frequency', -0.09375], ['env2', 'filter2_frequency', 0.625], ['env3', 'filter2_frequency', 0.671875], ['vel', 'filter2_frequency', -0.125], ['press', 'filter2_frequency', 0.15625], ['mod', 'filter2_frequency', 0.453125], ['slide', 'filter2_frequency', 0.4499999881], ['env2', 'ampenv_release_time', -0.484375], ['vel', 'ampenv_release_time', 0.09375], ['mod', 'ampenv_release_time', 0.203125], ['slide', 'ampenv_release_time', 0.200000003], ['amp', 'env2_decay_time', 0.140625], ['env2', 'env2_decay_time', -0.390625], ['mod', 'env2_decay_time', 0.296875], ['slide', 'env2_decay_time', 0.3000000119], ['amp', 'env2_release_time', 0.203125], ['env2', 'env2_release_time', 0.28125], ['env3', 'env2_release_time', 0.265625], ['press', 'env2_release_time', 0.015625], ['mod', 'env2_release_time', 0.328125], ['slide', 'env2_release_time', 0.3300000131], ['amp', 'env2_peak_value', 0.0625], ['env2', 'env2_peak_value', -0.84375], ['mod', 'env2_peak_value', 0.375], ['amp', 'lfo1_amount', -0.203125], ['lfo1', 'lfo1_amount', 0.078125], ['lfo2', 'lfo1_amount', -0.03125], ['mod', 'lfo1_amount', 0.734375], ['lfo2', 'lfo2_amount', -0.140625], ['env2', 'unison_amount', 0.34375], ['lfo1', 'unison_amount', 0.140625], ['lfo2', 'unison_amount', 0.453125], ['vel', 'unison_amount', 0.0625], ['pitchbend', 'unison_amount', 0.09375], ['pitchbend', 'pitchmod', 0.08000004292], ['note_pitchbend', 'pitchmod', 1.0]]}"
Lead,Prog Regression,"Smooth and warm vintage prog saw synth. Fluid and comfortable high end from using the Shimmer Unison mode to alleviate the intense buzzing characteristic of saw waves and replace it with a gentle, shimmering reverb like effect and give a more analog character. Two saw waves should be tuned a perfect fifth apart to create depth and a bright musicality. The synth should make use of the aftertouch pressure sensitivity effect to control amp sustain. The synth should be emblematic of the synthesizer sounds widespread throughout progressive rock in the 70s, giving the listener a nostalgic retro vibe.","{'wt1': 'Basic Shapes', 'wt2': 'Basic Shapes', 'osc1_on': 'true', 'osc1_pitch_transpose': '0', 'osc1_pitch_detune': '0.015625', 'osc1_wt_position': '0.701149404', 'osc1_effect_mode': '0', 'osc1_effect1': '0', 'osc1_effect2': '0', 'osc1_pan': '0', 'osc1_gain': '1', 'osc2_on': 'true', 'osc2_pitch_transpose': '7', 'osc2_pitch_detune': '-0.015625', 'osc2_wt_position': '0.6666666865', 'osc2_effect_mode': '0', 'osc2_effect1': '0', 'osc2_effect2': '0', 'osc2_pan': '0.265625', 'osc2_gain': '1', 'sub_on': 'true', 'sub_tone': '0.578125', 'sub_gain': '0.6190476418', 'sub_octave': '2', 'filter1_on': 'true', 'filter1_type': '0', 'filter1_circuit_lphp': '0', 'filter1_circuit_bpnomo': '0', 'filter1_slope': '0', 'filter1_frequency': '728.4823', 'filter1_resonance': '0.7539682984', 'filter1_drive': '0', 'filter1_morph': '0', 'filter2_on': 'true', 'filter2_type': '0', 'filter2_circuit_lphp': '0', 'filter2_circuit_bpnomo': '0', 'filter2_slope': '0', 'filter2_frequency': '2576.67236', 'filter2_resonance': '0.5952380896', 'filter2_drive': '2.4375', 'filter2_morph': '0', 'ampenv_attack_time': '0.001366027165', 'ampenv_decay_time': '0.9438282251', 'ampenv_release_time': '0.306997478', 'ampenv_attack_slope': '0', 'ampenv_decay_slope': '0.4666666985', 'ampenv_release_slope': '0.796610117', 'ampenv_sustain': '0.5508422852', 'ampenv_loopmode': '0', 'env2_attack_time': '0.3497029543', 'env2_decay_time': '0.03650715202', 'env2_release_time': '0.8552029729', 'env2_attack_slope': '0', 'env2_decay_slope': '-0.222222209', 'env2_release_slope': '0.5', 'env2_sustain': '0.7567567825', 'env2_initial_value': '0', 'env2_peak_value': '1', 'env2_final_value': '0', 'env2_loopmode': '0', 'env3_attack_time': '0.8537669182', 'env3_decay_time': '2.63279939', 'env3_release_time': '2.43976021', 'env3_attack_slope': '-0.3125', 'env3_decay_slope': '0.8918918371', 'env3_release_slope': '0.5', 'env3_sustain': '0.4729729593', 'env3_initial_value': '0.2027027011', 'env3_peak_value': '1', 'env3_final_value': '0', 'env3_loopmode': '1', 'lfo1_retrigger': 'true', 'lfo1_shape_type': '0', 'lfo1_amount': '0.09375', 'lfo1_shaping': '0', 'lfo1_phase': '0', 'lfo1_sync': '1', 'lfo1_rate': '19.5675964', 'lfo1_synced_rate': '15', 'lfo1_attack': '20', 'lfo2_retrigger': 'true', 'lfo2_shape_type': '2', 'lfo2_amount': '1', 'lfo2_shaping': '-0.78125', 'lfo2_phase': '185.625', 'lfo2_sync': '0', 'lfo2_rate': '0.3587710857', 'lfo2_synced_rate': '15', 'lfo2_attack': '0', 'mod_time_scale': '0', 'mod_amount': '1', 'unison_mode': '2', 'unison_voices': '3', 'unison_amount': '0.0859375', 'global_transpose': '0', 'glide': '0.05269654095', 'filter_routing': '0', 'vol': '0.2053222656', 'polyphony': '1', 'poly_voices': '6', 'hq': 'false', 'mod_matrix': [['env2', 'filter1_frequency', 0.953125], ['note', 'filter1_frequency', 0.100004673], ['amp', 'filter1_resonance', -0.40625], ['env3', 'filter2_frequency', 0.59375], ['press', 'ampenv_sustain', 0.796875], ['vel', 'ampmod', 0.5], ['lfo1', 'pitchmod', 0.015625], ['note_pitchbend', 'pitchmod', 1.0]]}"
Lead,Fake Reverb,"String-like lead synth with a dark plucky character, an airy and organic timbre, and a spacious reverb quality. The synth should start with a wavetable with natural FM harmonics, make use the unison Noise mode to add texture and space to the sound, then modulate the position of wavetable 2 with an LFO to create the sensation of reverberations bouncing off the walls of a room. The synth should work well to create a sense of space and atmosphere, and provide a dark and slightly ominous melodic undertone.","{'wt1': 'FM Harmonics', 'wt2': 'Saw Dual 1', 'osc1_on': 'true', 'osc1_pitch_transpose': '0', 'osc1_pitch_detune': '0', 'osc1_wt_position': '0', 'osc1_effect_mode': '0', 'osc1_effect1': '0', 'osc1_effect2': '0', 'osc1_pan': '0', 'osc1_gain': '1', 'osc2_on': 'true', 'osc2_pitch_transpose': '0', 'osc2_pitch_detune': '0', 'osc2_wt_position': '0.4597701132', 'osc2_effect_mode': '0', 'osc2_effect1': '0', 'osc2_effect2': '0', 'osc2_pan': '0', 'osc2_gain': '1', 'sub_on': 'false', 'sub_tone': '0', 'sub_gain': '0.5011875033', 'sub_octave': '1', 'filter1_on': 'true', 'filter1_type': '0', 'filter1_circuit_lphp': '0', 'filter1_circuit_bpnomo': '0', 'filter1_slope': '0', 'filter1_frequency': '20.0000706', 'filter1_resonance': '0', 'filter1_drive': '0', 'filter1_morph': '0', 'filter2_on': 'false', 'filter2_type': '0', 'filter2_circuit_lphp': '0', 'filter2_circuit_bpnomo': '0', 'filter2_slope': '0', 'filter2_frequency': '20000.1035', 'filter2_resonance': '0', 'filter2_drive': '0', 'filter2_morph': '0', 'ampenv_attack_time': '0.001000000164', 'ampenv_decay_time': '0.5999999642', 'ampenv_release_time': '1.89467573', 'ampenv_attack_slope': '0', 'ampenv_decay_slope': '0.5', 'ampenv_release_slope': '0.5', 'ampenv_sustain': '0.5011875629', 'ampenv_loopmode': '0', 'env2_attack_time': '0.006915512029', 'env2_decay_time': '0.5616144538', 'env2_release_time': '1.62876499', 'env2_attack_slope': '0', 'env2_decay_slope': '0.5', 'env2_release_slope': '0.5', 'env2_sustain': '1', 'env2_initial_value': '0', 'env2_peak_value': '1', 'env2_final_value': '0', 'env2_loopmode': '0', 'env3_attack_time': '0.002127960324', 'env3_decay_time': '0.501924932', 'env3_release_time': '9.76695919', 'env3_attack_slope': '0', 'env3_decay_slope': '0.5', 'env3_release_slope': '0.5675675869', 'env3_sustain': '0.5540540814', 'env3_initial_value': '0', 'env3_peak_value': '1', 'env3_final_value': '0', 'env3_loopmode': '0', 'lfo1_retrigger': 'true', 'lfo1_shape_type': '0', 'lfo1_amount': '1', 'lfo1_shaping': '0', 'lfo1_phase': '0', 'lfo1_sync': '0', 'lfo1_rate': '0.9999999404', 'lfo1_synced_rate': '15', 'lfo1_attack': '0', 'lfo2_retrigger': 'true', 'lfo2_shape_type': '0', 'lfo2_amount': '1', 'lfo2_shaping': '0', 'lfo2_phase': '0', 'lfo2_sync': '0', 'lfo2_rate': '0.9999999404', 'lfo2_synced_rate': '15', 'lfo2_attack': '0', 'mod_time_scale': '0', 'mod_amount': '1', 'unison_mode': '3', 'unison_voices': '6', 'unison_amount': '1', 'global_transpose': '0', 'glide': '0', 'filter_routing': '0', 'vol': '0.5011875629', 'polyphony': '1', 'poly_voices': '6', 'hq': 'false', 'mod_matrix': [['env2', 'osc1_wt_position', 1.0], ['lfo1', 'osc2_wt_position', 0.5], ['env3', 'filter1_frequency', 0.90625], ['mod', 'mod_time_sclae', -0.21875], ['slide', 'mod_time_sclae', -0.2199999988], ['vel', 'ampmod', 0.5], ['pitchbend', 'pitchmod', 0.04666662216], ['note_pitchbend', 'pitchmod', 1.0]]}"
Lead,Levitate Lead,"Bright, and airy lead synth with an interesting timbre. Strong modulation to oscillator positions and effects create a natural evolution to the sound. The overall sound has some shimmering bell-like instrumental qualities, a solid tonal foundation combined with a bit of noise in the high end to create texture and a more natural tonality. The synth evokes the sensation of levitating in the clouds, while also maintaining the strong melodic foundation typical of a lead synth.","{'wt1': 'Bell', 'wt2': 'Sweep 3', 'osc1_on': 'true', 'osc1_pitch_transpose': '0', 'osc1_pitch_detune': '0', 'osc1_wt_position': '0.6554622054', 'osc1_effect_mode': '2', 'osc1_effect1': '0.046875', 'osc1_effect2': '0.5', 'osc1_pan': '-0.328125', 'osc1_gain': '0.6974790096', 'osc2_on': 'true', 'osc2_pitch_transpose': '0', 'osc2_pitch_detune': '0', 'osc2_wt_position': '0.2773109376', 'osc2_effect_mode': '3', 'osc2_effect1': '-1', 'osc2_effect2': '0.15625', 'osc2_pan': '0.328125', 'osc2_gain': '0.4453781545', 'sub_on': 'true', 'sub_tone': '0.3203125', 'sub_gain': '0.4609375', 'sub_octave': '1', 'filter1_on': 'true', 'filter1_type': '1', 'filter1_circuit_lphp': '2', 'filter1_circuit_bpnomo': '0', 'filter1_slope': '0', 'filter1_frequency': '53.8394928', 'filter1_resonance': '0.4960317612', 'filter1_drive': '2.0625', 'filter1_morph': '0', 'filter2_on': 'true', 'filter2_type': '0', 'filter2_circuit_lphp': '2', 'filter2_circuit_bpnomo': '0', 'filter2_slope': '0', 'filter2_frequency': '20479.998', 'filter2_resonance': '0.3670635223', 'filter2_drive': '4.5', 'filter2_morph': '0', 'ampenv_attack_time': '0.03959544003', 'ampenv_decay_time': '0.1888525337', 'ampenv_release_time': '0.5055089593', 'ampenv_attack_slope': '0.9223301411', 'ampenv_decay_slope': '0.5', 'ampenv_release_slope': '0.71875', 'ampenv_sustain': '1', 'ampenv_loopmode': '0', 'env2_attack_time': '2.9020071', 'env2_decay_time': '7.75402308', 'env2_release_time': '0.01999999955', 'env2_attack_slope': '0', 'env2_decay_slope': '0.5', 'env2_release_slope': '0.5', 'env2_sustain': '0', 'env2_initial_value': '1', 'env2_peak_value': '0', 'env2_final_value': '0', 'env2_loopmode': '0', 'env3_attack_time': '0', 'env3_decay_time': '1.36626804', 'env3_release_time': '0.9670228958', 'env3_attack_slope': '0', 'env3_decay_slope': '0.5', 'env3_release_slope': '0.5', 'env3_sustain': '1', 'env3_initial_value': '1', 'env3_peak_value': '0.03883495182', 'env3_final_value': '0.04854368791', 'env3_loopmode': '0', 'lfo1_retrigger': 'true', 'lfo1_shape_type': '1', 'lfo1_amount': '0.4140625', 'lfo1_shaping': '1', 'lfo1_phase': '0', 'lfo1_sync': '1', 'lfo1_rate': '0.9999998808', 'lfo1_synced_rate': '12', 'lfo1_attack': '0', 'lfo2_retrigger': 'true', 'lfo2_shape_type': '2', 'lfo2_amount': '0.953125', 'lfo2_shaping': '0.984375', 'lfo2_phase': '0', 'lfo2_sync': '1', 'lfo2_rate': '30', 'lfo2_synced_rate': '8', 'lfo2_attack': '0.02910383046', 'mod_time_scale': '0.75', 'mod_amount': '1', 'unison_mode': '4', 'unison_voices': '3', 'unison_amount': '0.859375', 'global_transpose': '0', 'glide': '0', 'filter_routing': '0', 'vol': '0.2985377908', 'polyphony': '0', 'poly_voices': '6', 'hq': 'false', 'mod_matrix': [['env3', 'osc1_wt_position', -0.515625], ['env3', 'osc1_effect1', 0.578125], ['env2', 'osc2_wt_position', 0.75], ['env3', 'osc2_wt_position', -0.4375], ['env2', 'osc2_effect1', 0.375], ['mod', 'osc2_effect1', 1.0], ['slide', 'osc2_effect1', 1.0], ['env3', 'osc2_effect2', -1.0], ['lfo2', 'filter1_frequency', 0.15625], ['mod', 'unison_amount', 0.859375], ['env2', 'ampmod', 1.0], ['vel', 'ampmod', 0.5], ['pitchbend', 'pitchmod', 0.04666662216], ['note_pitchbend', 'pitchmod', 1.0]]}"
Lead,Hixx Trix,"Pulsating lead synth with a very unique sound. It should have a slight talky quality along with the bright buzzing high end characteristic of layered saw waves. The modulation features a unique U shape for envelope 2, controlling the overall pitch and LFO rate of the synth. Sonically this creates some interesting dissonant movement when a note is played, before the pulsating effect kicks in later. The pulse should be controlled by LFO modulation of a notch filter, oscillator 1 position, sync effect on oscillator 2, and the sub oscillator tone. This synth should be fun and creative, at the risk of being impractical.","{'wt1': 'Echoes', 'wt2': 'Quad Saw', 'osc1_on': 'true', 'osc1_pitch_transpose': '0', 'osc1_pitch_detune': '0', 'osc1_wt_position': '0.5', 'osc1_effect_mode': '0', 'osc1_effect1': '0', 'osc1_effect2': '0', 'osc1_pan': '0', 'osc1_gain': '1', 'osc2_on': 'true', 'osc2_pitch_transpose': '0', 'osc2_pitch_detune': '-0.0546875', 'osc2_wt_position': '0', 'osc2_effect_mode': '2', 'osc2_effect1': '0', 'osc2_effect2': '1', 'osc2_pan': '0', 'osc2_gain': '0.7816091776', 'sub_on': 'true', 'sub_tone': '1', 'sub_gain': '0.5011875033', 'sub_octave': '1', 'filter1_on': 'true', 'filter1_type': '0', 'filter1_circuit_lphp': '2', 'filter1_circuit_bpnomo': '0', 'filter1_slope': '1', 'filter1_frequency': '8038.39014', 'filter1_resonance': '0.3075396717', 'filter1_drive': '11.25', 'filter1_morph': '0', 'filter2_on': 'true', 'filter2_type': '3', 'filter2_circuit_lphp': '0', 'filter2_circuit_bpnomo': '0', 'filter2_slope': '0', 'filter2_frequency': '313.036682', 'filter2_resonance': '0', 'filter2_drive': '0', 'filter2_morph': '0', 'ampenv_attack_time': '0.001544952393', 'ampenv_decay_time': '0.5999999642', 'ampenv_release_time': '3.05302906', 'ampenv_attack_slope': '0', 'ampenv_decay_slope': '1', 'ampenv_release_slope': '1', 'ampenv_sustain': '0.5011875033', 'ampenv_loopmode': '0', 'env2_attack_time': '0.2792549133', 'env2_decay_time': '0.1010573283', 'env2_release_time': '0.7879244089', 'env2_attack_slope': '1', 'env2_decay_slope': '-1', 'env2_release_slope': '-0.6216216087', 'env2_sustain': '0.5', 'env2_initial_value': '0.5405405164', 'env2_peak_value': '0', 'env2_final_value': '1', 'env2_loopmode': '0', 'env3_attack_time': '0.3497029543', 'env3_decay_time': '3.05302906', 'env3_release_time': '0.5999999642', 'env3_attack_slope': '0.540540576', 'env3_decay_slope': '1', 'env3_release_slope': '0.5', 'env3_sustain': '0.21875', 'env3_initial_value': '0', 'env3_peak_value': '1', 'env3_final_value': '0', 'env3_loopmode': '0', 'lfo1_retrigger': 'true', 'lfo1_shape_type': '1', 'lfo1_amount': '1', 'lfo1_shaping': '1', 'lfo1_phase': '264.375', 'lfo1_sync': '1', 'lfo1_rate': '0.9955941439', 'lfo1_synced_rate': '12', 'lfo1_attack': '0', 'lfo2_retrigger': 'true', 'lfo2_shape_type': '0', 'lfo2_amount': '1', 'lfo2_shaping': '0', 'lfo2_phase': '0', 'lfo2_sync': '0', 'lfo2_rate': '0.9999998808', 'lfo2_synced_rate': '15', 'lfo2_attack': '0', 'mod_time_scale': '0', 'mod_amount': '1', 'unison_mode': '4', 'unison_voices': '3', 'unison_amount': '1', 'global_transpose': '0', 'glide': '0.200000003', 'filter_routing': '0', 'vol': '0.2511889338', 'polyphony': '0', 'poly_voices': '6', 'hq': 'false', 'mod_matrix': [['lfo1', 'osc1_wt_position', 0.5], ['mod', 'osc1_wt_position', 0.0001000165939], ['env3', 'osc2_wt_position', 1.0], ['lfo1', 'osc2_effect2', 0.625], ['env3', 'osc2_gain', 1.0], ['lfo1', 'sub_tone', 1.0], ['note', 'filter1_frequency', 0.09686946869], ['lfo2', 'filter2_frequency', 0.21875], ['env2', 'lfo1_amount', -0.796875], ['env3', 'unison_amount', 0.6875], ['vel', 'ampmod', 0.5], ['env2', 'pitchmod', -0.109375], ['pitchbend', 'pitchmod', 0.04666662216], ['note_pitchbend', 'pitchmod', 1.0]]}"
Lead,squAErs,"Dark, watery lead synth for a melody. The sound should be simple and pure, built from triangle and square waves with a sine sub oscillator and a low pass filter. The envelopes should be organic and instrumental, giving a plucky piano type sound. A gentle LFO controlling the amplitude should add a reverb like sense of resonance. The overall sound should be soothing, smooth, simplistic, gentle, and organic. This basic and versatile lead synth could find use in a wide range of genres and style.","{'wt1': 'Basic Shapes', 'wt2': 'Basic Shapes', 'osc1_on': 'true', 'osc1_pitch_transpose': '0', 'osc1_pitch_detune': '0', 'osc1_wt_position': '1', 'osc1_effect_mode': '0', 'osc1_effect1': '0', 'osc1_effect2': '0', 'osc1_pan': '0', 'osc1_gain': '0.3678160906', 'osc2_on': 'true', 'osc2_pitch_transpose': '0', 'osc2_pitch_detune': '0', 'osc2_wt_position': '1', 'osc2_effect_mode': '0', 'osc2_effect1': '0', 'osc2_effect2': '0', 'osc2_pan': '0', 'osc2_gain': '0.4597701132', 'sub_on': 'true', 'sub_tone': '0', 'sub_gain': '0.5011875033', 'sub_octave': '1', 'filter1_on': 'true', 'filter1_type': '0', 'filter1_circuit_lphp': '4', 'filter1_circuit_bpnomo': '0', 'filter1_slope': '1', 'filter1_frequency': '153.114746', 'filter1_resonance': '0.1953125', 'filter1_drive': '2.8125', 'filter1_morph': '0', 'filter2_on': 'true', 'filter2_type': '0', 'filter2_circuit_lphp': '0', 'filter2_circuit_bpnomo': '0', 'filter2_slope': '0', 'filter2_frequency': '3333.73657', 'filter2_resonance': '0', 'filter2_drive': '0', 'filter2_morph': '0', 'ampenv_attack_time': '0.001544952393', 'ampenv_decay_time': '0.5999999642', 'ampenv_release_time': '3.20849013', 'ampenv_attack_slope': '0', 'ampenv_decay_slope': '1', 'ampenv_release_slope': '1', 'ampenv_sustain': '0.5011875629', 'ampenv_loopmode': '0', 'env2_attack_time': '0', 'env2_decay_time': '4.0767231', 'env2_release_time': '0.5999999642', 'env2_attack_slope': '0', 'env2_decay_slope': '1', 'env2_release_slope': '0', 'env2_sustain': '0.046875', 'env2_initial_value': '0', 'env2_peak_value': '1', 'env2_final_value': '0', 'env2_loopmode': '0', 'env3_attack_time': '0.001000000164', 'env3_decay_time': '0.5999999642', 'env3_release_time': '0.5999999642', 'env3_attack_slope': '0', 'env3_decay_slope': '0.5', 'env3_release_slope': '0.5', 'env3_sustain': '0.5', 'env3_initial_value': '0', 'env3_peak_value': '1', 'env3_final_value': '0', 'env3_loopmode': '0', 'lfo1_retrigger': 'true', 'lfo1_shape_type': '0', 'lfo1_amount': '1', 'lfo1_shaping': '0', 'lfo1_phase': '270', 'lfo1_sync': '0', 'lfo1_rate': '1.49470484', 'lfo1_synced_rate': '15', 'lfo1_attack': '1.32997525', 'lfo2_retrigger': 'true', 'lfo2_shape_type': '0', 'lfo2_amount': '1', 'lfo2_shaping': '0', 'lfo2_phase': '0', 'lfo2_sync': '0', 'lfo2_rate': '0.9999998808', 'lfo2_synced_rate': '15', 'lfo2_attack': '0', 'mod_time_scale': '0', 'mod_amount': '1', 'unison_mode': '1', 'unison_voices': '2', 'unison_amount': '0.125', 'global_transpose': '0', 'glide': '0.1999999881', 'filter_routing': '0', 'vol': '0.5011875629', 'polyphony': '1', 'poly_voices': '6', 'hq': 'false', 'mod_matrix': [['mod', 'osc1_wt_position', 0.390625], ['slide', 'osc1_wt_position', 0.3899999857], ['env2', 'filter1_frequency', 0.828125], ['note', 'filter1_frequency', 0.04999637604], ['lfo1', 'ampmod', 0.15625], ['vel', 'ampmod', 0.5], ['pitchbend', 'pitchmod', 0.04666662216], ['note_pitchbend', 'pitchmod', 1.0]]}"
Lead,Bright SAW Lead,"Bright and lively saw lead. Versatile and iconic, with an analog flavor from vintage wavetable selections and tastefully crafted envelopes and LFOs. The sound should be slightly detuned with left right panning to create some width. The modulations to the filter and oscillators should contribute to the expressiveness and analog nature of the sound, reminiscent of 80s synth pop anthems. Balanced analog saw lead that fits in a wide variety of musical contexts, giving a colorful, harmonically rich, and vibrant presence.","{'wt1': 'Logue Saw', 'wt2': 'JN6 Double Saws', 'osc1_on': 'true', 'osc1_pitch_transpose': '0', 'osc1_pitch_detune': '-0.0390625', 'osc1_wt_position': '0.2436974794', 'osc1_effect_mode': '2', 'osc1_effect1': '0.375', 'osc1_effect2': '0', 'osc1_pan': '-0.203125', 'osc1_gain': '1', 'osc2_on': 'true', 'osc2_pitch_transpose': '0', 'osc2_pitch_detune': '0.0546875', 'osc2_wt_position': '0.1764705926', 'osc2_effect_mode': '2', 'osc2_effect1': '-0.046875', 'osc2_effect2': '0', 'osc2_pan': '0.203125', 'osc2_gain': '1', 'sub_on': 'true', 'sub_tone': '0.671875', 'sub_gain': '0.6484375', 'sub_octave': '1', 'filter1_on': 'true', 'filter1_type': '0', 'filter1_circuit_lphp': '4', 'filter1_circuit_bpnomo': '0', 'filter1_slope': '0', 'filter1_frequency': '1630.55762', 'filter1_resonance': '0.4662698507', 'filter1_drive': '2.625', 'filter1_morph': '0', 'filter2_on': 'true', 'filter2_type': '1', 'filter2_circuit_lphp': '0', 'filter2_circuit_bpnomo': '0', 'filter2_slope': '0', 'filter2_frequency': '50.9549408', 'filter2_resonance': '0.2579365075', 'filter2_drive': '0', 'filter2_morph': '0', 'ampenv_attack_time': '0.0003051757812', 'ampenv_decay_time': '5.5745039', 'ampenv_release_time': '0.04109247029', 'ampenv_attack_slope': '-0.461538434', 'ampenv_decay_slope': '0.5', 'ampenv_release_slope': '0.5', 'ampenv_sustain': '0.5861816406', 'ampenv_loopmode': '0', 'env2_attack_time': '0.007821321487', 'env2_decay_time': '0.5999999642', 'env2_release_time': '0.08985137939', 'env2_attack_slope': '0', 'env2_decay_slope': '0.5', 'env2_release_slope': '0.5', 'env2_sustain': '1', 'env2_initial_value': '0', 'env2_peak_value': '0.921875', 'env2_final_value': '0', 'env2_loopmode': '0', 'env3_attack_time': '0.1723647863', 'env3_decay_time': '1.59441721', 'env3_release_time': '0.07961914688', 'env3_attack_slope': '-0.1692307591', 'env3_decay_slope': '-0.03076922894', 'env3_release_slope': '0.5', 'env3_sustain': '0.765625', 'env3_initial_value': '0', 'env3_peak_value': '1', 'env3_final_value': '0', 'env3_loopmode': '2', 'lfo1_retrigger': 'true', 'lfo1_shape_type': '0', 'lfo1_amount': '0.6796875', 'lfo1_shaping': '-0.421875', 'lfo1_phase': '0', 'lfo1_sync': '0', 'lfo1_rate': '0.06857421994', 'lfo1_synced_rate': '15', 'lfo1_attack': '0', 'lfo2_retrigger': 'true', 'lfo2_shape_type': '0', 'lfo2_amount': '0.046875', 'lfo2_shaping': '0.796875', 'lfo2_phase': '0', 'lfo2_sync': '1', 'lfo2_rate': '13.0615406', 'lfo2_synced_rate': '17', 'lfo2_attack': '0.5040467381', 'mod_time_scale': '0', 'mod_amount': '1.015625', 'unison_mode': '4', 'unison_voices': '2', 'unison_amount': '0', 'global_transpose': '0', 'glide': '0.01745343208', 'filter_routing': '0', 'vol': '0.2658691406', 'polyphony': '0', 'poly_voices': '6', 'hq': 'false', 'mod_matrix': [['env2', 'osc1_wt_position', 0.015625], ['lfo1', 'osc1_wt_position', 0.46875], ['vel', 'osc1_wt_position', 0.09375], ['lfo1', 'osc1_effect1', 0.4375], ['lfo2', 'osc1_effect1', -0.34375], ['env2', 'osc1_effect2', -0.109375], ['lfo2', 'osc1_effect2', 0.484375], ['lfo2', 'osc2_wt_position', 0.6875], ['lfo1', 'osc2_effect1', -0.359375], ['lfo2', 'osc2_effect1', -0.0625], ['env2', 'osc2_effect2', 0.046875], ['lfo1', 'osc2_effect2', 0.5], ['lfo2', 'osc2_effect2', -0.046875], ['env2', 'sub_tone', 0.671875], ['press', 'sub_tone', 0.09375], ['env2', 'sub_gain', 1.0], ['env3', 'sub_gain', 0.671875], ['amp', 'filter1_frequency', 0.203125], ['env2', 'filter1_frequency', -0.046875], ['vel', 'filter1_frequency', 0.234375], ['press', 'filter1_frequency', -0.15625], ['mod', 'filter1_frequency', 0.359375], ['slide', 'filter1_frequency', 0.3600000143], ['env3', 'filter2_frequency', -0.21875], ['lfo1', 'filter2_frequency', 0.28125], ['lfo2', 'filter2_frequency', -0.5], ['press', 'filter2_frequency', 0.203125], ['mod', 'lfo1_amount', 1.0], ['mod', 'lfo2_amount', 1.0], ['press', 'unison_amount', 0.125], ['vel', 'ampmod', 0.5], ['lfo1', 'pitchmod', 0.004687547684], ['pitchbend', 'pitchmod', 0.04666662216], ['note_pitchbend', 'pitchmod', 1.0]]}"
Lead,Lord of Clavichord,"Polyphonic clavichord inspired synth built from vintage wavetables and unique instrumental envelopes to give a natural, musical timbre. The synth should excel at playing chords, and sound like a mix of a classic analog synth and a renaissance era keyboard. Some LFO modulation to the wavetables should create an organic vibrato quality to the sound. The sound should be full, bright, and colorful, perfect for adding a catchy chord progression with an old-timey vibe.","{'wt1': 'JUP Double Pulse', 'wt2': 'JUN Square Stack', 'osc1_on': 'true', 'osc1_pitch_transpose': '0', 'osc1_pitch_detune': '-0.0390625', 'osc1_wt_position': '0.4957983196', 'osc1_effect_mode': '2', 'osc1_effect1': '-0.515625', 'osc1_effect2': '0.3203125', 'osc1_pan': '-0.5', 'osc1_gain': '0.7983193398', 'osc2_on': 'true', 'osc2_pitch_transpose': '0', 'osc2_pitch_detune': '0.03125', 'osc2_wt_position': '0.2521008551', 'osc2_effect_mode': '1', 'osc2_effect1': '0', 'osc2_effect2': '0', 'osc2_pan': '0.625', 'osc2_gain': '0.8487395048', 'sub_on': 'true', 'sub_tone': '0.8125', 'sub_gain': '0.6015625', 'sub_octave': '1', 'filter1_on': 'true', 'filter1_type': '0', 'filter1_circuit_lphp': '3', 'filter1_circuit_bpnomo': '0', 'filter1_slope': '0', 'filter1_frequency': '16434.9277', 'filter1_resonance': '0.4265873134', 'filter1_drive': '7.875', 'filter1_morph': '0', 'filter2_on': 'true', 'filter2_type': '0', 'filter2_circuit_lphp': '2', 'filter2_circuit_bpnomo': '0', 'filter2_slope': '1', 'filter2_frequency': '19384.0273', 'filter2_resonance': '0.2380952388', 'filter2_drive': '7.6875', 'filter2_morph': '0', 'ampenv_attack_time': '0.0007450580597', 'ampenv_decay_time': '7.45152235', 'ampenv_release_time': '0.01598887704', 'ampenv_attack_slope': '0.625', 'ampenv_decay_slope': '0.5', 'ampenv_release_slope': '0.46875', 'ampenv_sustain': '0.9384765625', 'ampenv_loopmode': '0', 'env2_attack_time': '0.4170271754', 'env2_decay_time': '7.15796137', 'env2_release_time': '0.009320735', 'env2_attack_slope': '1', 'env2_decay_slope': '1', 'env2_release_slope': '0.375', 'env2_sustain': '0.359375', 'env2_initial_value': '0.3046875', 'env2_peak_value': '0.640625', 'env2_final_value': '0', 'env2_loopmode': '0', 'env3_attack_time': '2.35741019', 'env3_decay_time': '2.43976021', 'env3_release_time': '0.08985137939', 'env3_attack_slope': '0', 'env3_decay_slope': '0.5882352591', 'env3_release_slope': '0.5', 'env3_sustain': '0.75', 'env3_initial_value': '0.765625', 'env3_peak_value': '0.921875', 'env3_final_value': '0', 'env3_loopmode': '0', 'lfo1_retrigger': 'true', 'lfo1_shape_type': '2', 'lfo1_amount': '1', 'lfo1_shaping': '-0.15625', 'lfo1_phase': '0', 'lfo1_sync': '1', 'lfo1_rate': '1.59588182', 'lfo1_synced_rate': '13', 'lfo1_attack': '0', 'lfo2_retrigger': 'true', 'lfo2_shape_type': '1', 'lfo2_amount': '1', 'lfo2_shaping': '0.546875', 'lfo2_phase': '0', 'lfo2_sync': '1', 'lfo2_rate': '3.75874996', 'lfo2_synced_rate': '14', 'lfo2_attack': '0', 'mod_time_scale': '0', 'mod_amount': '0.8125', 'unison_mode': '1', 'unison_voices': '2', 'unison_amount': '0.015625', 'global_transpose': '0', 'glide': '0.01448996365', 'filter_routing': '0', 'vol': '0.1026000977', 'polyphony': '1', 'poly_voices': '6', 'hq': 'false', 'mod_matrix': [['amp', 'osc1_wt_position', 0.4375], ['env2', 'osc1_wt_position', -0.5], ['vel', 'osc1_wt_position', 0.328125], ['mod', 'osc1_wt_position', -0.65625], ['slide', 'osc1_wt_position', -0.6600000262], ['amp', 'osc1_effect1', 0.265625], ['env2', 'osc1_effect1', -0.578125], ['env3', 'osc1_effect1', -0.015625], ['lfo2', 'osc1_effect1', -0.734375], ['mod', 'osc1_effect1', 0.34375], ['slide', 'osc1_effect1', 0.3400000036], ['env2', 'osc1_effect2', 0.078125], ['lfo1', 'osc1_effect2', -0.015625], ['vel', 'osc1_effect2', 0.15625], ['amp', 'osc2_wt_position', 0.125], ['env2', 'osc2_wt_position', 0.53125], ['lfo1', 'osc2_wt_position', 0.203125], ['lfo2', 'osc2_wt_position', 0.875], ['vel', 'osc2_wt_position', 0.171875], ['env2', 'osc2_gain', 0.03125], ['env3', 'osc2_gain', 0.140625], ['lfo1', 'osc2_gain', 0.265625], ['lfo2', 'osc2_gain', -0.140625], ['vel', 'osc2_gain', 0.59375], ['mod', 'osc2_gain', -1.0], ['amp', 'filter1_frequency', -0.09375], ['env2', 'filter1_frequency', 0.46875], ['env3', 'filter1_frequency', 0.328125], ['lfo2', 'filter1_frequency', 0.078125], ['vel', 'filter1_frequency', 0.078125], ['note', 'filter1_frequency', 1.0], ['mod', 'filter1_frequency', 0.109375], ['slide', 'filter1_frequency', 0.1099999994], ['amp', 'filter1_resonance', 0.1875], ['env2', 'filter1_resonance', 0.015625], ['env3', 'filter1_resonance', -0.0625], ['vel', 'filter1_resonance', 0.453125], ['note', 'filter1_resonance', -0.21875], ['amp', 'filter2_frequency', -0.125], ['env3', 'filter2_frequency', 0.09375], ['vel', 'filter2_frequency', 0.15625], ['mod', 'filter2_frequency', 0.21875], ['slide', 'filter2_frequency', 0.2199999988], ['env2', 'filter2_resonance', 0.859375], ['vel', 'filter2_resonance', 0.375], ['mod', 'filter2_resonance', -0.234375], ['slide', 'filter2_resonance', -0.2300000042], ['amp', 'filter2_drive', 0.46875], ['env2', 'filter2_drive', 0.046875], ['lfo2', 'filter2_drive', 1.0], ['vel', 'filter2_drive', 0.671875], ['note', 'filter2_drive', 0.03125], ['mod', 'filter2_drive', 0.8125], ['amp', 'lfo1_amount', 0.65625], ['env2', 'lfo1_amount', -0.21875], ['env3', 'lfo1_amount', 0.015625], ['mod', 'lfo1_amount', 1.0], ['amp', 'lfo2_amount', 0.859375], ['env2', 'lfo2_amount', 0.40625], ['env3', 'lfo2_amount', -0.28125], ['mod', 'lfo2_amount', 1.0], ['env2', 'ampmod', -0.03125], ['vel', 'ampmod', 0.453125], ['env3', 'pitchmod', -0.0008999705315], ['vel', 'pitchmod', 0.0006999969482], ['pitchbend', 'pitchmod', 0.01999998093], ['note_pitchbend', 'pitchmod', 1.0]]}"
Lead,Air Flute Magnus,"A noisy, hollow, and airy lead synth built from voice harmonics with the Noise unison mode, encapsulating a flute-like resonance. The sound should be gentle, organic, and nature inspired from the voice harmonics and noise unison, and have slow modulation from two LFOs set to oscillate at very low rates, creating soothing, peaceful dynamics. The sound should work well as an accent piece to add texture in a nature inspired track, and evoke the nostalgic feeling of listening to wind blow through the leaves.","{'wt1': 'Voice Harmonics', 'wt2': 'Voice Harmonics', 'osc1_on': 'true', 'osc1_pitch_transpose': '0', 'osc1_pitch_detune': '-0.0234375', 'osc1_wt_position': '0.2941176593', 'osc1_effect_mode': '3', 'osc1_effect1': '0', 'osc1_effect2': '0.1796875', 'osc1_pan': '0', 'osc1_gain': '0.7478991747', 'osc2_on': 'true', 'osc2_pitch_transpose': '0', 'osc2_pitch_detune': '0.0546875', 'osc2_wt_position': '0.2268907577', 'osc2_effect_mode': '3', 'osc2_effect1': '0', 'osc2_effect2': '0.1796875', 'osc2_pan': '0', 'osc2_gain': '0.9243697524', 'sub_on': 'false', 'sub_tone': '0.8359375', 'sub_gain': '0.6171875', 'sub_octave': '1', 'filter1_on': 'true', 'filter1_type': '1', 'filter1_circuit_lphp': '0', 'filter1_circuit_bpnomo': '0', 'filter1_slope': '0', 'filter1_frequency': '390.074341', 'filter1_resonance': '0.703125', 'filter1_drive': '0.1875', 'filter1_morph': '0', 'filter2_on': 'true', 'filter2_type': '0', 'filter2_circuit_lphp': '2', 'filter2_circuit_bpnomo': '0', 'filter2_slope': '0', 'filter2_frequency': '754.809814', 'filter2_resonance': '0.7341270447', 'filter2_drive': '1.875', 'filter2_morph': '0', 'ampenv_attack_time': '0.1251411438', 'ampenv_decay_time': '5.33864355', 'ampenv_release_time': '0.5893425941', 'ampenv_attack_slope': '-0.461538434', 'ampenv_decay_slope': '0.8125', 'ampenv_release_slope': '0.5', 'ampenv_sustain': '0.8936157227', 'ampenv_loopmode': '0', 'env2_attack_time': '0.001544952393', 'env2_decay_time': '3.20849013', 'env2_release_time': '0.3350714743', 'env2_attack_slope': '0.5625', 'env2_decay_slope': '0.5', 'env2_release_slope': '0.5', 'env2_sustain': '1', 'env2_initial_value': '0.7734375', 'env2_peak_value': '1', 'env2_final_value': '0', 'env2_loopmode': '0', 'env3_attack_time': '0.00970967114', 'env3_decay_time': '1.59441721', 'env3_release_time': '0.156843096', 'env3_attack_slope': '-0.640625', 'env3_decay_slope': '0.703125', 'env3_release_slope': '0.5', 'env3_sustain': '0.8671875', 'env3_initial_value': '0', 'env3_peak_value': '1', 'env3_final_value': '0', 'env3_loopmode': '0', 'lfo1_retrigger': 'true', 'lfo1_shape_type': '0', 'lfo1_amount': '0.4609375', 'lfo1_shaping': '-0.640625', 'lfo1_phase': '0', 'lfo1_sync': '0', 'lfo1_rate': '0.06857421994', 'lfo1_synced_rate': '15', 'lfo1_attack': '0.01745343208', 'lfo2_retrigger': 'true', 'lfo2_shape_type': '0', 'lfo2_amount': '0.65625', 'lfo2_shaping': '-0.5', 'lfo2_phase': '19.6875', 'lfo2_sync': '0', 'lfo2_rate': '0.04141785949', 'lfo2_synced_rate': '15', 'lfo2_attack': '0.00970967114', 'mod_time_scale': '0', 'mod_amount': '1.015625', 'unison_mode': '3', 'unison_voices': '5', 'unison_amount': '0.5234375', 'global_transpose': '0', 'glide': '0', 'filter_routing': '2', 'vol': '0.2271118164', 'polyphony': '1', 'poly_voices': '6', 'hq': 'false', 'mod_matrix': [['lfo1', 'osc1_wt_position', -0.25], ['mod', 'osc1_wt_position', -0.734375], ['slide', 'osc1_wt_position', -0.7300000191], ['lfo1', 'osc1_effect2', -0.25], ['lfo2', 'osc1_effect2', 0.15625], ['mod', 'osc1_effect2', 0.234375], ['lfo1', 'osc1_pan', 0.15625], ['lfo1', 'osc2_wt_position', 0.25], ['lfo2', 'osc2_wt_position', 0.125], ['mod', 'osc2_wt_position', -0.296875], ['slide', 'osc2_wt_position', -0.3000000119], ['lfo1', 'osc2_effect2', -0.171875], ['lfo2', 'osc2_effect2', -0.078125], ['mod', 'osc2_effect2', 0.34375], ['lfo2', 'osc2_pan', -0.140625], ['env2', 'sub_tone', 0.015625], ['mod', 'sub_tone', 0.4375], ['env2', 'sub_gain', 0.328125], ['env3', 'sub_gain', 0.140625], ['mod', 'sub_gain', 0.15625], ['amp', 'filter1_frequency', 0.203125], ['vel', 'filter1_frequency', 0.296875], ['note', 'filter1_frequency', 0.003576278687], ['mod', 'filter1_frequency', -0.34375], ['slide', 'filter1_frequency', -0.3400000036], ['vel', 'filter2_frequency', 0.078125], ['mod', 'filter2_frequency', -0.421875], ['slide', 'filter2_frequency', -0.4199999869], ['vel', 'ampmod', 0.203125], ['pitchbend', 'pitchmod', 0.04666662216], ['note_pitchbend', 'pitchmod', 1.0]]}"
Lead,Paisley Solo,"Bright and crisp lead solo synth with a lot of tonal high end harmonics. The mod wheel should enable LFO 1 which heavily adjusts the oscillators, giving an expressive tool for the soloist to modulate their sound in real time. The synth should sound digital overall, combining a simple vintage wavetable with a distorted clipped sweep wavetable. The synth should be responsive, tight, and saturated, perfect for a lead keyboard solo in a wide range of classic genres.","{'wt1': 'MG Memo', 'wt2': 'Clipped Sweep', 'osc1_on': 'true', 'osc1_pitch_transpose': '0', 'osc1_pitch_detune': '-0.0234375', 'osc1_wt_position': '0.4957983196', 'osc1_effect_mode': '1', 'osc1_effect1': '0.34375', 'osc1_effect2': '0.015625', 'osc1_pan': '-0.265625', 'osc1_gain': '0.8319327831', 'osc2_on': 'true', 'osc2_pitch_transpose': '0', 'osc2_pitch_detune': '0.046875', 'osc2_wt_position': '0.08403361589', 'osc2_effect_mode': '2', 'osc2_effect1': '0.078125', 'osc2_effect2': '0', 'osc2_pan': '0.203125', 'osc2_gain': '0.210084036', 'sub_on': 'true', 'sub_tone': '0.703125', 'sub_gain': '0.0703125', 'sub_octave': '1', 'filter1_on': 'false', 'filter1_type': '0', 'filter1_circuit_lphp': '2', 'filter1_circuit_bpnomo': '0', 'filter1_slope': '0', 'filter1_frequency': '2826.36108', 'filter1_resonance': '0.4166666865', 'filter1_drive': '10.875', 'filter1_morph': '0', 'filter2_on': 'true', 'filter2_type': '0', 'filter2_circuit_lphp': '3', 'filter2_circuit_bpnomo': '0', 'filter2_slope': '0', 'filter2_frequency': '2146.74951', 'filter2_resonance': '0.5654761791', 'filter2_drive': '24', 'filter2_morph': '0', 'ampenv_attack_time': '0', 'ampenv_decay_time': '0.01895212382', 'ampenv_release_time': '0.003627800848', 'ampenv_attack_slope': '0.5625', 'ampenv_decay_slope': '-0.0625', 'ampenv_release_slope': '0.265625', 'ampenv_sustain': '1', 'ampenv_loopmode': '0', 'env2_attack_time': '0.0007450580597', 'env2_decay_time': '0.07961914688', 'env2_release_time': '0.5999999642', 'env2_attack_slope': '0.1875', 'env2_decay_slope': '0.5', 'env2_release_slope': '0.5', 'env2_sustain': '0.1953125', 'env2_initial_value': '0.8203125', 'env2_peak_value': '0.34375', 'env2_final_value': '0', 'env2_loopmode': '0', 'env3_attack_time': '0.001000000164', 'env3_decay_time': '0.716137886', 'env3_release_time': '0.5999999642', 'env3_attack_slope': '0', 'env3_decay_slope': '0.5', 'env3_release_slope': '0.5', 'env3_sustain': '0.6953125', 'env3_initial_value': '0', 'env3_peak_value': '1', 'env3_final_value': '0', 'env3_loopmode': '0', 'lfo1_retrigger': 'true', 'lfo1_shape_type': '0', 'lfo1_amount': '0.421875', 'lfo1_shaping': '0.125', 'lfo1_phase': '239.0625', 'lfo1_sync': '1', 'lfo1_rate': '0.3961093426', 'lfo1_synced_rate': '17', 'lfo1_attack': '0', 'lfo2_retrigger': 'true', 'lfo2_shape_type': '0', 'lfo2_amount': '0.2109375', 'lfo2_shaping': '0', 'lfo2_phase': '0', 'lfo2_sync': '1', 'lfo2_rate': '1.69242144', 'lfo2_synced_rate': '19', 'lfo2_attack': '0', 'mod_time_scale': '0', 'mod_amount': '0.953125', 'unison_mode': '1', 'unison_voices': '2', 'unison_amount': '0.0859375', 'global_transpose': '0', 'glide': '0.05269654095', 'filter_routing': '2', 'vol': '0.1846313477', 'polyphony': '0', 'poly_voices': '6', 'hq': 'false', 'mod_matrix': [['env2', 'osc1_wt_position', -0.40625], ['lfo1', 'osc1_wt_position', 0.515625], ['vel', 'osc1_wt_position', 0.265625], ['press', 'osc1_wt_position', 0.2000000477], ['env2', 'osc1_effect1', 0.4375], ['lfo1', 'osc1_effect1', 1.0], ['lfo2', 'osc1_effect1', 0.484375], ['env2', 'osc1_pan', 0.15625], ['lfo1', 'osc1_pan', 0.28125], ['lfo2', 'osc1_pan', -0.1875], ['vel', 'osc1_pan', -0.09375], ['env3', 'osc2_pitchmod', -0.015625], ['lfo2', 'osc2_pitchmod', 0.004999995232], ['amp', 'osc2_wt_position', 0.265625], ['env2', 'osc2_wt_position', 0.09375], ['env3', 'osc2_wt_position', 0.0625], ['lfo1', 'osc2_wt_position', -0.03125], ['mod', 'osc2_wt_position', 0.03125], ['slide', 'osc2_wt_position', 0.03099999949], ['lfo1', 'osc2_effect1', 0.359375], ['lfo2', 'osc2_effect1', 0.78125], ['vel', 'osc2_effect1', -0.125], ['amp', 'osc2_pan', 0.046875], ['lfo1', 'osc2_pan', 0.484375], ['amp', 'filter1_frequency', -1.0], ['env2', 'filter1_frequency', 0.5625], ['lfo1', 'filter1_frequency', 0.1875], ['lfo2', 'filter1_frequency', 0.375], ['vel', 'filter1_frequency', -0.046875], ['env2', 'filter2_drive', 0.125], ['lfo1', 'filter2_drive', 0.0625], ['pitchbend', 'filter2_drive', 0.140625], ['mod', 'lfo1_amount', 1.0], ['amp', 'lfo2_amount', 0.109375], ['env2', 'lfo2_amount', 0.03125], ['lfo1', 'lfo2_amount', 0.03125], ['mod', 'lfo2_amount', 1.0], ['pitchbend', 'mod_time_sclae', 0.04200005531], ['amp', 'ampmod', 0.0625], ['env2', 'ampmod', 0.03125], ['lfo2', 'ampmod', 0.0625], ['vel', 'ampmod', 0.5], ['env2', 'pitchmod', 0.00100004673], ['pitchbend', 'pitchmod', 0.04200005531], ['note_pitchbend', 'pitchmod', 1.0]]}"
Lead,Glowstick Juice,"Crazy laser beam sounding synth, like a sound effect that would play to generate hype at the opening of a EDM set at a festival. The sound should have a big filter sweep to let high end harmonics from saw wavetables in, while also controlling the wavetable positions to create an exciting, highly dynamic sound. As this is happening a separate envelope should cut back the pitch of the overall track to create a warping sound, like activating the hyper drive and going into lightspeed. The sound could be used to catch attention and create an energetic atmosphere before a track starts.","{'wt1': 'Saw Dual 2', 'wt2': 'Quad Saw', 'osc1_on': 'true', 'osc1_pitch_transpose': '0', 'osc1_pitch_detune': '0', 'osc1_wt_position': '0', 'osc1_effect_mode': '0', 'osc1_effect1': '0', 'osc1_effect2': '0', 'osc1_pan': '0', 'osc1_gain': '1', 'osc2_on': 'true', 'osc2_pitch_transpose': '0', 'osc2_pitch_detune': '0', 'osc2_wt_position': '0.4597701132', 'osc2_effect_mode': '3', 'osc2_effect1': '0', 'osc2_effect2': '0', 'osc2_pan': '0', 'osc2_gain': '1', 'sub_on': 'true', 'sub_tone': '0', 'sub_gain': '0.5011875033', 'sub_octave': '1', 'filter1_on': 'true', 'filter1_type': '0', 'filter1_circuit_lphp': '4', 'filter1_circuit_bpnomo': '0', 'filter1_slope': '1', 'filter1_frequency': '640.002258', 'filter1_resonance': '0.3373016119', 'filter1_drive': '8.625', 'filter1_morph': '0', 'filter2_on': 'true', 'filter2_type': '1', 'filter2_circuit_lphp': '0', 'filter2_circuit_bpnomo': '0', 'filter2_slope': '0', 'filter2_frequency': '48.225544', 'filter2_resonance': '0.2579365075', 'filter2_drive': '0', 'filter2_morph': '0', 'ampenv_attack_time': '0.001544952393', 'ampenv_decay_time': '0.5999999642', 'ampenv_release_time': '0.006382446736', 'ampenv_attack_slope': '0', 'ampenv_decay_slope': '1', 'ampenv_release_slope': '1', 'ampenv_sustain': '0.5011875033', 'ampenv_loopmode': '0', 'env2_attack_time': '0.5878866315', 'env2_decay_time': '13.0316353', 'env2_release_time': '11.7242546', 'env2_attack_slope': '0', 'env2_decay_slope': '0.7837837934', 'env2_release_slope': '0', 'env2_sustain': '0', 'env2_initial_value': '0', 'env2_peak_value': '1', 'env2_final_value': '0', 'env2_loopmode': '0', 'env3_attack_time': '0', 'env3_decay_time': '1.50276303', 'env3_release_time': '0.4671263993', 'env3_attack_slope': '0', 'env3_decay_slope': '0.5675675869', 'env3_release_slope': '0.5', 'env3_sustain': '0', 'env3_initial_value': '0', 'env3_peak_value': '1', 'env3_final_value': '0', 'env3_loopmode': '0', 'lfo1_retrigger': 'true', 'lfo1_shape_type': '0', 'lfo1_amount': '1', 'lfo1_shaping': '0', 'lfo1_phase': '270', 'lfo1_sync': '0', 'lfo1_rate': '0.1622700989', 'lfo1_synced_rate': '15', 'lfo1_attack': '12.5837336', 'lfo2_retrigger': 'true', 'lfo2_shape_type': '0', 'lfo2_amount': '1', 'lfo2_shaping': '0', 'lfo2_phase': '0', 'lfo2_sync': '0', 'lfo2_rate': '0.9999998808', 'lfo2_synced_rate': '15', 'lfo2_attack': '0.7864833474', 'mod_time_scale': '0', 'mod_amount': '1', 'unison_mode': '2', 'unison_voices': '7', 'unison_amount': '0.5703125', 'global_transpose': '0', 'glide': '0.200000003', 'filter_routing': '0', 'vol': '0.4204711914', 'polyphony': '0', 'poly_voices': '6', 'hq': 'false', 'mod_matrix': [['env2', 'osc1_wt_position', 0.953125], ['lfo1', 'osc1_wt_position', 0.359375], ['mod', 'osc1_wt_position', 0.0001000165939], ['env2', 'osc2_wt_position', 0.8125], ['lfo1', 'osc2_wt_position', 0.21875], ['mod', 'osc2_effect2', 0.3125], ['env2', 'filter1_frequency', 0.703125], ['note', 'filter1_frequency', 0.05006790161], ['mod', 'lfo1_amount', 1.0], ['mod', 'lfo2_amount', 1.0], ['env2', 'unison_amount', 1.0], ['lfo2', 'ampmod', -0.421875], ['vel', 'ampmod', 0.5], ['env3', 'pitchmod', 0.53125], ['pitchbend', 'pitchmod', 0.04666662216], ['note_pitchbend', 'pitchmod', 1.0]]}"
Lead,Digitalcable,"Digitized lead synth reminiscent of Nintendo 64 sounds, like Ocarina of Time. Mix of a real instrument, like a marimba or xylophone, and a digital chiptune representation, with some natural organic sounding harmonics and a pure fundamental clouded by a buzzy saw wave like top layer. The sound should be hollow, lo-fideility, but with some natural water and wind inspired qualities like a mallet percussion instrument. The synth would work well for a special effects sound in a video game, like an item pickup sound or character upgrade sound.","{'wt1': 'No Primes', 'wt2': 'Quad Saw', 'osc1_on': 'true', 'osc1_pitch_transpose': '-12', 'osc1_pitch_detune': '0.046875', 'osc1_wt_position': '1', 'osc1_effect_mode': '0', 'osc1_effect1': '0', 'osc1_effect2': '0', 'osc1_pan': '-0.015625', 'osc1_gain': '1', 'osc2_on': 'true', 'osc2_pitch_transpose': '0', 'osc2_pitch_detune': '0', 'osc2_wt_position': '0.6796875', 'osc2_effect_mode': '3', 'osc2_effect1': '0.25', 'osc2_effect2': '0.4765625', 'osc2_pan': '0', 'osc2_gain': '1', 'sub_on': 'true', 'sub_tone': '0', 'sub_gain': '0.6269841194', 'sub_octave': '1', 'filter1_on': 'true', 'filter1_type': '0', 'filter1_circuit_lphp': '1', 'filter1_circuit_bpnomo': '0', 'filter1_slope': '0', 'filter1_frequency': '513.59314', 'filter1_resonance': '0.05681818351', 'filter1_drive': '2.625', 'filter1_morph': '0', 'filter2_on': 'true', 'filter2_type': '1', 'filter2_circuit_lphp': '0', 'filter2_circuit_bpnomo': '0', 'filter2_slope': '0', 'filter2_frequency': '104.177376', 'filter2_resonance': '0.2556818128', 'filter2_drive': '0', 'filter2_morph': '0', 'ampenv_attack_time': '0.001000000164', 'ampenv_decay_time': '0.5999999642', 'ampenv_release_time': '0.2807340026', 'ampenv_attack_slope': '0', 'ampenv_decay_slope': '0.5', 'ampenv_release_slope': '0.5', 'ampenv_sustain': '0.5011875629', 'ampenv_loopmode': '0', 'env2_attack_time': '0.001000000164', 'env2_decay_time': '0.5999999642', 'env2_release_time': '0.5999999642', 'env2_attack_slope': '0', 'env2_decay_slope': '0.5', 'env2_release_slope': '0.5', 'env2_sustain': '0.5', 'env2_initial_value': '0', 'env2_peak_value': '1', 'env2_final_value': '0', 'env2_loopmode': '0', 'env3_attack_time': '3.61812639', 'env3_decay_time': '0.05419259146', 'env3_release_time': '0.1922205687', 'env3_attack_slope': '0', 'env3_decay_slope': '0.5', 'env3_release_slope': '0.5', 'env3_sustain': '0.5', 'env3_initial_value': '0', 'env3_peak_value': '0.9692307711', 'env3_final_value': '0', 'env3_loopmode': '2', 'lfo1_retrigger': 'true', 'lfo1_shape_type': '1', 'lfo1_amount': '0.28125', 'lfo1_shaping': '0', 'lfo1_phase': '0', 'lfo1_sync': '0', 'lfo1_rate': '0.142435506', 'lfo1_synced_rate': '15', 'lfo1_attack': '0', 'lfo2_retrigger': 'true', 'lfo2_shape_type': '1', 'lfo2_amount': '1', 'lfo2_shaping': '0', 'lfo2_phase': '0', 'lfo2_sync': '0', 'lfo2_rate': '0.009999999776', 'lfo2_synced_rate': '15', 'lfo2_attack': '0', 'mod_time_scale': '0', 'mod_amount': '1', 'unison_mode': '2', 'unison_voices': '6', 'unison_amount': '1', 'global_transpose': '-12', 'glide': '0', 'filter_routing': '2', 'vol': '0.1779785156', 'polyphony': '1', 'poly_voices': '6', 'hq': 'false', 'mod_matrix': [['env2', 'osc1_wt_position', -1.0], ['env3', 'osc1_wt_position', -0.640625], ['lfo1', 'osc1_wt_position', 0.796875], ['lfo2', 'osc2_pitchmod', 0.015625], ['amp', 'osc2_wt_position', -0.28125], ['env2', 'osc2_wt_position', 0.6875], ['lfo1', 'osc2_wt_position', 0.875], ['lfo2', 'osc2_wt_position', 0.125], ['env2', 'osc2_pan', 0.125], ['lfo1', 'osc2_pan', -0.390625], ['lfo2', 'osc2_pan', 0.046875], ['env2', 'sub_gain', 0.703125], ['lfo1', 'sub_gain', 1.0], ['amp', 'filter1_frequency', 0.375], ['env2', 'filter1_frequency', 0.4375], ['env3', 'filter1_frequency', -0.09375], ['lfo1', 'filter1_frequency', -0.046875], ['lfo2', 'filter1_frequency', 0.28125], ['amp', 'filter2_frequency', -0.453125], ['env2', 'filter2_frequency', 0.203125], ['env3', 'filter2_frequency', 0.6875], ['lfo1', 'filter2_frequency', -1.0], ['lfo2', 'filter2_frequency', -0.28125], ['env2', 'env3_release_time', -0.078125], ['env3', 'env3_release_time', 0.21875], ['lfo1', 'env3_release_time', 0.640625], ['amp', 'lfo1_ratemod', -0.46875], ['env2', 'lfo1_ratemod', 0.515625], ['env3', 'lfo1_ratemod', 0.109375], ['lfo1', 'lfo1_ratemod', 0.1875], ['lfo2', 'lfo1_ratemod', -0.5], ['amp', 'mod_time_sclae', 0.328125], ['env3', 'mod_time_sclae', 0.15625], ['amp', 'unison_amount', 0.375], ['lfo1', 'unison_amount', -1.0], ['lfo2', 'unison_amount', -1.0], ['vel', 'ampmod', 0.5], ['pitchbend', 'pitchmod', 0.04666662216], ['note_pitchbend', 'pitchmod', 1.0]]}"
Lead,Spring & Sprung,"Huge screeching lead saw synth with a harsh and noisy timbre. The synth should be built from a vintage saw like wavetable with FM, a gentle sweep saw wavetable, and a sub oscillator with a saw character. The unison noise mode should be used to add a noisy texture and fullness to the sound, contributing the the cold harshness of the high end. The synth should have an instant attack and interesting velocity controlled filter modulation to provide some variety to the tonality, and some very subtle, almost imperceptible LFO modulation should make the slightly more dynamic.","{'wt1': 'OB6 Shapes', 'wt2': 'Sweep Saw 1', 'osc1_on': 'true', 'osc1_pitch_transpose': '0', 'osc1_pitch_detune': '0', 'osc1_wt_position': '0.4789915979', 'osc1_effect_mode': '1', 'osc1_effect1': '0.828125', 'osc1_effect2': '0.2578125', 'osc1_pan': '-0.328125', 'osc1_gain': '0.9411764741', 'osc2_on': 'true', 'osc2_pitch_transpose': '0', 'osc2_pitch_detune': '0', 'osc2_wt_position': '0.5546218753', 'osc2_effect_mode': '2', 'osc2_effect1': '0.046875', 'osc2_effect2': '0', 'osc2_pan': '0.546875', 'osc2_gain': '1', 'sub_on': 'true', 'sub_tone': '0.6640625', 'sub_gain': '0.7421875', 'sub_octave': '1', 'filter1_on': 'true', 'filter1_type': '1', 'filter1_circuit_lphp': '4', 'filter1_circuit_bpnomo': '1', 'filter1_slope': '0', 'filter1_frequency': '1923.15161', 'filter1_resonance': '0.7341270447', 'filter1_drive': '19.875', 'filter1_morph': '0', 'filter2_on': 'true', 'filter2_type': '1', 'filter2_circuit_lphp': '4', 'filter2_circuit_bpnomo': '1', 'filter2_slope': '1', 'filter2_frequency': '2532.00977', 'filter2_resonance': '0.8730158806', 'filter2_drive': '24', 'filter2_morph': '0', 'ampenv_attack_time': '0.000006034970284', 'ampenv_decay_time': '0.03060164861', 'ampenv_release_time': '0.02747661807', 'ampenv_attack_slope': '0', 'ampenv_decay_slope': '0.5', 'ampenv_release_slope': '0.5', 'ampenv_sustain': '0.5625', 'ampenv_loopmode': '0', 'env2_attack_time': '0.02084977925', 'env2_decay_time': '6.87316322', 'env2_release_time': '0.5055089593', 'env2_attack_slope': '-0.4791666865', 'env2_decay_slope': '-0.08333331347', 'env2_release_slope': '0.5', 'env2_sustain': '0.90625', 'env2_initial_value': '0', 'env2_peak_value': '0.7265625', 'env2_final_value': '0', 'env2_loopmode': '0', 'env3_attack_time': '0.2105356008', 'env3_decay_time': '0.8445814848', 'env3_release_time': '0.212019816', 'env3_attack_slope': '-0.7230769396', 'env3_decay_slope': '0.390625', 'env3_release_slope': '0.5', 'env3_sustain': '0.3671875', 'env3_initial_value': '0.5', 'env3_peak_value': '1', 'env3_final_value': '0', 'env3_loopmode': '0', 'lfo1_retrigger': 'true', 'lfo1_shape_type': '3', 'lfo1_amount': '0.03125', 'lfo1_shaping': '0.046875', 'lfo1_phase': '208.125', 'lfo1_sync': '1', 'lfo1_rate': '30', 'lfo1_synced_rate': '13', 'lfo1_attack': '0.001090839505', 'lfo2_retrigger': 'true', 'lfo2_shape_type': '3', 'lfo2_amount': '0.0859375', 'lfo2_shaping': '0.171875', 'lfo2_phase': '0', 'lfo2_sync': '1', 'lfo2_rate': '6.53858042', 'lfo2_synced_rate': '13', 'lfo2_attack': '0.00001907348633', 'mod_time_scale': '0.296875', 'mod_amount': '0.046875', 'unison_mode': '3', 'unison_voices': '3', 'unison_amount': '0.4765625', 'global_transpose': '0', 'glide': '0.078125', 'filter_routing': '2', 'vol': '0.140625', 'polyphony': '0', 'poly_voices': '6', 'hq': 'false', 'mod_matrix': [['env2', 'osc1_wt_position', -0.390625], ['env3', 'osc1_wt_position', 0.09375], ['lfo1', 'osc1_wt_position', 0.296875], ['lfo2', 'osc1_wt_position', 0.28125], ['vel', 'osc1_wt_position', 0.234375], ['env2', 'osc1_effect1', 0.6875], ['env3', 'osc1_effect1', 0.453125], ['lfo1', 'osc1_effect1', -0.28125], ['lfo2', 'osc1_effect1', 0.375], ['env2', 'osc1_effect2', -0.625], ['env3', 'osc1_effect2', 0.234375], ['lfo1', 'osc1_effect2', -0.734375], ['lfo2', 'osc1_effect2', -0.75], ['env2', 'osc1_pan', 0.125], ['env3', 'osc1_pan', -0.140625], ['lfo1', 'osc1_pan', 0.515625], ['amp', 'osc2_wt_position', 0.203125], ['env2', 'osc2_wt_position', -0.265625], ['env3', 'osc2_wt_position', 0.890625], ['vel', 'osc2_wt_position', 0.109375], ['env2', 'osc2_effect1', -0.53125], ['env3', 'osc2_effect1', -0.609375], ['lfo1', 'osc2_effect1', 0.34375], ['lfo2', 'osc2_effect1', -0.578125], ['env2', 'osc2_pan', -0.328125], ['env3', 'osc2_pan', -0.140625], ['amp', 'filter1_frequency', 0.1875], ['env2', 'filter1_frequency', 0.5], ['env3', 'filter1_frequency', 0.34375], ['lfo1', 'filter1_frequency', 0.5], ['lfo2', 'filter1_frequency', -0.46875], ['vel', 'filter1_frequency', -0.265625], ['press', 'filter1_frequency', -0.28125], ['mod', 'filter1_frequency', -0.21875], ['slide', 'filter1_frequency', -0.2199999988], ['amp', 'filter1_resonance', 0.640625], ['env2', 'filter1_resonance', -0.09375], ['env3', 'filter1_resonance', 0.21875], ['vel', 'filter1_resonance', 0.53125], ['press', 'filter1_resonance', 0.296875], ['mod', 'filter1_resonance', 0.296875], ['slide', 'filter1_resonance', 0.3000000119], ['amp', 'filter1_drive', 0.1875], ['env2', 'filter1_drive', 0.421875], ['env3', 'filter1_drive', 0.328125], ['lfo1', 'filter1_drive', 0.21875], ['lfo2', 'filter1_drive', 0.15625], ['vel', 'filter1_drive', 0.484375], ['amp', 'filter2_frequency', -0.265625], ['env2', 'filter2_frequency', 0.734375], ['env3', 'filter2_frequency', 0.125], ['lfo1', 'filter2_frequency', -0.4375], ['lfo2', 'filter2_frequency', 0.21875], ['vel', 'filter2_frequency', 1.0], ['mod', 'filter2_frequency', 0.65625], ['slide', 'filter2_frequency', 0.6600000262], ['amp', 'filter2_resonance', 0.015625], ['env2', 'filter2_resonance', 0.59375], ['env3', 'filter2_resonance', -0.40625], ['lfo1', 'filter2_resonance', 0.390625], ['lfo2', 'filter2_resonance', -0.0625], ['vel', 'filter2_resonance', -0.625], ['mod', 'filter2_resonance', 0.40625], ['slide', 'filter2_resonance', 0.4099999964], ['amp', 'filter2_drive', 0.234375], ['env2', 'filter2_drive', 0.546875], ['env3', 'filter2_drive', 0.296875], ['lfo1', 'filter2_drive', 0.46875], ['lfo2', 'filter2_drive', 0.234375], ['vel', 'filter2_drive', 0.21875], ['press', 'filter2_drive', 0.3125], ['pitchbend', 'ampenv_decay_time', -0.09375], ['pitchbend', 'ampenv_release_time', 0.03125], ['amp', 'env2_decay_time', 0.65625], ['env2', 'env2_decay_time', 0.59375], ['env3', 'env2_decay_time', 0.421875], ['env2', 'env2_sustain', 0.203125], ['env3', 'env2_sustain', 0.46875], ['env2', 'env3_decay_time', -0.71875], ['env3', 'env3_decay_time', -0.5625], ['vel', 'env3_decay_time', 0.265625], ['lfo1', 'env3_peak_value', 0.53125], ['lfo2', 'env3_peak_value', 0.75], ['amp', 'lfo1_amount', -0.09375], ['env2', 'lfo1_amount', 0.296875], ['env3', 'lfo1_amount', 0.375], ['lfo1', 'lfo1_amount', -0.046875], ['env2', 'ampmod', 0.09375], ['env3', 'ampmod', 0.125], ['vel', 'ampmod', 0.5], ['pitchbend', 'pitchmod', 0.46875], ['press', 'pitchmod', -0.203125], ['note_pitchbend', 'pitchmod', 1.0]]}"
Lead,Echo Bay,"Melodic and noisy lead synth inspired by steel drums flute, giving a tropical flavor and slight natural echo. The sound should be built from a simple sine/triangle wave but utilize the unison Noise mode to create an interesting harmonic texture that gives the sound a more organic, nature inspired vibe. The synth should be versatile and fit well as a cute lead synth in an energetic dance song, or to add melodic ambience to a more downtempo track, maybe even vaporwave. Inspired by water music in video games.","{'wt1': 'Basic Shapes', 'wt2': 'Echoes', 'osc1_on': 'true', 'osc1_pitch_transpose': '12', 'osc1_pitch_detune': '0', 'osc1_wt_position': '0.3333333433', 'osc1_effect_mode': '0', 'osc1_effect1': '0', 'osc1_effect2': '0', 'osc1_pan': '0.03125', 'osc1_gain': '0.3448275924', 'osc2_on': 'false', 'osc2_pitch_transpose': '0', 'osc2_pitch_detune': '0', 'osc2_wt_position': '0.1609195471', 'osc2_effect_mode': '0', 'osc2_effect1': '0', 'osc2_effect2': '0', 'osc2_pan': '0', 'osc2_gain': '0.9310345054', 'sub_on': 'false', 'sub_tone': '0.7460317612', 'sub_gain': '0', 'sub_octave': '1', 'filter1_on': 'true', 'filter1_type': '0', 'filter1_circuit_lphp': '3', 'filter1_circuit_bpnomo': '0', 'filter1_slope': '0', 'filter1_frequency': '20479.998', 'filter1_resonance': '0', 'filter1_drive': '10.5', 'filter1_morph': '0', 'filter2_on': 'false', 'filter2_type': '0', 'filter2_circuit_lphp': '0', 'filter2_circuit_bpnomo': '0', 'filter2_slope': '0', 'filter2_frequency': '20000.1035', 'filter2_resonance': '0', 'filter2_drive': '0', 'filter2_morph': '0', 'ampenv_attack_time': '0.0048828125', 'ampenv_decay_time': '0.5999999642', 'ampenv_release_time': '1.41512203', 'ampenv_attack_slope': '0', 'ampenv_decay_slope': '0.5', 'ampenv_release_slope': '0.7307692766', 'ampenv_sustain': '0.5011875629', 'ampenv_loopmode': '0', 'env2_attack_time': '0', 'env2_decay_time': '0.6349795461', 'env2_release_time': '0.5999999642', 'env2_attack_slope': '0', 'env2_decay_slope': '0.5', 'env2_release_slope': '0.5', 'env2_sustain': '0', 'env2_initial_value': '0', 'env2_peak_value': '1', 'env2_final_value': '0', 'env2_loopmode': '2', 'env3_attack_time': '0', 'env3_decay_time': '8.47572899', 'env3_release_time': '0.5999999642', 'env3_attack_slope': '1', 'env3_decay_slope': '0.05405402184', 'env3_release_slope': '0.5', 'env3_sustain': '0', 'env3_initial_value': '0', 'env3_peak_value': '1', 'env3_final_value': '0', 'env3_loopmode': '0', 'lfo1_retrigger': 'true', 'lfo1_shape_type': '0', 'lfo1_amount': '1', 'lfo1_shaping': '0', 'lfo1_phase': '0', 'lfo1_sync': '0', 'lfo1_rate': '0.3239212036', 'lfo1_synced_rate': '15', 'lfo1_attack': '0', 'lfo2_retrigger': 'true', 'lfo2_shape_type': '0', 'lfo2_amount': '1', 'lfo2_shaping': '0', 'lfo2_phase': '0', 'lfo2_sync': '0', 'lfo2_rate': '0.9999998808', 'lfo2_synced_rate': '15', 'lfo2_attack': '0', 'mod_time_scale': '0', 'mod_amount': '1', 'unison_mode': '3', 'unison_voices': '6', 'unison_amount': '0.75', 'global_transpose': '0', 'glide': '0', 'filter_routing': '0', 'vol': '0.4943847656', 'polyphony': '1', 'poly_voices': '6', 'hq': 'false', 'mod_matrix': [['env3', 'osc1_wt_position', -0.25], ['lfo1', 'osc1_pan', 0.25], ['env3', 'osc2_wt_position', 0.421875], ['lfo1', 'osc2_wt_position', 0.546875], ['env3', 'unison_amount', -0.78125], ['vel', 'ampmod', 0.5], ['pitchbend', 'pitchmod', 0.04666662216], ['note_pitchbend', 'pitchmod', 1.0]]}"
Lead,Nitrean,"Loose and unstable lead synth with a hollow and glassy timbre. The sound should be narrow and have a light, fluttering character. Complex wavetables to give high end harmonics and an envelope with a gentle attack to modulate the wavetable positions and filter frequency, giving a sound that starts dynamically then converges to a static position while sustained. One envelope should be set with no attack or sustain but high release and mapped to LFO 1, so that the release of a note triggers LFO modulation to give an unstable echo fade effect to the sound. ","{'wt1': 'Transformations', 'wt2': 'Amber', 'osc1_on': 'true', 'osc1_pitch_transpose': '0', 'osc1_pitch_detune': '0', 'osc1_wt_position': '0.7326732874', 'osc1_effect_mode': '3', 'osc1_effect1': '0', 'osc1_effect2': '0', 'osc1_pan': '0', 'osc1_gain': '1', 'osc2_on': 'true', 'osc2_pitch_transpose': '12', 'osc2_pitch_detune': '0', 'osc2_wt_position': '0.118811883', 'osc2_effect_mode': '0', 'osc2_effect1': '0', 'osc2_effect2': '0', 'osc2_pan': '0', 'osc2_gain': '1', 'sub_on': 'true', 'sub_tone': '0.390625', 'sub_gain': '0.6269841194', 'sub_octave': '1', 'filter1_on': 'true', 'filter1_type': '0', 'filter1_circuit_lphp': '3', 'filter1_circuit_bpnomo': '0', 'filter1_slope': '1', 'filter1_frequency': '640.002258', 'filter1_resonance': '0.4296875', 'filter1_drive': '7.6875', 'filter1_morph': '0', 'filter2_on': 'true', 'filter2_type': '3', 'filter2_circuit_lphp': '0', 'filter2_circuit_bpnomo': '1', 'filter2_slope': '0', 'filter2_frequency': '161.77063', 'filter2_resonance': '0.1000000015', 'filter2_drive': '4.3125', 'filter2_morph': '0', 'ampenv_attack_time': '0.001544952393', 'ampenv_decay_time': '0.5616144538', 'ampenv_release_time': '4.0767231', 'ampenv_attack_slope': '0', 'ampenv_decay_slope': '1', 'ampenv_release_slope': '1', 'ampenv_sustain': '0.8197589517', 'ampenv_loopmode': '0', 'env2_attack_time': '0', 'env2_decay_time': '0.1317647099', 'env2_release_time': '0.01102445461', 'env2_attack_slope': '0', 'env2_decay_slope': '0', 'env2_release_slope': '0', 'env2_sustain': '0', 'env2_initial_value': '0', 'env2_peak_value': '0', 'env2_final_value': '1', 'env2_loopmode': '0', 'env3_attack_time': '0.333596468', 'env3_decay_time': '0.8445814848', 'env3_release_time': '1.25140631', 'env3_attack_slope': '0.3513513803', 'env3_decay_slope': '0.5', 'env3_release_slope': '1', 'env3_sustain': '1', 'env3_initial_value': '0', 'env3_peak_value': '1', 'env3_final_value': '0', 'env3_loopmode': '0', 'lfo1_retrigger': 'false', 'lfo1_shape_type': '1', 'lfo1_amount': '0.421875', 'lfo1_shaping': '-0.8125', 'lfo1_phase': '270', 'lfo1_sync': '1', 'lfo1_rate': '0.5', 'lfo1_synced_rate': '17', 'lfo1_attack': '0', 'lfo2_retrigger': 'true', 'lfo2_shape_type': '0', 'lfo2_amount': '1', 'lfo2_shaping': '0', 'lfo2_phase': '0', 'lfo2_sync': '0', 'lfo2_rate': '0.142435506', 'lfo2_synced_rate': '15', 'lfo2_attack': '0', 'mod_time_scale': '0', 'mod_amount': '1', 'unison_mode': '2', 'unison_voices': '3', 'unison_amount': '0.5', 'global_transpose': '0', 'glide': '0.078125', 'filter_routing': '0', 'vol': '0.1465454102', 'polyphony': '0', 'poly_voices': '6', 'hq': 'false', 'mod_matrix': [['env3', 'osc1_wt_position', -0.671875], ['lfo1', 'osc1_wt_position', 0.21875], ['lfo2', 'osc1_wt_position', 0.15625], ['press', 'osc1_wt_position', 0.3125], ['mod', 'osc1_wt_position', 0.0001000165939], ['env3', 'osc1_effect2', -0.6875], ['env3', 'osc2_wt_position', 0.71875], ['press', 'osc2_wt_position', 0.46875], ['mod', 'osc2_wt_position', -0.5], ['slide', 'osc2_wt_position', -0.5], ['amp', 'sub_gain', 1.0], ['amp', 'filter1_frequency', 0.5], ['env3', 'filter1_frequency', 0.421875], ['lfo2', 'filter1_frequency', 0.375], ['note', 'filter1_frequency', 0.0004768371582], ['mod', 'filter1_frequency', -0.375], ['slide', 'filter1_frequency', -0.3799999952], ['env3', 'filter1_drive', -1.0], ['env3', 'filter2_frequency', 0.546875], ['note', 'filter2_frequency', 0.04994869232], ['pitchbend', 'filter2_frequency', 0.46875], ['mod', 'filter2_frequency', 0.28125], ['slide', 'filter2_frequency', 0.2800000012], ['env2', 'lfo1_amount', 1.0], ['env3', 'unison_amount', -0.578125], ['pitchbend', 'pitchmod', 0.5], ['note_pitchbend', 'pitchmod', 1.0]]}"
Lead,Kraven Ridge,"Vibrating lead synth built from saw waves with oscillator effects and two LFOs at a rapid rate of 64th notes. The rapid modulation should give an unstable quality, almost like vibrato but more intense and machine-like. Specifically, the LFOs should modulate oscillator positions, filter frequencies, oscillator effects, and unison amounts, but all of these mappings should be small in magnitude. The synth should have a gentle rounded attack for a smooth feeling, and the velocity modulation should allow for a variety of different tones and timbres.","{'wt1': 'Sweep Saw 2', 'wt2': 'Logue Saw', 'osc1_on': 'true', 'osc1_pitch_transpose': '-12', 'osc1_pitch_detune': '-0.03125', 'osc1_wt_position': '0.03305784985', 'osc1_effect_mode': '3', 'osc1_effect1': '0.421875', 'osc1_effect2': '0.625', 'osc1_pan': '-0.171875', 'osc1_gain': '0.7815126181', 'osc2_on': 'true', 'osc2_pitch_transpose': '0', 'osc2_pitch_detune': '-0.0234375', 'osc2_wt_position': '0', 'osc2_effect_mode': '1', 'osc2_effect1': '1', 'osc2_effect2': '0', 'osc2_pan': '0.3125', 'osc2_gain': '0.731092453', 'sub_on': 'true', 'sub_tone': '0.890625', 'sub_gain': '0.6328125', 'sub_octave': '1', 'filter1_on': 'true', 'filter1_type': '1', 'filter1_circuit_lphp': '3', 'filter1_circuit_bpnomo': '0', 'filter1_slope': '1', 'filter1_frequency': '56.8862457', 'filter1_resonance': '0.446428597', 'filter1_drive': '14.625', 'filter1_morph': '0', 'filter2_on': 'true', 'filter2_type': '0', 'filter2_circuit_lphp': '4', 'filter2_circuit_bpnomo': '1', 'filter2_slope': '1', 'filter2_frequency': '754.831787', 'filter2_resonance': '0.80078125', 'filter2_drive': '8.625', 'filter2_morph': '0', 'ampenv_attack_time': '0.1118052751', 'ampenv_decay_time': '17.6149445', 'ampenv_release_time': '0.003627800848', 'ampenv_attack_slope': '1', 'ampenv_decay_slope': '-0.375', 'ampenv_release_slope': '-0.1875', 'ampenv_sustain': '0.6857910156', 'ampenv_loopmode': '0', 'env2_attack_time': '10.9083948', 'env2_decay_time': '7.75402308', 'env2_release_time': '2.1171751', 'env2_attack_slope': '0.6875', 'env2_decay_slope': '0.3125', 'env2_release_slope': '-0.765625', 'env2_sustain': '0.78125', 'env2_initial_value': '0.4864864945', 'env2_peak_value': '0.9375', 'env2_final_value': '0', 'env2_loopmode': '0', 'env3_attack_time': '0.0048828125', 'env3_decay_time': '20', 'env3_release_time': '4.0767231', 'env3_attack_slope': '0.78125', 'env3_decay_slope': '-0.125', 'env3_release_slope': '-1', 'env3_sustain': '0.7890625', 'env3_initial_value': '0.2890625', 'env3_peak_value': '0.8828125', 'env3_final_value': '1', 'env3_loopmode': '1', 'lfo1_retrigger': 'true', 'lfo1_shape_type': '0', 'lfo1_amount': '0.3464567065', 'lfo1_shaping': '0.515625', 'lfo1_phase': '115.3125', 'lfo1_sync': '1', 'lfo1_rate': '20', 'lfo1_synced_rate': '21', 'lfo1_attack': '0.01745343208', 'lfo2_retrigger': 'true', 'lfo2_shape_type': '0', 'lfo2_amount': '0.3464567065', 'lfo2_shaping': '0.625', 'lfo2_phase': '0', 'lfo2_sync': '1', 'lfo2_rate': '0.4186834097', 'lfo2_synced_rate': '21', 'lfo2_attack': '0.08835799992', 'mod_time_scale': '0.21875', 'mod_amount': '0.34375', 'unison_mode': '1', 'unison_voices': '2', 'unison_amount': '0.0234375', 'global_transpose': '0', 'glide': '0.01192092896', 'filter_routing': '2', 'vol': '0.1348266602', 'polyphony': '0', 'poly_voices': '6', 'hq': 'false', 'mod_matrix': [['amp', 'osc1_wt_position', 0.15625], ['env2', 'osc1_wt_position', 0.21875], ['env3', 'osc1_wt_position', 0.046875], ['lfo1', 'osc1_wt_position', 0.046875], ['lfo2', 'osc1_wt_position', 0.15625], ['vel', 'osc1_wt_position', 0.40625], ['pitchbend', 'osc1_wt_position', 0.0625], ['mod', 'osc1_wt_position', 0.078125], ['slide', 'osc1_wt_position', 0.07800000161], ['amp', 'osc1_effect1', 0.09375], ['env2', 'osc1_effect1', 0.71875], ['vel', 'osc1_effect1', 0.484375], ['env2', 'osc1_effect2', 0.96875], ['lfo1', 'osc1_effect2', 0.03125], ['lfo2', 'osc1_effect2', 0.140625], ['vel', 'osc1_effect2', 0.4375], ['env2', 'osc2_pitchmod', 0.015625], ['vel', 'osc2_pitchmod', 0.00100004673], ['env2', 'osc2_wt_position', 0.234375], ['lfo1', 'osc2_wt_position', 0.703125], ['lfo2', 'osc2_wt_position', 0.390625], ['vel', 'osc2_wt_position', 0.296875], ['note', 'osc2_wt_position', -0.140625], ['mod', 'osc2_wt_position', 0.453125], ['slide', 'osc2_wt_position', 0.4499999881], ['amp', 'osc2_effect1', -0.1875], ['env2', 'osc2_effect1', 0.53125], ['env3', 'osc2_effect1', -0.109375], ['pitchbend', 'osc2_effect1', -0.015625], ['env2', 'osc2_effect2', -0.421875], ['lfo1', 'osc2_effect2', -0.359375], ['lfo2', 'osc2_effect2', 0.078125], ['vel', 'osc2_effect2', 0.09375], ['note', 'osc2_effect2', -0.234375], ['mod', 'osc2_effect2', 0.1875], ['amp', 'sub_tone', 0.65625], ['env2', 'sub_tone', 0.078125], ['vel', 'sub_tone', 0.71875], ['mod', 'sub_tone', 0.5], ['amp', 'filter1_frequency', -0.5625], ['env2', 'filter1_frequency', 0.96875], ['env3', 'filter1_frequency', 0.515625], ['lfo1', 'filter1_frequency', -0.03125], ['lfo2', 'filter1_frequency', 0.609375], ['vel', 'filter1_frequency', -0.234375], ['note', 'filter1_frequency', 0.01549720764], ['press', 'filter1_frequency', 0.375], ['mod', 'filter1_frequency', -0.109375], ['slide', 'filter1_frequency', -0.1099999994], ['env2', 'filter1_resonance', -0.078125], ['lfo1', 'filter1_resonance', 1.0], ['lfo2', 'filter1_resonance', 1.0], ['vel', 'filter1_resonance', 0.078125], ['note', 'filter1_resonance', 0.09375], ['mod', 'filter1_resonance', 0.0625], ['slide', 'filter1_resonance', 0.06199999899], ['amp', 'filter2_frequency', -0.46875], ['env2', 'filter2_frequency', -0.328125], ['env3', 'filter2_frequency', 0.671875], ['lfo1', 'filter2_frequency', 1.0], ['lfo2', 'filter2_frequency', 1.0], ['vel', 'filter2_frequency', -0.25], ['note', 'filter2_frequency', 0.01549720764], ['press', 'filter2_frequency', 0.140625], ['mod', 'filter2_frequency', -0.03125], ['slide', 'filter2_frequency', -0.03099999949], ['vel', 'filter2_drive', 0.46875], ['mod', 'filter2_drive', 0.609375], ['amp', 'ampenv_release_time', -0.21875], ['env2', 'ampenv_release_time', -0.5625], ['vel', 'ampenv_release_time', 0.0625], ['mod', 'ampenv_release_time', 0.203125], ['slide', 'ampenv_release_time', 0.200000003], ['amp', 'env2_decay_time', 0.140625], ['env2', 'env2_decay_time', 0.34375], ['vel', 'env2_decay_time', -0.03125], ['mod', 'env2_decay_time', 0.015625], ['slide', 'env2_decay_time', 0.01600000076], ['amp', 'env2_release_time', 0.203125], ['env2', 'env2_release_time', -0.265625], ['env3', 'env2_release_time', 0.171875], ['mod', 'env2_release_time', 0.328125], ['slide', 'env2_release_time', 0.3300000131], ['amp', 'env2_initial_value', 0.6875], ['env2', 'env2_initial_value', -0.328125], ['vel', 'env2_initial_value', 0.875], ['amp', 'env2_peak_value', 0.140625], ['env2', 'env2_peak_value', 0.46875], ['mod', 'env2_peak_value', 0.4375], ['amp', 'lfo1_amount', 1.0], ['env2', 'lfo1_amount', 0.875], ['env3', 'lfo1_amount', 0.40625], ['lfo1', 'lfo1_amount', -0.078125], ['lfo2', 'lfo1_amount', -0.546875], ['mod', 'lfo1_amount', 1.0], ['amp', 'lfo1_shaping', 0.984375], ['env2', 'lfo1_shaping', 0.265625], ['lfo1', 'lfo1_shaping', 1.0], ['lfo2', 'lfo1_shaping', -0.109375], ['mod', 'lfo1_shaping', -0.296875], ['slide', 'lfo1_shaping', -0.3000000119], ['amp', 'lfo2_amount', 1.0], ['env2', 'lfo2_amount', 0.5625], ['env3', 'lfo2_amount', 0.609375], ['lfo1', 'lfo2_amount', 1.0], ['lfo2', 'lfo2_amount', 1.0], ['mod', 'lfo2_amount', 1.0], ['mod', 'lfo2_shaping', 0.125], ['slide', 'lfo2_shaping', 0.1199999973], ['amp', 'mod_amount', 0.015625], ['lfo1', 'mod_amount', 0.546875], ['lfo2', 'mod_amount', 0.625], ['vel', 'mod_amount', 0.265625], ['mod', 'mod_amount', -0.4375], ['amp', 'unison_amount', 0.265625], ['env2', 'unison_amount', 0.34375], ['lfo1', 'unison_amount', 0.140625], ['lfo2', 'unison_amount', 0.171875], ['vel', 'unison_amount', 0.5625], ['note', 'unison_amount', 0.40625], ['pitchbend', 'unison_amount', 0.125], ['env3', 'pitchmod', 0.015625], ['note', 'pitchmod', -0.001999974251], ['pitchbend', 'pitchmod', 0.04700005054], ['note_pitchbend', 'pitchmod', 1.0]]}"
Lead,Synced Maniplulation,"Weird synth sound from a complex sync wavetable, a bit of unison noise, and an envelope modulating a notch filter and the wavetable position in sync. After the initial attack the sound should become static when sustained, and the synth should have glide to play melodies in this sustained timbre. The overall sound is bright, textured, thin, and unusual. The mod wheel should control LFO that rapidly oscillates the filter frequency, creating a strange, alien dynamic to the sound.","{'wt1': 'Ripped Sync', 'wt2': 'Basic Shapes', 'osc1_on': 'true', 'osc1_pitch_transpose': '0', 'osc1_pitch_detune': '0', 'osc1_wt_position': '1', 'osc1_effect_mode': '3', 'osc1_effect1': '0', 'osc1_effect2': '0.2578125', 'osc1_pan': '0', 'osc1_gain': '1', 'osc2_on': 'false', 'osc2_pitch_transpose': '0', 'osc2_pitch_detune': '0', 'osc2_wt_position': '0', 'osc2_effect_mode': '0', 'osc2_effect1': '0', 'osc2_effect2': '0', 'osc2_pan': '0', 'osc2_gain': '1', 'sub_on': 'true', 'sub_tone': '0.390625', 'sub_gain': '1', 'sub_octave': '0', 'filter1_on': 'true', 'filter1_type': '0', 'filter1_circuit_lphp': '3', 'filter1_circuit_bpnomo': '0', 'filter1_slope': '0', 'filter1_frequency': '754.809814', 'filter1_resonance': '0.4296875', 'filter1_drive': '7.6875', 'filter1_morph': '0', 'filter2_on': 'true', 'filter2_type': '3', 'filter2_circuit_lphp': '0', 'filter2_circuit_bpnomo': '1', 'filter2_slope': '0', 'filter2_frequency': '161.77063', 'filter2_resonance': '0.1000000015', 'filter2_drive': '4.3125', 'filter2_morph': '0', 'ampenv_attack_time': '0.001544952393', 'ampenv_decay_time': '0.5999999642', 'ampenv_release_time': '4.0767231', 'ampenv_attack_slope': '0', 'ampenv_decay_slope': '1', 'ampenv_release_slope': '1', 'ampenv_sustain': '0.5011875033', 'ampenv_loopmode': '0', 'env2_attack_time': '0.001000000164', 'env2_decay_time': '0.5999999642', 'env2_release_time': '0.5999999642', 'env2_attack_slope': '0', 'env2_decay_slope': '0', 'env2_release_slope': '0', 'env2_sustain': '0.5', 'env2_initial_value': '0', 'env2_peak_value': '1', 'env2_final_value': '0', 'env2_loopmode': '0', 'env3_attack_time': '0.333596468', 'env3_decay_time': '0.8445814848', 'env3_release_time': '1.25140631', 'env3_attack_slope': '0.3513513803', 'env3_decay_slope': '0.5', 'env3_release_slope': '1', 'env3_sustain': '1', 'env3_initial_value': '0', 'env3_peak_value': '1', 'env3_final_value': '0', 'env3_loopmode': '0', 'lfo1_retrigger': 'true', 'lfo1_shape_type': '2', 'lfo1_amount': '1', 'lfo1_shaping': '0', 'lfo1_phase': '270', 'lfo1_sync': '1', 'lfo1_rate': '0.5', 'lfo1_synced_rate': '17', 'lfo1_attack': '0', 'lfo2_retrigger': 'true', 'lfo2_shape_type': '0', 'lfo2_amount': '1', 'lfo2_shaping': '0', 'lfo2_phase': '0', 'lfo2_sync': '0', 'lfo2_rate': '0.9999998808', 'lfo2_synced_rate': '15', 'lfo2_attack': '0', 'mod_time_scale': '0', 'mod_amount': '1', 'unison_mode': '3', 'unison_voices': '3', 'unison_amount': '0.140625', 'global_transpose': '-12', 'glide': '0.03404736519', 'filter_routing': '0', 'vol': '0.2053222656', 'polyphony': '0', 'poly_voices': '6', 'hq': 'false', 'mod_matrix': [['env3', 'osc1_wt_position', -1.0], ['env3', 'osc1_effect2', -0.6875], ['amp', 'sub_gain', 1.0], ['env3', 'filter1_frequency', 0.609375], ['lfo1', 'filter1_frequency', 0.671875], ['note', 'filter1_frequency', 0.005006790161], ['env3', 'filter1_drive', -1.0], ['env3', 'filter2_frequency', 0.546875], ['mod', 'lfo1_amount', 1.0], ['pitchbend', 'pitchmod', 0.04666662216], ['note_pitchbend', 'pitchmod', 1.0]]}"
Lead,Clear My Throat Lead,"Evolving lead synth with rich harmonics from vintage saw and spectral wavetables. The synth should feature a prominent low pass filter with a resonant peak that rolls up with a slow attack controlled by envelope 3, creating a distinct sense of movement and evolution to the sound. The synth should be very expressive, with lots of modulation parameters tied to the velocity. Overall sound is a smooth, dynamic, saw lead","{'wt1': 'Brds Dual Saw', 'wt2': 'Spectral 3', 'osc1_on': 'true', 'osc1_pitch_transpose': '0', 'osc1_pitch_detune': '-0.0390625', 'osc1_wt_position': '0.6554622054', 'osc1_effect_mode': '2', 'osc1_effect1': '0.28125', 'osc1_effect2': '0.015625', 'osc1_pan': '-0.203125', 'osc1_gain': '0.7058823705', 'osc2_on': 'true', 'osc2_pitch_transpose': '0', 'osc2_pitch_detune': '0.03125', 'osc2_wt_position': '0.7647058964', 'osc2_effect_mode': '1', 'osc2_effect1': '-1', 'osc2_effect2': '0.03125', 'osc2_pan': '0.25', 'osc2_gain': '0.9159663916', 'sub_on': 'true', 'sub_tone': '0.859375', 'sub_gain': '0.59375', 'sub_octave': '1', 'filter1_on': 'true', 'filter1_type': '0', 'filter1_circuit_lphp': '3', 'filter1_circuit_bpnomo': '0', 'filter1_slope': '0', 'filter1_frequency': '213.001251', 'filter1_resonance': '0.4265873134', 'filter1_drive': '14.0625', 'filter1_morph': '0', 'filter2_on': 'true', 'filter2_type': '1', 'filter2_circuit_lphp': '4', 'filter2_circuit_bpnomo': '0', 'filter2_slope': '0', 'filter2_frequency': '98.5973053', 'filter2_resonance': '0.3075396717', 'filter2_drive': '3', 'filter2_morph': '0', 'ampenv_attack_time': '0.0007450580597', 'ampenv_decay_time': '7.45152235', 'ampenv_release_time': '0.1132968962', 'ampenv_attack_slope': '0.625', 'ampenv_decay_slope': '0.5', 'ampenv_release_slope': '0.46875', 'ampenv_sustain': '0.9384765625', 'ampenv_loopmode': '0', 'env2_attack_time': '0', 'env2_decay_time': '8.47572899', 'env2_release_time': '0.156843096', 'env2_attack_slope': '-0.4375', 'env2_decay_slope': '1', 'env2_release_slope': '0.5', 'env2_sustain': '0.9296875', 'env2_initial_value': '0.40625', 'env2_peak_value': '0.28125', 'env2_final_value': '0', 'env2_loopmode': '0', 'env3_attack_time': '2.61910558', 'env3_decay_time': '2.43976021', 'env3_release_time': '0.08985137939', 'env3_attack_slope': '0', 'env3_decay_slope': '0.5882352591', 'env3_release_slope': '0.5', 'env3_sustain': '0.75', 'env3_initial_value': '0', 'env3_peak_value': '0.921875', 'env3_final_value': '0', 'env3_loopmode': '0', 'lfo1_retrigger': 'true', 'lfo1_shape_type': '2', 'lfo1_amount': '1', 'lfo1_shaping': '-0.15625', 'lfo1_phase': '0', 'lfo1_sync': '1', 'lfo1_rate': '1.59588182', 'lfo1_synced_rate': '13', 'lfo1_attack': '0', 'lfo2_retrigger': 'true', 'lfo2_shape_type': '1', 'lfo2_amount': '1', 'lfo2_shaping': '0.546875', 'lfo2_phase': '0', 'lfo2_sync': '1', 'lfo2_rate': '3.75874996', 'lfo2_synced_rate': '14', 'lfo2_attack': '0', 'mod_time_scale': '0', 'mod_amount': '0.4375', 'unison_mode': '4', 'unison_voices': '2', 'unison_amount': '0.1953125', 'global_transpose': '0', 'glide': '0.03404736519', 'filter_routing': '0', 'vol': '0.1026000977', 'polyphony': '0', 'poly_voices': '6', 'hq': 'false', 'mod_matrix': [['amp', 'osc1_wt_position', 0.4375], ['env2', 'osc1_wt_position', 0.125], ['vel', 'osc1_wt_position', 0.328125], ['env3', 'osc1_effect1', -0.015625], ['mod', 'osc1_effect1', 0.2400000095], ['slide', 'osc1_effect1', 0.2399999946], ['lfo1', 'osc1_effect2', -0.015625], ['vel', 'osc1_effect2', 0.15625], ['amp', 'osc2_wt_position', 0.125], ['env2', 'osc2_wt_position', -0.03125], ['lfo2', 'osc2_wt_position', 0.25], ['vel', 'osc2_wt_position', 0.109375], ['env2', 'osc2_gain', 0.03125], ['env3', 'osc2_gain', 0.140625], ['lfo1', 'osc2_gain', 0.265625], ['lfo2', 'osc2_gain', -0.140625], ['vel', 'osc2_gain', 0.59375], ['mod', 'osc2_gain', -1.0], ['amp', 'filter1_frequency', -0.09375], ['env2', 'filter1_frequency', 0.65625], ['env3', 'filter1_frequency', 0.4375], ['lfo2', 'filter1_frequency', 0.078125], ['vel', 'filter1_frequency', 0.296875], ['note', 'filter1_frequency', -5.960464478e-05], ['mod', 'filter1_frequency', 0.109375], ['slide', 'filter1_frequency', 0.1099999994], ['amp', 'filter1_resonance', 0.234375], ['env2', 'filter1_resonance', 0.015625], ['env3', 'filter1_resonance', -0.0625], ['vel', 'filter1_resonance', 0.453125], ['note', 'filter1_resonance', -0.21875], ['amp', 'filter2_frequency', -0.125], ['env3', 'filter2_frequency', 0.09375], ['vel', 'filter2_frequency', 0.15625], ['mod', 'filter2_frequency', 0.21875], ['slide', 'filter2_frequency', 0.2199999988], ['env2', 'filter2_resonance', 0.859375], ['vel', 'filter2_resonance', 0.375], ['mod', 'filter2_resonance', -0.234375], ['slide', 'filter2_resonance', -0.2300000042], ['amp', 'filter2_drive', 0.46875], ['env2', 'filter2_drive', 0.046875], ['lfo2', 'filter2_drive', 1.0], ['vel', 'filter2_drive', 0.671875], ['note', 'filter2_drive', 0.03125], ['amp', 'lfo1_amount', 0.65625], ['env2', 'lfo1_amount', -0.21875], ['env3', 'lfo1_amount', 0.015625], ['mod', 'lfo1_amount', 1.0], ['amp', 'lfo2_amount', 0.859375], ['env2', 'lfo2_amount', 0.40625], ['env3', 'lfo2_amount', -0.28125], ['mod', 'lfo2_amount', 1.0], ['env2', 'ampmod', -0.03125], ['vel', 'ampmod', 0.453125], ['env3', 'pitchmod', -0.0008999705315], ['vel', 'pitchmod', 0.0006999969482], ['pitchbend', 'pitchmod', 0.01999998093], ['note_pitchbend', 'pitchmod', 1.0]]}"
Lead,Trident Stab,"Iconic rave stab synthesizer built from a saw wave and tonal sine-like wavetable. Use quick attack followed by a sharp decay to give the signature character for stabs. A low pass filter and band pass filter should move with the envelopes to enhance the plucky timbre. The mod wheel should shift the wavetables up to square wave and noisy sine-like wave to give rich harmonics and build hype for a dance track at a rave. Classic, energetic, smooth, engineered stab synth fit for a wide range of electronic dance music, perfect for rhythmic lead melodies.","{'wt1': 'Basic Shapes', 'wt2': 'Rust', 'osc1_on': 'true', 'osc1_pitch_transpose': '7', 'osc1_pitch_detune': '0', 'osc1_wt_position': '0.6796116233', 'osc1_effect_mode': '1', 'osc1_effect1': '0', 'osc1_effect2': '0', 'osc1_pan': '0', 'osc1_gain': '1', 'osc2_on': 'true', 'osc2_pitch_transpose': '3', 'osc2_pitch_detune': '0', 'osc2_wt_position': '0.3991769552', 'osc2_effect_mode': '1', 'osc2_effect1': '0', 'osc2_effect2': '0', 'osc2_pan': '0', 'osc2_gain': '1', 'sub_on': 'true', 'sub_tone': '1', 'sub_gain': '1', 'sub_octave': '1', 'filter1_on': 'true', 'filter1_type': '0', 'filter1_circuit_lphp': '0', 'filter1_circuit_bpnomo': '0', 'filter1_slope': '1', 'filter1_frequency': '53.840847', 'filter1_resonance': '0.5859375', 'filter1_drive': '0', 'filter1_morph': '0', 'filter2_on': 'true', 'filter2_type': '2', 'filter2_circuit_lphp': '0', 'filter2_circuit_bpnomo': '0', 'filter2_slope': '1', 'filter2_frequency': '542.598755', 'filter2_resonance': '0.555555582', 'filter2_drive': '0', 'filter2_morph': '0', 'ampenv_attack_time': '0.001000000164', 'ampenv_decay_time': '0.2105356008', 'ampenv_release_time': '1.1736871', 'ampenv_attack_slope': '0', 'ampenv_decay_slope': '1', 'ampenv_release_slope': '1', 'ampenv_sustain': '0.390625', 'ampenv_loopmode': '0', 'env2_attack_time': '0', 'env2_decay_time': '1.25', 'env2_release_time': '2.48567581', 'env2_attack_slope': '-0.8202247024', 'env2_decay_slope': '0.67032969', 'env2_release_slope': '0.421875', 'env2_sustain': '0', 'env2_initial_value': '0', 'env2_peak_value': '1', 'env2_final_value': '0', 'env2_loopmode': '1', 'env3_attack_time': '0.0002215652494', 'env3_decay_time': '0.3955078125', 'env3_release_time': '0.001500000013', 'env3_attack_slope': '1', 'env3_decay_slope': '0.868131876', 'env3_release_slope': '0', 'env3_sustain': '0', 'env3_initial_value': '0', 'env3_peak_value': '1', 'env3_final_value': '0', 'env3_loopmode': '1', 'lfo1_retrigger': 'true', 'lfo1_shape_type': '1', 'lfo1_amount': '1', 'lfo1_shaping': '0', 'lfo1_phase': '0', 'lfo1_sync': '0', 'lfo1_rate': '20', 'lfo1_synced_rate': '12', 'lfo1_attack': '0', 'lfo2_retrigger': 'true', 'lfo2_shape_type': '1', 'lfo2_amount': '1', 'lfo2_shaping': '-1', 'lfo2_phase': '61.875', 'lfo2_sync': '0', 'lfo2_rate': '0.4186834097', 'lfo2_synced_rate': '14', 'lfo2_attack': '0', 'mod_time_scale': '0', 'mod_amount': '1', 'unison_mode': '2', 'unison_voices': '3', 'unison_amount': '0.2890625', 'global_transpose': '0', 'glide': '0.25', 'filter_routing': '1', 'vol': '0.765625', 'polyphony': '0', 'poly_voices': '6', 'hq': 'false', 'mod_matrix': [['mod', 'osc1_wt_position', 0.34375], ['slide', 'osc1_wt_position', 0.3400000036], ['mod', 'osc2_wt_position', 0.65625], ['slide', 'osc2_wt_position', 0.6600000262], ['env2', 'filter1_frequency', 1.0], ['note', 'filter1_frequency', 0.009417533875], ['press', 'filter1_frequency', 0.1875], ['env2', 'filter1_resonance', -0.625], ['env3', 'filter2_frequency', 0.671875], ['press', 'filter2_frequency', 0.328125], ['mod', 'ampenv_release_time', 0.203125], ['slide', 'ampenv_release_time', 0.200000003], ['mod', 'env2_decay_time', 0.296875], ['slide', 'env2_decay_time', 0.3000000119], ['mod', 'env2_release_time', 0.328125], ['slide', 'env2_release_time', 0.3300000131], ['mod', 'env2_peak_value', 0.375], ['pitchbend', 'pitchmod', 0.08000004292], ['note_pitchbend', 'pitchmod', 1.0]]}"
Lead,Callibrated Solo,"Highly expressive and controlled synth sound for a lead keyboard solo. The sound should be very tonal, built from vintage wavetables featuring triangle waves and pulse waves, and have envelopes and filters sculpted to give a smooth and silky timbre. The velocity, keypress, and modwheel modulation should make the sound very expressive for a keyboard soloist, but the overall sound should remain calculated and calibrated. Monophonic lead synth for solo in a retro 70s or 80s pop song.","{'wt1': 'OB6 Shapes', 'wt2': 'JUP Double Pulse', 'osc1_on': 'true', 'osc1_pitch_transpose': '12', 'osc1_pitch_detune': '0.015625', 'osc1_wt_position': '0.1428571492', 'osc1_effect_mode': '2', 'osc1_effect1': '0.1875', 'osc1_effect2': '0', 'osc1_pan': '-0.125', 'osc1_gain': '0.7226890922', 'osc2_on': 'true', 'osc2_pitch_transpose': '-12', 'osc2_pitch_detune': '-0.015625', 'osc2_wt_position': '0.5798319578', 'osc2_effect_mode': '1', 'osc2_effect1': '0', 'osc2_effect2': '0', 'osc2_pan': '0.0625', 'osc2_gain': '0.5882353187', 'sub_on': 'true', 'sub_tone': '0.4765625', 'sub_gain': '0.703125', 'sub_octave': '0', 'filter1_on': 'true', 'filter1_type': '0', 'filter1_circuit_lphp': '4', 'filter1_circuit_bpnomo': '0', 'filter1_slope': '0', 'filter1_frequency': '842.664551', 'filter1_resonance': '0.3472222388', 'filter1_drive': '7.5', 'filter1_morph': '0', 'filter2_on': 'true', 'filter2_type': '0', 'filter2_circuit_lphp': '3', 'filter2_circuit_bpnomo': '0', 'filter2_slope': '0', 'filter2_frequency': '1820.32983', 'filter2_resonance': '0.56640625', 'filter2_drive': '8.8125', 'filter2_morph': '0', 'ampenv_attack_time': '0.00970967114', 'ampenv_decay_time': '3.36981702', 'ampenv_release_time': '0.07030252367', 'ampenv_attack_slope': '0.78125', 'ampenv_decay_slope': '0.5', 'ampenv_release_slope': '-0.453125', 'ampenv_sustain': '0.7502015233', 'ampenv_loopmode': '0', 'env2_attack_time': '0.03959544003', 'env2_decay_time': '13.4908037', 'env2_release_time': '2.1171751', 'env2_attack_slope': '0.96875', 'env2_decay_slope': '-0.609375', 'env2_release_slope': '-0.640625', 'env2_sustain': '0.9140625', 'env2_initial_value': '0.6328125', 'env2_peak_value': '1', 'env2_final_value': '0.09375', 'env2_loopmode': '0', 'env3_attack_time': '0.5878866315', 'env3_decay_time': '6.32915068', 'env3_release_time': '5.33864355', 'env3_attack_slope': '0.5', 'env3_decay_slope': '0.5', 'env3_release_slope': '0.453125', 'env3_sustain': '0.296875', 'env3_initial_value': '0', 'env3_peak_value': '1', 'env3_final_value': '0.140625', 'env3_loopmode': '0', 'lfo1_retrigger': 'true', 'lfo1_shape_type': '0', 'lfo1_amount': '1', 'lfo1_shaping': '0.671875', 'lfo1_phase': '0', 'lfo1_sync': '1', 'lfo1_rate': '0.6771969199', 'lfo1_synced_rate': '13', 'lfo1_attack': '0.00970967114', 'lfo2_retrigger': 'true', 'lfo2_shape_type': '0', 'lfo2_amount': '0.8828125', 'lfo2_shaping': '-0.09375', 'lfo2_phase': '0', 'lfo2_sync': '1', 'lfo2_rate': '0.9999998808', 'lfo2_synced_rate': '13', 'lfo2_attack': '0.000488832593', 'mod_time_scale': '-0.359375', 'mod_amount': '0.109375', 'unison_mode': '1', 'unison_voices': '2', 'unison_amount': '0.0234375', 'global_transpose': '0', 'glide': '0.0003051757812', 'filter_routing': '2', 'vol': '0.1779785156', 'polyphony': '0', 'poly_voices': '6', 'hq': 'false', 'mod_matrix': [['amp', 'osc1_wt_position', 0.515625], ['env2', 'osc1_wt_position', 0.65625], ['env3', 'osc1_wt_position', 0.578125], ['vel', 'osc1_wt_position', 0.765625], ['amp', 'osc1_effect1', -0.015625], ['env2', 'osc1_effect1', 0.0625], ['env3', 'osc1_effect1', 0.09375], ['vel', 'osc1_effect1', 0.03125], ['press', 'osc1_effect1', -0.28125], ['env2', 'osc1_effect2', -0.03125], ['vel', 'osc1_effect2', -0.109375], ['press', 'osc1_effect2', -0.5625], ['mod', 'osc1_effect2', 0.140625], ['amp', 'osc2_wt_position', 0.453125], ['env2', 'osc2_wt_position', -0.5], ['env3', 'osc2_wt_position', 0.296875], ['vel', 'osc2_wt_position', 0.171875], ['press', 'osc2_wt_position', -0.625], ['mod', 'osc2_wt_position', -0.21875], ['slide', 'osc2_wt_position', -0.2199999988], ['amp', 'osc2_effect1', 0.15625], ['env2', 'osc2_effect1', -0.203125], ['env3', 'osc2_effect1', 0.125], ['vel', 'osc2_effect1', 0.015625], ['press', 'osc2_effect1', 0.421875], ['mod', 'osc2_effect1', 0.4375], ['slide', 'osc2_effect1', 0.4399999976], ['vel', 'osc2_pan', -0.21875], ['press', 'sub_tone', 0.234375], ['mod', 'sub_tone', 0.609375], ['amp', 'filter1_frequency', 1.0], ['env2', 'filter1_frequency', -0.1875], ['env3', 'filter1_frequency', 0.359375], ['lfo1', 'filter1_frequency', 0.296875], ['lfo2', 'filter1_frequency', 0.28125], ['vel', 'filter1_frequency', 0.078125], ['press', 'filter1_frequency', 0.0625], ['env2', 'filter1_drive', 0.625], ['vel', 'filter1_drive', 0.421875], ['mod', 'filter1_drive', 0.390625], ['amp', 'filter2_frequency', -0.15625], ['env2', 'filter2_frequency', -0.921875], ['env3', 'filter2_frequency', -0.71875], ['vel', 'filter2_frequency', 0.328125], ['press', 'filter2_frequency', -0.390625], ['mod', 'filter2_frequency', -0.15625], ['slide', 'filter2_frequency', -0.1599999964], ['lfo2', 'lfo1_amount', 0.875], ['mod', 'lfo1_amount', 1.0], ['env2', 'lfo2_amount', 0.046875], ['lfo2', 'lfo2_amount', 0.515625], ['mod', 'lfo2_amount', 1.0], ['amp', 'ampmod', 0.03125], ['vel', 'ampmod', 0.5], ['env3', 'pitchmod', -0.001562476158], ['pitchbend', 'pitchmod', 0.04666662216], ['press', 'pitchmod', -0.003125011921], ['note_pitchbend', 'pitchmod', 1.0]]}"
Lead,Ele Webble,"Lead wobble synth with a big filter sweep combined with modulation to the wavetable position of oscillator 1 and warping of oscillator 2 from a single envelope. The synth should create the iconic wub sound of dubstep wobble basses when played in a lower register. Overall the sound should have a bright and digitized character. This electronic wobble synth should fit well as a core element in genres like dubstep, brostep, grime, future bass, complextro.","{'wt1': 'Sync Digital', 'wt2': 'Galactica', 'osc1_on': 'true', 'osc1_pitch_transpose': '0', 'osc1_pitch_detune': '0', 'osc1_wt_position': '0.2643678188', 'osc1_effect_mode': '1', 'osc1_effect1': '1', 'osc1_effect2': '0', 'osc1_pan': '0', 'osc1_gain': '1', 'osc2_on': 'true', 'osc2_pitch_transpose': '0', 'osc2_pitch_detune': '-0.109375', 'osc2_wt_position': '0.03448275849', 'osc2_effect_mode': '3', 'osc2_effect1': '-1', 'osc2_effect2': '0.4765625', 'osc2_pan': '0', 'osc2_gain': '1', 'sub_on': 'true', 'sub_tone': '0.7460317612', 'sub_gain': '0.4375', 'sub_octave': '1', 'filter1_on': 'true', 'filter1_type': '0', 'filter1_circuit_lphp': '3', 'filter1_circuit_bpnomo': '0', 'filter1_slope': '0', 'filter1_frequency': '91.6532822', 'filter1_resonance': '0.5965908766', 'filter1_drive': '0.9375', 'filter1_morph': '0', 'filter2_on': 'true', 'filter2_type': '0', 'filter2_circuit_lphp': '0', 'filter2_circuit_bpnomo': '0', 'filter2_slope': '0', 'filter2_frequency': '20479.998', 'filter2_resonance': '0.5158730149', 'filter2_drive': '0', 'filter2_morph': '0', 'ampenv_attack_time': '0.001000000164', 'ampenv_decay_time': '0.5616144538', 'ampenv_release_time': '1.92393243', 'ampenv_attack_slope': '0', 'ampenv_decay_slope': '0.5', 'ampenv_release_slope': '0.5', 'ampenv_sustain': '0.6574141383', 'ampenv_loopmode': '0', 'env2_attack_time': '0.3079966903', 'env2_decay_time': '0.6264907718', 'env2_release_time': '0.1538912654', 'env2_attack_slope': '-0.5362318754', 'env2_decay_slope': '-0.6164383888', 'env2_release_slope': '0.5', 'env2_sustain': '0', 'env2_initial_value': '0', 'env2_peak_value': '0.9324324131', 'env2_final_value': '0', 'env2_loopmode': '0', 'env3_attack_time': '4.61762476', 'env3_decay_time': '0.001932187122', 'env3_release_time': '1.36896682', 'env3_attack_slope': '-0.3783783913', 'env3_decay_slope': '-0.09090906382', 'env3_release_slope': '0.4324324131', 'env3_sustain': '1', 'env3_initial_value': '0', 'env3_peak_value': '0.8513513803', 'env3_final_value': '0', 'env3_loopmode': '0', 'lfo1_retrigger': 'true', 'lfo1_shape_type': '1', 'lfo1_amount': '1', 'lfo1_shaping': '0', 'lfo1_phase': '0', 'lfo1_sync': '1', 'lfo1_rate': '0.9999998808', 'lfo1_synced_rate': '1', 'lfo1_attack': '0', 'lfo2_retrigger': 'true', 'lfo2_shape_type': '0', 'lfo2_amount': '1', 'lfo2_shaping': '0', 'lfo2_phase': '180', 'lfo2_sync': '1', 'lfo2_rate': '0.01011440251', 'lfo2_synced_rate': '15', 'lfo2_attack': '0.02471923828', 'mod_time_scale': '0', 'mod_amount': '1', 'unison_mode': '4', 'unison_voices': '3', 'unison_amount': '0.3000000119', 'global_transpose': '0', 'glide': '0', 'filter_routing': '0', 'vol': '0.5861816406', 'polyphony': '0', 'poly_voices': '6', 'hq': 'false', 'mod_matrix': [['env2', 'osc1_wt_position', 1.0], ['env3', 'osc1_wt_position', 0.296875], ['env3', 'osc2_wt_position', 0.515625], ['env2', 'osc2_effect1', 1.0], ['lfo1', 'osc2_effect2', -0.671875], ['lfo1', 'osc2_pan', -0.34375], ['lfo1', 'sub_tone', 1.0], ['env2', 'filter1_frequency', 0.8800001144], ['env3', 'filter1_frequency', 0.21875], ['lfo1', 'filter1_frequency', 0.5200004578], ['lfo2', 'filter2_frequency', -1.0], ['env3', 'lfo2_amount', 1.0], ['vel', 'ampmod', 0.5], ['pitchbend', 'pitchmod', 0.04666662216], ['note_pitchbend', 'pitchmod', 1.0]]}"
Lead,Slate,"Metallic, resonant, slightly hollow sounding lead synth built from an interesting wavetable with some FM synthesis. There should be keytracking to move the filter around the note played, and change the amount of FM based on the note. The overall sound is dominated by a pluck-like envelope that modulates a high pass filter and oscillator position. The filter modulation should start with no low end, then bring the low end in, then cut it back out. The overall sound is glassy, dynamic, and shallow.","{'wt1': 'Slate', 'wt2': 'Basic Shapes', 'osc1_on': 'true', 'osc1_pitch_transpose': '0', 'osc1_pitch_detune': '0', 'osc1_wt_position': '0', 'osc1_effect_mode': '1', 'osc1_effect1': '0', 'osc1_effect2': '0', 'osc1_pan': '0', 'osc1_gain': '1', 'osc2_on': 'false', 'osc2_pitch_transpose': '0', 'osc2_pitch_detune': '0', 'osc2_wt_position': '0', 'osc2_effect_mode': '0', 'osc2_effect1': '0', 'osc2_effect2': '0', 'osc2_pan': '0', 'osc2_gain': '1', 'sub_on': 'true', 'sub_tone': '0.53125', 'sub_gain': '0.5011875033', 'sub_octave': '1', 'filter1_on': 'true', 'filter1_type': '0', 'filter1_circuit_lphp': '0', 'filter1_circuit_bpnomo': '0', 'filter1_slope': '1', 'filter1_frequency': '10017.1738', 'filter1_resonance': '0.25390625', 'filter1_drive': '2.8125', 'filter1_morph': '0', 'filter2_on': 'true', 'filter2_type': '1', 'filter2_circuit_lphp': '0', 'filter2_circuit_bpnomo': '0', 'filter2_slope': '0', 'filter2_frequency': '3931.86475', 'filter2_resonance': '0.446428597', 'filter2_drive': '0', 'filter2_morph': '0', 'ampenv_attack_time': '0.001000000164', 'ampenv_decay_time': '0.5289159417', 'ampenv_release_time': '0.9042460918', 'ampenv_attack_slope': '0', 'ampenv_decay_slope': '1', 'ampenv_release_slope': '1', 'ampenv_sustain': '0.6290131211', 'ampenv_loopmode': '0', 'env2_attack_time': '0.4295111299', 'env2_decay_time': '5.5745039', 'env2_release_time': '1.17391682', 'env2_attack_slope': '0', 'env2_decay_slope': '1', 'env2_release_slope': '0.5', 'env2_sustain': '0', 'env2_initial_value': '0', 'env2_peak_value': '1', 'env2_final_value': '0.6724137664', 'env2_loopmode': '0', 'env3_attack_time': '2.9020071', 'env3_decay_time': '17.6149445', 'env3_release_time': '1.69798875', 'env3_attack_slope': '-1', 'env3_decay_slope': '-1', 'env3_release_slope': '0.5', 'env3_sustain': '0', 'env3_initial_value': '0', 'env3_peak_value': '1', 'env3_final_value': '0.5517241359', 'env3_loopmode': '0', 'lfo1_retrigger': 'false', 'lfo1_shape_type': '1', 'lfo1_amount': '1', 'lfo1_shaping': '0', 'lfo1_phase': '0', 'lfo1_sync': '1', 'lfo1_rate': '0.9999998808', 'lfo1_synced_rate': '4', 'lfo1_attack': '0', 'lfo2_retrigger': 'true', 'lfo2_shape_type': '1', 'lfo2_amount': '1', 'lfo2_shaping': '0.125', 'lfo2_phase': '0', 'lfo2_sync': '1', 'lfo2_rate': '0.9999998808', 'lfo2_synced_rate': '12', 'lfo2_attack': '0.08835799992', 'mod_time_scale': '0', 'mod_amount': '1', 'unison_mode': '5', 'unison_voices': '8', 'unison_amount': '0.6796875', 'global_transpose': '0', 'glide': '0.06034970284', 'filter_routing': '0', 'vol': '1', 'polyphony': '0', 'poly_voices': '6', 'hq': 'false', 'mod_matrix': [['env2', 'osc1_wt_position', 1.0], ['mod', 'osc1_wt_position', 0.375], ['slide', 'osc1_wt_position', 0.3799999952], ['note', 'osc1_effect2', 0.671875], ['note', 'filter1_frequency', 0.9999990463], ['env2', 'filter2_frequency', -0.59375], ['env3', 'lfo2_shaping', -0.625], ['vel', 'ampmod', 0.5], ['pitchbend', 'pitchmod', 0.04999995232], ['note_pitchbend', 'pitchmod', 1.0]]}"
Lead,Diagraph Persona,"Aggressive, bold, and dark lead synth with a prominent filter sweep. The sound should be distorted and noisy from using formant wavetables, filling up the frequency spectrum with a formidable thunder. The oscillators should be detuned or use the FM effect to create an interesting textured sound and complexity, perfect for a powerful and dominant heavy lead synth in a hardcore genre of electronic music.","{'wt1': 'FOF', 'wt2': 'Digital Ah', 'osc1_on': 'true', 'osc1_pitch_transpose': '0', 'osc1_pitch_detune': '-0.125', 'osc1_wt_position': '0.2941176593', 'osc1_effect_mode': '2', 'osc1_effect1': '0', 'osc1_effect2': '0', 'osc1_pan': '-0.125', 'osc1_gain': '0.8739495873', 'osc2_on': 'true', 'osc2_pitch_transpose': '0', 'osc2_pitch_detune': '0', 'osc2_wt_position': '0.210084036', 'osc2_effect_mode': '1', 'osc2_effect1': '0', 'osc2_effect2': '0.15625', 'osc2_pan': '0.15625', 'osc2_gain': '0.4117647111', 'sub_on': 'true', 'sub_tone': '0.734375', 'sub_gain': '0.2890625', 'sub_octave': '1', 'filter1_on': 'true', 'filter1_type': '0', 'filter1_circuit_lphp': '2', 'filter1_circuit_bpnomo': '0', 'filter1_slope': '0', 'filter1_frequency': '573.324097', 'filter1_resonance': '1.00198412', 'filter1_drive': '12.75', 'filter1_morph': '0', 'filter2_on': 'true', 'filter2_type': '1', 'filter2_circuit_lphp': '2', 'filter2_circuit_bpnomo': '0', 'filter2_slope': '0', 'filter2_frequency': '296.281433', 'filter2_resonance': '0.7341270447', 'filter2_drive': '11.8125', 'filter2_morph': '0', 'ampenv_attack_time': '0.0007450580597', 'ampenv_decay_time': '7.45152235', 'ampenv_release_time': '0.002245002193', 'ampenv_attack_slope': '0.625', 'ampenv_decay_slope': '0.5', 'ampenv_release_slope': '0.46875', 'ampenv_sustain': '0.9384765625', 'ampenv_loopmode': '0', 'env2_attack_time': '0.6335270405', 'env2_decay_time': '8.47572899', 'env2_release_time': '0.156843096', 'env2_attack_slope': '-0.4375', 'env2_decay_slope': '1', 'env2_release_slope': '0.5', 'env2_sustain': '0.6953125', 'env2_initial_value': '0.1875', 'env2_peak_value': '1', 'env2_final_value': '0', 'env2_loopmode': '0', 'env3_attack_time': '0', 'env3_decay_time': '2.43976021', 'env3_release_time': '0.08985137939', 'env3_attack_slope': '0', 'env3_decay_slope': '0.5882352591', 'env3_release_slope': '0.5', 'env3_sustain': '0.5390625', 'env3_initial_value': '0', 'env3_peak_value': '1', 'env3_final_value': '0', 'env3_loopmode': '0', 'lfo1_retrigger': 'true', 'lfo1_shape_type': '2', 'lfo1_amount': '1', 'lfo1_shaping': '-0.15625', 'lfo1_phase': '0', 'lfo1_sync': '1', 'lfo1_rate': '1.59588182', 'lfo1_synced_rate': '16', 'lfo1_attack': '0', 'lfo2_retrigger': 'true', 'lfo2_shape_type': '1', 'lfo2_amount': '1', 'lfo2_shaping': '0.546875', 'lfo2_phase': '0', 'lfo2_sync': '1', 'lfo2_rate': '3.75874996', 'lfo2_synced_rate': '16', 'lfo2_attack': '0', 'mod_time_scale': '0', 'mod_amount': '0.671875', 'unison_mode': '1', 'unison_voices': '2', 'unison_amount': '0.109375', 'global_transpose': '-12', 'glide': '0.05269654095', 'filter_routing': '0', 'vol': '0.140625', 'polyphony': '0', 'poly_voices': '6', 'hq': 'false', 'mod_matrix': [['env3', 'osc1_effect1', -0.015625], ['mod', 'osc1_effect1', 0.359375], ['slide', 'osc1_effect1', 0.3600000143], ['lfo1', 'osc1_effect2', -0.015625], ['vel', 'osc1_effect2', 0.15625], ['env2', 'osc2_wt_position', -0.03125], ['lfo2', 'osc2_wt_position', 0.25], ['vel', 'osc2_wt_position', 0.40625], ['env2', 'osc2_gain', 0.03125], ['lfo1', 'osc2_gain', 0.265625], ['lfo2', 'osc2_gain', 1.0], ['vel', 'osc2_gain', 0.171875], ['env2', 'filter1_frequency', 0.65625], ['lfo2', 'filter1_frequency', 0.078125], ['vel', 'filter1_frequency', 0.09375], ['mod', 'filter1_frequency', -0.265625], ['slide', 'filter1_frequency', -0.2700000107], ['env2', 'filter2_resonance', 0.859375], ['vel', 'filter2_resonance', 0.15625], ['mod', 'filter2_resonance', 0.75], ['slide', 'filter2_resonance', 0.75], ['env2', 'filter2_drive', 0.21875], ['lfo2', 'filter2_drive', 1.0], ['amp', 'lfo1_amount', 0.65625], ['env2', 'lfo1_amount', -0.21875], ['env3', 'lfo1_amount', 0.015625], ['mod', 'lfo1_amount', 1.0], ['amp', 'lfo2_amount', 0.859375], ['env2', 'lfo2_amount', 0.40625], ['env3', 'lfo2_amount', -0.28125], ['mod', 'lfo2_amount', 1.0], ['env2', 'ampmod', -0.03125], ['vel', 'ampmod', 0.5], ['env3', 'pitchmod', -0.0008999705315], ['pitchbend', 'pitchmod', 0.2400000095], ['note_pitchbend', 'pitchmod', 1.0]]}"
Lead,Folded Over,"Rich and dynamic lead synth centered around using the fold effect to add character and harmonic content to a simple wavetable. The modulation should be controlled by envelope 2, which triggers a gentle attack on keypress that opens up a low pass filter, adjusts the fold effect of the primary oscillator, and increases the presence of a foundational sub oscillator. The synth should have a slight talky quality and an overall playful, full, and evolving sound.","{'wt1': 'FM Feedback', 'wt2': 'Basic Shapes', 'osc1_on': 'true', 'osc1_pitch_transpose': '-12', 'osc1_pitch_detune': '0', 'osc1_wt_position': '0.7647058964', 'osc1_effect_mode': '3', 'osc1_effect1': '0', 'osc1_effect2': '1', 'osc1_pan': '0', 'osc1_gain': '1', 'osc2_on': 'false', 'osc2_pitch_transpose': '0', 'osc2_pitch_detune': '0', 'osc2_wt_position': '0', 'osc2_effect_mode': '0', 'osc2_effect1': '0', 'osc2_effect2': '0', 'osc2_pan': '0', 'osc2_gain': '1', 'sub_on': 'true', 'sub_tone': '0.3492063582', 'sub_gain': '0.328125', 'sub_octave': '1', 'filter1_on': 'true', 'filter1_type': '1', 'filter1_circuit_lphp': '1', 'filter1_circuit_bpnomo': '0', 'filter1_slope': '0', 'filter1_frequency': '74.889801', 'filter1_resonance': '0.6051587462', 'filter1_drive': '14.8125', 'filter1_morph': '0', 'filter2_on': 'true', 'filter2_type': '0', 'filter2_circuit_lphp': '0', 'filter2_circuit_bpnomo': '0', 'filter2_slope': '1', 'filter2_frequency': '993.806885', 'filter2_resonance': '0.5753968358', 'filter2_drive': '0', 'filter2_morph': '0', 'ampenv_attack_time': '0.001544952393', 'ampenv_decay_time': '0.08985137939', 'ampenv_release_time': '0.212019816', 'ampenv_attack_slope': '1', 'ampenv_decay_slope': '1', 'ampenv_release_slope': '1', 'ampenv_sustain': '0.4943847656', 'ampenv_loopmode': '0', 'env2_attack_time': '1.50137556', 'env2_decay_time': '9.76695919', 'env2_release_time': '1.03301823', 'env2_attack_slope': '0.6756756306', 'env2_decay_slope': '1', 'env2_release_slope': '0', 'env2_sustain': '0.390625', 'env2_initial_value': '0', 'env2_peak_value': '1', 'env2_final_value': '0', 'env2_loopmode': '1', 'env3_attack_time': '0.001000000164', 'env3_decay_time': '0.5999999642', 'env3_release_time': '0.5999999642', 'env3_attack_slope': '0', 'env3_decay_slope': '0.5', 'env3_release_slope': '0.5', 'env3_sustain': '0.5', 'env3_initial_value': '0', 'env3_peak_value': '1', 'env3_final_value': '0', 'env3_loopmode': '0', 'lfo1_retrigger': 'true', 'lfo1_shape_type': '1', 'lfo1_amount': '1', 'lfo1_shaping': '0', 'lfo1_phase': '270', 'lfo1_sync': '0', 'lfo1_rate': '0.5', 'lfo1_synced_rate': '15', 'lfo1_attack': '0', 'lfo2_retrigger': 'true', 'lfo2_shape_type': '0', 'lfo2_amount': '1', 'lfo2_shaping': '0', 'lfo2_phase': '0', 'lfo2_sync': '0', 'lfo2_rate': '0.9999998808', 'lfo2_synced_rate': '15', 'lfo2_attack': '0', 'mod_time_scale': '0', 'mod_amount': '1', 'unison_mode': '1', 'unison_voices': '7', 'unison_amount': '0.4296875', 'global_transpose': '0', 'glide': '0.200000003', 'filter_routing': '0', 'vol': '0.2124633789', 'polyphony': '1', 'poly_voices': '6', 'hq': 'false', 'mod_matrix': [['mod', 'osc1_effect1', 0.65625], ['slide', 'osc1_effect1', 0.6600000262], ['env2', 'osc1_effect2', 1.0], ['mod', 'sub_tone', -1.0], ['env2', 'sub_gain', 1.0], ['note', 'filter1_frequency', 0.1001358032], ['env2', 'filter2_frequency', 0.375], ['mod', 'filter2_frequency', 0.5625], ['slide', 'filter2_frequency', 0.5600000024], ['vel', 'ampmod', 0.5], ['pitchbend', 'pitchmod', 0.04666662216], ['note_pitchbend', 'pitchmod', 1.0]]}"
Lead,Saw Stack,"Lush, deep, and warm lead synth built from saw waves stacked on top of each other. The envelopes should lend themselves to an interesting character by initially cutting out the highs with a low pass filter before bringing them back in over time. This effect gives a smooth attack that conceals the harsh high end harmonics that saw waves are known for. The sound should grow over time as the filter opens back up, great for creating a impactful cinematic atmosphere on some sustained chords. The synth should have a slight vintage or analog flavor, and retain the tonality of a keyboard with rich saw harmonics. The decay and release should be extended to create an enhanced sense of scale.","{'wt1': 'Beating 2', 'wt2': 'Beating 5', 'osc1_on': 'true', 'osc1_pitch_transpose': '0', 'osc1_pitch_detune': '0', 'osc1_wt_position': '0.5', 'osc1_effect_mode': '0', 'osc1_effect1': '0', 'osc1_effect2': '0', 'osc1_pan': '0', 'osc1_gain': '1', 'osc2_on': 'true', 'osc2_pitch_transpose': '-12', 'osc2_pitch_detune': '0', 'osc2_wt_position': '0.3563218415', 'osc2_effect_mode': '0', 'osc2_effect1': '0', 'osc2_effect2': '0', 'osc2_pan': '0', 'osc2_gain': '0.8390804529', 'sub_on': 'true', 'sub_tone': '1', 'sub_gain': '0.2539682686', 'sub_octave': '2', 'filter1_on': 'true', 'filter1_type': '0', 'filter1_circuit_lphp': '3', 'filter1_circuit_bpnomo': '0', 'filter1_slope': '0', 'filter1_frequency': '40.8900719', 'filter1_resonance': '0.1000000015', 'filter1_drive': '4.5', 'filter1_morph': '0', 'filter2_on': 'true', 'filter2_type': '1', 'filter2_circuit_lphp': '0', 'filter2_circuit_bpnomo': '0', 'filter2_slope': '1', 'filter2_frequency': '45.6438942', 'filter2_resonance': '0.2281746119', 'filter2_drive': '0', 'filter2_morph': '0', 'ampenv_attack_time': '0.02910383046', 'ampenv_decay_time': '0.5999999642', 'ampenv_release_time': '3.20849013', 'ampenv_attack_slope': '0.7297297716', 'ampenv_decay_slope': '1', 'ampenv_release_slope': '1', 'ampenv_sustain': '0.5011875033', 'ampenv_loopmode': '0', 'env2_attack_time': '0.2792549133', 'env2_decay_time': '8.47572899', 'env2_release_time': '0.5999999642', 'env2_attack_slope': '0', 'env2_decay_slope': '0', 'env2_release_slope': '0', 'env2_sustain': '0.5405405164', 'env2_initial_value': '0', 'env2_peak_value': '1', 'env2_final_value': '0', 'env2_loopmode': '0', 'env3_attack_time': '1.8933177', 'env3_decay_time': '3.89045787', 'env3_release_time': '3.53715515', 'env3_attack_slope': '0.6000000238', 'env3_decay_slope': '0.6923077106', 'env3_release_slope': '0.5', 'env3_sustain': '0.8125', 'env3_initial_value': '1', 'env3_peak_value': '0.4594594538', 'env3_final_value': '0', 'env3_loopmode': '0', 'lfo1_retrigger': 'true', 'lfo1_shape_type': '1', 'lfo1_amount': '1', 'lfo1_shaping': '0', 'lfo1_phase': '270', 'lfo1_sync': '0', 'lfo1_rate': '0.5', 'lfo1_synced_rate': '15', 'lfo1_attack': '0', 'lfo2_retrigger': 'true', 'lfo2_shape_type': '0', 'lfo2_amount': '1', 'lfo2_shaping': '0', 'lfo2_phase': '0', 'lfo2_sync': '0', 'lfo2_rate': '6.04295874', 'lfo2_synced_rate': '15', 'lfo2_attack': '0', 'mod_time_scale': '0', 'mod_amount': '1', 'unison_mode': '2', 'unison_voices': '3', 'unison_amount': '0.1640625', 'global_transpose': '0', 'glide': '0.200000003', 'filter_routing': '0', 'vol': '0.6857910156', 'polyphony': '1', 'poly_voices': '6', 'hq': 'false', 'mod_matrix': [['lfo1', 'osc1_wt_position', 0.5], ['lfo1', 'osc2_wt_position', -0.140625], ['env3', 'filter1_frequency', 1.0], ['note', 'filter1_frequency', 0.005006790161], ['env2', 'lfo2_amount', 0.390625], ['mod', 'lfo2_amount', 0.46875], ['env2', 'mod_amount', 0.515625], ['lfo2', 'ampmod', 0.28125], ['vel', 'ampmod', 0.5], ['pitchbend', 'pitchmod', 0.04666662216], ['note_pitchbend', 'pitchmod', 1.0]]}"
Lead,Micro Mini Lead,"Retro lead synth inspired by the classic minimoog synthesizer. Built from a combination of a triangle wave with some pulse width modulation and a minimoog filter wave, the sound should be narrow, bright, tight, versatile, controlled and have a minimoog style vintage flavor. The envelopes should be tastefully crafted to evoke an analog tone, with LFO modulation applied to the filter and oscillator 1 to some subtle dynamics and instability to the classic analog sound. ","{'wt1': 'Basic Shapes', 'wt2': 'Minifilter', 'osc1_on': 'true', 'osc1_pitch_transpose': '0', 'osc1_pitch_detune': '0', 'osc1_wt_position': '0.2184873968', 'osc1_effect_mode': '2', 'osc1_effect1': '0.484375', 'osc1_effect2': '0', 'osc1_pan': '0', 'osc1_gain': '0.7142857313', 'osc2_on': 'true', 'osc2_pitch_transpose': '0', 'osc2_pitch_detune': '-0.0234375', 'osc2_wt_position': '0.7647058964', 'osc2_effect_mode': '2', 'osc2_effect1': '-0.3125', 'osc2_effect2': '0.0546875', 'osc2_pan': '-0.046875', 'osc2_gain': '0.7647058964', 'sub_on': 'true', 'sub_tone': '0.84375', 'sub_gain': '0.3203125', 'sub_octave': '0', 'filter1_on': 'true', 'filter1_type': '0', 'filter1_circuit_lphp': '0', 'filter1_circuit_bpnomo': '0', 'filter1_slope': '0', 'filter1_frequency': '390.065552', 'filter1_resonance': '0.555555582', 'filter1_drive': '6.375', 'filter1_morph': '0', 'filter2_on': 'true', 'filter2_type': '0', 'filter2_circuit_lphp': '0', 'filter2_circuit_bpnomo': '0', 'filter2_slope': '0', 'filter2_frequency': '3721.65723', 'filter2_resonance': '0.4761904776', 'filter2_drive': '3.375', 'filter2_morph': '0', 'ampenv_attack_time': '0.0007450580597', 'ampenv_decay_time': '6.56027508', 'ampenv_release_time': '0.03060164861', 'ampenv_attack_slope': '0', 'ampenv_decay_slope': '0.4761904478', 'ampenv_release_slope': '0.4375', 'ampenv_sustain': '0.9084472656', 'ampenv_loopmode': '0', 'env2_attack_time': '0.002127960324', 'env2_decay_time': '17.0536041', 'env2_release_time': '0.2562014461', 'env2_attack_slope': '0', 'env2_decay_slope': '1', 'env2_release_slope': '0.5', 'env2_sustain': '0.7578125', 'env2_initial_value': '0.1796875', 'env2_peak_value': '0.8515625', 'env2_final_value': '0', 'env2_loopmode': '0', 'env3_attack_time': '0.02910383046', 'env3_decay_time': '3.84613323', 'env3_release_time': '0.5999999642', 'env3_attack_slope': '-0.171875', 'env3_decay_slope': '-0.34375', 'env3_release_slope': '0.5', 'env3_sustain': '0.53125', 'env3_initial_value': '0.4765625', 'env3_peak_value': '0.992307663', 'env3_final_value': '0', 'env3_loopmode': '0', 'lfo1_retrigger': 'true', 'lfo1_shape_type': '0', 'lfo1_amount': '0.1953125', 'lfo1_shaping': '0.4375', 'lfo1_phase': '0', 'lfo1_sync': '1', 'lfo1_rate': '0.2076878995', 'lfo1_synced_rate': '11', 'lfo1_attack': '0.333596468', 'lfo2_retrigger': 'true', 'lfo2_shape_type': '0', 'lfo2_amount': '0.0625', 'lfo2_shaping': '0.375', 'lfo2_phase': '0', 'lfo2_sync': '0', 'lfo2_rate': '0.3239212036', 'lfo2_synced_rate': '15', 'lfo2_attack': '0.078125', 'mod_time_scale': '-0.078125', 'mod_amount': '1', 'unison_mode': '5', 'unison_voices': '4', 'unison_amount': '0.46875', 'global_transpose': '0', 'glide': '0.05269654095', 'filter_routing': '0', 'vol': '0.87890625', 'polyphony': '0', 'poly_voices': '4', 'hq': 'false', 'mod_matrix': [['lfo2', 'osc1_wt_position', 1.0], ['vel', 'osc1_wt_position', 0.03125], ['mod', 'osc1_wt_position', 0.03125], ['slide', 'osc1_wt_position', 0.03099999949], ['env2', 'osc1_effect1', 0.125], ['env3', 'osc1_effect1', -0.234375], ['lfo1', 'osc1_effect1', 0.09375], ['lfo2', 'osc1_effect1', -0.390625], ['vel', 'osc1_effect1', 0.28125], ['env2', 'osc1_effect2', 0.1875], ['env3', 'osc1_effect2', 0.28125], ['lfo1', 'osc1_effect2', -0.0625], ['vel', 'osc1_effect2', 0.484375], ['env2', 'filter1_frequency', 0.109375], ['env3', 'filter1_frequency', 0.2987499237], ['lfo1', 'filter1_frequency', -0.0625], ['lfo2', 'filter1_frequency', -0.4375], ['vel', 'filter1_frequency', 0.109375], ['press', 'filter1_frequency', 0.5], ['mod', 'filter1_frequency', 0.21875], ['slide', 'filter1_frequency', 0.2199999988], ['env2', 'filter2_frequency', 0.140625], ['env3', 'filter2_frequency', -0.01999998093], ['vel', 'filter2_frequency', -0.009999990463], ['env2', 'env2_attack_time', -0.203125], ['env3', 'env2_attack_time', -0.328125], ['vel', 'env2_attack_time', 0.515625], ['mod', 'lfo1_amount', 0.84375], ['mod', 'lfo1_ratemod', 0.484375], ['slide', 'lfo1_ratemod', 0.4799999893], ['mod', 'lfo2_amount', 1.0], ['mod', 'lfo2_ratemod', 0.390625], ['slide', 'lfo2_ratemod', 0.3899999857], ['env2', 'unison_amount', -0.4375], ['env3', 'unison_amount', 0.578125], ['lfo1', 'unison_amount', 0.078125], ['lfo2', 'unison_amount', 0.265625], ['vel', 'unison_amount', 0.171875], ['mod', 'unison_amount', 0.125], ['vel', 'ampmod', 0.171875], ['pitchbend', 'pitchmod', 0.04200005531], ['note_pitchbend', 'pitchmod', 1.0]]}"
Lead,Arr Matey Lead,"Lead synth with a talky wah wah sound, built from a resonant voice-like wavetable controlled with a plucky envelope. The other wavetable should be noisy and pitched up to add a metallic, shimmering texture to the high end, and the sub oscillator should provide some solid foundation for the sound. The overall synth is playful, multi-dimensional, and light-hearted, bringing a lively and whimsical chatter to the track.","{'wt1': 'Resonant 2', 'wt2': 'Bitter', 'osc1_on': 'true', 'osc1_pitch_transpose': '0', 'osc1_pitch_detune': '-0.0390625', 'osc1_wt_position': '0.1264367849', 'osc1_effect_mode': '0', 'osc1_effect1': '0', 'osc1_effect2': '0', 'osc1_pan': '0', 'osc1_gain': '0.6781609058', 'osc2_on': 'true', 'osc2_pitch_transpose': '15', 'osc2_pitch_detune': '0', 'osc2_wt_position': '0.6551724076', 'osc2_effect_mode': '0', 'osc2_effect1': '0', 'osc2_effect2': '0', 'osc2_pan': '0', 'osc2_gain': '1', 'sub_on': 'true', 'sub_tone': '0.2619047761', 'sub_gain': '0.7734375', 'sub_octave': '0', 'filter1_on': 'true', 'filter1_type': '0', 'filter1_circuit_lphp': '3', 'filter1_circuit_bpnomo': '1', 'filter1_slope': '0', 'filter1_frequency': '4767.88086', 'filter1_resonance': '0.2380952388', 'filter1_drive': '8.4375', 'filter1_morph': '0.0078125', 'filter2_on': 'true', 'filter2_type': '0', 'filter2_circuit_lphp': '0', 'filter2_circuit_bpnomo': '0', 'filter2_slope': '0', 'filter2_frequency': '13935.1055', 'filter2_resonance': '0.5397727489', 'filter2_drive': '0', 'filter2_morph': '0', 'ampenv_attack_time': '0.001000000164', 'ampenv_decay_time': '0.5999999642', 'ampenv_release_time': '0.5999999642', 'ampenv_attack_slope': '0', 'ampenv_decay_slope': '0.5', 'ampenv_release_slope': '0.5', 'ampenv_sustain': '0.5011875629', 'ampenv_loopmode': '0', 'env2_attack_time': '0.1396358758', 'env2_decay_time': '3.89045787', 'env2_release_time': '0.5999999642', 'env2_attack_slope': '0.03896105289', 'env2_decay_slope': '0.9104477167', 'env2_release_slope': '0.5', 'env2_sustain': '0.140625', 'env2_initial_value': '0', 'env2_peak_value': '1', 'env2_final_value': '0', 'env2_loopmode': '0', 'env3_attack_time': '0.001000000164', 'env3_decay_time': '0.5999999642', 'env3_release_time': '0.5999999642', 'env3_attack_slope': '0', 'env3_decay_slope': '0.5', 'env3_release_slope': '0.5', 'env3_sustain': '0.5', 'env3_initial_value': '0', 'env3_peak_value': '1', 'env3_final_value': '0', 'env3_loopmode': '0', 'lfo1_retrigger': 'true', 'lfo1_shape_type': '1', 'lfo1_amount': '1', 'lfo1_shaping': '0', 'lfo1_phase': '0', 'lfo1_sync': '0', 'lfo1_rate': '0.01490501873', 'lfo1_synced_rate': '15', 'lfo1_attack': '0', 'lfo2_retrigger': 'true', 'lfo2_shape_type': '4', 'lfo2_amount': '1', 'lfo2_shaping': '0', 'lfo2_phase': '0', 'lfo2_sync': '0', 'lfo2_rate': '9.10582161', 'lfo2_synced_rate': '15', 'lfo2_attack': '0', 'mod_time_scale': '0', 'mod_amount': '1', 'unison_mode': '5', 'unison_voices': '8', 'unison_amount': '0.109375', 'global_transpose': '-12', 'glide': '0', 'filter_routing': '2', 'vol': '0.3162259459', 'polyphony': '0', 'poly_voices': '6', 'hq': 'false', 'mod_matrix': [['env2', 'osc1_wt_position', 1.0], ['lfo1', 'osc1_wt_position', 0.046875], ['note', 'osc2_pitchmod', 1.0], ['amp', 'osc2_wt_position', -0.84375], ['lfo1', 'osc2_wt_position', 0.5], ['amp', 'filter2_frequency', 1.0], ['lfo2', 'lfo1_ratemod', 0.03125], ['vel', 'ampmod', 0.5], ['pitchbend', 'pitchmod', 0.04666662216], ['note_pitchbend', 'pitchmod', 1.0]]}"
Lead,Anger Management,"Aggressive bit crush lead synth with intense pulsating modulation to the wavetable position and high pass filter frequency to give a rhythmic quality. The sound should be harsh with a lot of distorted harmonics from a complex wavetable and fm synthesis. The synth should be angry, visceral, powerful, suitable for the adrenaline fueled intensity of high energy industrial or experimental electronic music.","{'wt1': 'Bit Ring', 'wt2': 'FM Harmonics', 'osc1_on': 'true', 'osc1_pitch_transpose': '0', 'osc1_pitch_detune': '0', 'osc1_wt_position': '0', 'osc1_effect_mode': '0', 'osc1_effect1': '0', 'osc1_effect2': '0', 'osc1_pan': '-0.328125', 'osc1_gain': '0.8151260614', 'osc2_on': 'true', 'osc2_pitch_transpose': '0', 'osc2_pitch_detune': '0', 'osc2_wt_position': '0.6436781883', 'osc2_effect_mode': '1', 'osc2_effect1': '0.109375', 'osc2_effect2': '0', 'osc2_pan': '0.203125', 'osc2_gain': '0.7647058964', 'sub_on': 'true', 'sub_tone': '0.6796875', 'sub_gain': '0.6640625', 'sub_octave': '1', 'filter1_on': 'true', 'filter1_type': '0', 'filter1_circuit_lphp': '4', 'filter1_circuit_bpnomo': '0', 'filter1_slope': '1', 'filter1_frequency': '605.746033', 'filter1_resonance': '0.4417322576', 'filter1_drive': '15.75', 'filter1_morph': '0', 'filter2_on': 'true', 'filter2_type': '1', 'filter2_circuit_lphp': '4', 'filter2_circuit_bpnomo': '0', 'filter2_slope': '1', 'filter2_frequency': '67.0851212', 'filter2_resonance': '0.7670454979', 'filter2_drive': '8.625', 'filter2_morph': '0', 'ampenv_attack_time': '0.0003950617975', 'ampenv_decay_time': '0.5999999642', 'ampenv_release_time': '0.156843096', 'ampenv_attack_slope': '0.71875', 'ampenv_decay_slope': '0.5', 'ampenv_release_slope': '0.5', 'ampenv_sustain': '0.6729125977', 'ampenv_loopmode': '0', 'env2_attack_time': '0.4656612873', 'env2_decay_time': '20', 'env2_release_time': '0.5462170243', 'env2_attack_slope': '0.7024793625', 'env2_decay_slope': '0', 'env2_release_slope': '0.5', 'env2_sustain': '0.4296875', 'env2_initial_value': '0', 'env2_peak_value': '0.8769230843', 'env2_final_value': '0', 'env2_loopmode': '0', 'env3_attack_time': '0.2547205091', 'env3_decay_time': '7.66029549', 'env3_release_time': '0.2333220392', 'env3_attack_slope': '0.3692307472', 'env3_decay_slope': '0.5', 'env3_release_slope': '0.5', 'env3_sustain': '0.4453125', 'env3_initial_value': '0', 'env3_peak_value': '0.8692307472', 'env3_final_value': '0', 'env3_loopmode': '0', 'lfo1_retrigger': 'true', 'lfo1_shape_type': '2', 'lfo1_amount': '0.640625', 'lfo1_shaping': '0.796875', 'lfo1_phase': '149.0625', 'lfo1_sync': '1', 'lfo1_rate': '17.5285397', 'lfo1_synced_rate': '11', 'lfo1_attack': '0', 'lfo2_retrigger': 'true', 'lfo2_shape_type': '0', 'lfo2_amount': '1', 'lfo2_shaping': '1', 'lfo2_phase': '42.1875', 'lfo2_sync': '1', 'lfo2_rate': '1.73247743', 'lfo2_synced_rate': '7', 'lfo2_attack': '0', 'mod_time_scale': '-0.5', 'mod_amount': '1.15625', 'unison_mode': '1', 'unison_voices': '2', 'unison_amount': '0.0703125', 'global_transpose': '0', 'glide': '0.04579544067', 'filter_routing': '0', 'vol': '0.1348266602', 'polyphony': '0', 'poly_voices': '6', 'hq': 'false', 'mod_matrix': [['env2', 'osc1_wt_position', 0.703125], ['lfo1', 'osc1_wt_position', 0.484375], ['lfo2', 'osc1_wt_position', 0.390625], ['vel', 'osc1_wt_position', -0.5625], ['amp', 'osc2_wt_position', 0.453125], ['env2', 'osc2_wt_position', 0.734375], ['env3', 'osc2_wt_position', 0.09375], ['vel', 'osc2_wt_position', -0.265625], ['mod', 'osc2_wt_position', 0.171875], ['slide', 'osc2_wt_position', 0.1700000018], ['amp', 'filter1_frequency', 0.28125], ['env3', 'filter1_frequency', 0.578125], ['vel', 'filter1_frequency', -0.03125], ['pitchbend', 'filter1_frequency', -0.1875], ['mod', 'filter1_frequency', -0.34375], ['slide', 'filter1_frequency', -0.3400000036], ['amp', 'filter2_frequency', -0.390625], ['env2', 'filter2_frequency', 0.515625], ['lfo1', 'filter2_frequency', 0.453125], ['vel', 'filter2_frequency', 0.265625], ['pitchbend', 'filter2_frequency', 0.0625], ['mod', 'filter2_frequency', -0.265625], ['slide', 'filter2_frequency', -0.2700000107], ['vel', 'env2_attack_time', 0.5625], ['mod', 'lfo1_amount', 1.0], ['mod', 'lfo2_amount', 1.0], ['lfo1', 'unison_amount', 0.5], ['lfo2', 'unison_amount', 0.203125], ['mod', 'unison_amount', -0.125], ['amp', 'ampmod', 0.25], ['env3', 'ampmod', 0.125], ['vel', 'ampmod', 0.5], ['pitchbend', 'pitchmod', 0.2400000095], ['press', 'pitchmod', 0.046875], ['note_pitchbend', 'pitchmod', 1.0]]}"
Lead,Helium Inhale,"Big lead synth with a thick, gritty, complex, and dynamic sound. Unique and interesting timbre, built from complex wavetables with unconventional envelope patterns. The LFO modulation should create a jittery sound as the frequency of a high pass filter rapidly oscillates. The envelope controlled modulation should create a smoother movement, rolling off the highs and evolving the wavetable positions over time. The initial sound should be heavy, distorted, aggressive, warm, and wide, making this an interesting synth for a wide variety of intense and heavy hitting electronic genres.","{'wt1': 'Transformations', 'wt2': 'Beating 1', 'osc1_on': 'true', 'osc1_pitch_transpose': '-24', 'osc1_pitch_detune': '0', 'osc1_wt_position': '0.1596638709', 'osc1_effect_mode': '1', 'osc1_effect1': '0', 'osc1_effect2': '0.7578125', 'osc1_pan': '-0.40625', 'osc1_gain': '0.8151260614', 'osc2_on': 'true', 'osc2_pitch_transpose': '-24', 'osc2_pitch_detune': '0', 'osc2_wt_position': '0.2352941185', 'osc2_effect_mode': '1', 'osc2_effect1': '0', 'osc2_effect2': '0.2109375', 'osc2_pan': '0.328125', 'osc2_gain': '0.8151260614', 'sub_on': 'true', 'sub_tone': '0.6796875', 'sub_gain': '0.8203125', 'sub_octave': '1', 'filter1_on': 'true', 'filter1_type': '0', 'filter1_circuit_lphp': '4', 'filter1_circuit_bpnomo': '0', 'filter1_slope': '0', 'filter1_frequency': '5778.27246', 'filter1_resonance': '0.5357142687', 'filter1_drive': '14.0625', 'filter1_morph': '0', 'filter2_on': 'true', 'filter2_type': '1', 'filter2_circuit_lphp': '4', 'filter2_circuit_bpnomo': '0', 'filter2_slope': '0', 'filter2_frequency': '640.006958', 'filter2_resonance': '0.7341270447', 'filter2_drive': '18', 'filter2_morph': '0', 'ampenv_attack_time': '0.06034970284', 'ampenv_decay_time': '20', 'ampenv_release_time': '0.05419259146', 'ampenv_attack_slope': '0.71875', 'ampenv_decay_slope': '-0.46875', 'ampenv_release_slope': '0.5', 'ampenv_sustain': '0.8355102539', 'ampenv_loopmode': '0', 'env2_attack_time': '1.7888844', 'env2_decay_time': '2.16235757', 'env2_release_time': '0.5462170243', 'env2_attack_slope': '-0.25', 'env2_decay_slope': '0.453125', 'env2_release_slope': '0.5', 'env2_sustain': '0.875', 'env2_initial_value': '0.109375', 'env2_peak_value': '0.59375', 'env2_final_value': '0', 'env2_loopmode': '0', 'env3_attack_time': '0.1907348633', 'env3_decay_time': '7.66029549', 'env3_release_time': '0.2333220392', 'env3_attack_slope': '0.3692307472', 'env3_decay_slope': '0.5', 'env3_release_slope': '0.5', 'env3_sustain': '0.65625', 'env3_initial_value': '0.625', 'env3_peak_value': '0.8692307472', 'env3_final_value': '0', 'env3_loopmode': '0', 'lfo1_retrigger': 'true', 'lfo1_shape_type': '3', 'lfo1_amount': '0.28125', 'lfo1_shaping': '-0.046875', 'lfo1_phase': '2.8125', 'lfo1_sync': '1', 'lfo1_rate': '17.5285397', 'lfo1_synced_rate': '11', 'lfo1_attack': '0', 'lfo2_retrigger': 'true', 'lfo2_shape_type': '3', 'lfo2_amount': '0.765625', 'lfo2_shaping': '0.1875', 'lfo2_phase': '42.1875', 'lfo2_sync': '1', 'lfo2_rate': '1.73247743', 'lfo2_synced_rate': '7', 'lfo2_attack': '0', 'mod_time_scale': '-0.5', 'mod_amount': '1.234375', 'unison_mode': '1', 'unison_voices': '3', 'unison_amount': '0.109375', 'global_transpose': '12', 'glide': '0.03404736519', 'filter_routing': '0', 'vol': '0.06423057616', 'polyphony': '0', 'poly_voices': '6', 'hq': 'false', 'mod_matrix': [['amp', 'osc1_wt_position', 0.6875], ['env2', 'osc1_wt_position', 0.484375], ['lfo1', 'osc1_wt_position', 0.484375], ['lfo2', 'osc1_wt_position', 0.390625], ['vel', 'osc1_wt_position', -0.609375], ['amp', 'osc2_wt_position', 0.484375], ['env2', 'osc2_wt_position', 0.53125], ['env3', 'osc2_wt_position', -0.234375], ['vel', 'osc2_wt_position', -0.625], ['mod', 'osc2_wt_position', 0.171875], ['slide', 'osc2_wt_position', 0.1700000018], ['amp', 'filter1_frequency', -0.265625], ['env3', 'filter1_frequency', 0.578125], ['vel', 'filter1_frequency', -0.375], ['pitchbend', 'filter1_frequency', 0.046875], ['mod', 'filter1_frequency', -0.078125], ['slide', 'filter1_frequency', -0.07800000161], ['amp', 'filter2_frequency', -0.40625], ['env2', 'filter2_frequency', 0.515625], ['lfo1', 'filter2_frequency', 0.453125], ['vel', 'filter2_frequency', -0.1875], ['pitchbend', 'filter2_frequency', 0.0625], ['mod', 'filter2_frequency', -0.0625], ['slide', 'filter2_frequency', -0.06199999899], ['mod', 'lfo1_amount', 1.0], ['env3', 'lfo2_amount', 0.21875], ['lfo1', 'lfo2_amount', 0.1875], ['mod', 'lfo2_amount', 1.0], ['amp', 'unison_amount', 0.078125], ['env2', 'unison_amount', 0.125], ['lfo1', 'unison_amount', 0.5], ['lfo2', 'unison_amount', 0.203125], ['mod', 'unison_amount', -0.125], ['amp', 'ampmod', 0.25], ['env3', 'ampmod', 0.125], ['vel', 'ampmod', 0.5], ['pitchbend', 'pitchmod', 0.2200000286], ['press', 'pitchmod', 0.046875], ['note_pitchbend', 'pitchmod', 1.0]]}"
Malles,A Brief History of Chime,"An airy, ethereal chime sound with a metallic character, like would be found in new age music, a lullaby, or a Four Tet song. The sound has a quick attack, moderately fast decay, medium sustain, and medium release. The sound is harmonically rich the movement is emphasized with modulation of a filter with high resonance. The sound moves towards a very high-pitched harmonic as it evolves, ending with a bright and shrill timbre that is almost offensive.","{'wt1': 'Spectral 3', 'wt2': 'Gremlin', 'osc1_on': 'true', 'osc1_pitch_transpose': '0', 'osc1_pitch_detune': '0', 'osc1_wt_position': '0.6554622054', 'osc1_effect_mode': '1', 'osc1_effect1': '0.953125', 'osc1_effect2': '0', 'osc1_pan': '0', 'osc1_gain': '1', 'osc2_on': 'false', 'osc2_pitch_transpose': '0', 'osc2_pitch_detune': '0', 'osc2_wt_position': '0.420168072', 'osc2_effect_mode': '0', 'osc2_effect1': '0', 'osc2_effect2': '0', 'osc2_pan': '0', 'osc2_gain': '0.7563025355', 'sub_on': 'false', 'sub_tone': '0', 'sub_gain': '0.5011875033', 'sub_octave': '1', 'filter1_on': 'true', 'filter1_type': '0', 'filter1_circuit_lphp': '4', 'filter1_circuit_bpnomo': '0', 'filter1_slope': '0', 'filter1_frequency': '5427.39746', 'filter1_resonance': '0.7670454979', 'filter1_drive': '0', 'filter1_morph': '0', 'filter2_on': 'true', 'filter2_type': '0', 'filter2_circuit_lphp': '2', 'filter2_circuit_bpnomo': '0', 'filter2_slope': '0', 'filter2_frequency': '1746.93921', 'filter2_resonance': '0.113636367', 'filter2_drive': '0', 'filter2_morph': '0', 'ampenv_attack_time': '0.004065282177', 'ampenv_decay_time': '0.1945080608', 'ampenv_release_time': '0.365037322', 'ampenv_attack_slope': '0', 'ampenv_decay_slope': '0.5', 'ampenv_release_slope': '0.5', 'ampenv_sustain': '0.4376331568', 'ampenv_loopmode': '0', 'env2_attack_time': '0.8431446552', 'env2_decay_time': '3.36981702', 'env2_release_time': '0.5999999642', 'env2_attack_slope': '0', 'env2_decay_slope': '0.5', 'env2_release_slope': '0.5', 'env2_sustain': '0.6692307591', 'env2_initial_value': '0', 'env2_peak_value': '1', 'env2_final_value': '0', 'env2_loopmode': '0', 'env3_attack_time': '6.45893526', 'env3_decay_time': '3.1672709', 'env3_release_time': '4.59553337', 'env3_attack_slope': '0', 'env3_decay_slope': '0.5', 'env3_release_slope': '0.5', 'env3_sustain': '0', 'env3_initial_value': '0', 'env3_peak_value': '1', 'env3_final_value': '0', 'env3_loopmode': '2', 'lfo1_retrigger': 'true', 'lfo1_shape_type': '1', 'lfo1_amount': '0.8828125', 'lfo1_shaping': '0', 'lfo1_phase': '0', 'lfo1_sync': '0', 'lfo1_rate': '1.40193844', 'lfo1_synced_rate': '15', 'lfo1_attack': '0', 'lfo2_retrigger': 'true', 'lfo2_shape_type': '0', 'lfo2_amount': '1', 'lfo2_shaping': '0', 'lfo2_phase': '309.375', 'lfo2_sync': '0', 'lfo2_rate': '0.3961093426', 'lfo2_synced_rate': '15', 'lfo2_attack': '0', 'mod_time_scale': '0.46875', 'mod_amount': '0.34375', 'unison_mode': '5', 'unison_voices': '2', 'unison_amount': '0.4453125', 'global_transpose': '-12', 'glide': '0', 'filter_routing': '0', 'vol': '0.5742797852', 'polyphony': '1', 'poly_voices': '3', 'hq': 'false', 'mod_matrix': [['env3', 'osc1_wt_position', 0.234375], ['lfo2', 'osc1_wt_position', 0.453125], ['vel', 'osc1_wt_position', 0.4375], ['env2', 'osc1_effect2', 1.0], ['lfo1', 'osc1_effect2', 1.0], ['lfo1', 'osc2_wt_position', -0.0625], ['lfo2', 'osc2_wt_position', 0.34375], ['lfo1', 'osc2_gain', 0.59375], ['env2', 'filter1_frequency', 1.0], ['note', 'filter1_frequency', 0.03906488419], ['env2', 'filter2_frequency', 0.15625], ['env3', 'filter2_frequency', 1.0], ['lfo1', 'filter2_frequency', 0.1875], ['env3', 'lfo1_shaping', 0.5625], ['lfo2', 'lfo1_ratemod', 0.0625], ['vel', 'lfo1_ratemod', -0.21875], ['lfo1', 'lfo2_amount', 0.28125], ['vel', 'lfo2_amount', 0.1875], ['vel', 'unison_amount', 1.0], ['vel', 'ampmod', 0.5], ['note', 'ampmod', -0.578125], ['lfo1', 'pitchmod', 0.001999974251], ['lfo2', 'pitchmod', -0.001699984074], ['pitchbend', 'pitchmod', 0.04666662216], ['note_pitchbend', 'pitchmod', 1.0]]}"
Mallets,Ambient Element,"Ambient mallet sound with a strong plucky character combined with plenty of harmonics and a dreamy, atmospheric timbre from the wavetable selection. The decay and release should be extended to create a sense of depth and add extra ambience. The sound should excel at playing a lead melody or adding some atmospheric ear candy.","{'wt1': 'Organ', 'wt2': 'Squarrely', 'osc1_on': 'true', 'osc1_pitch_transpose': '0', 'osc1_pitch_detune': '0', 'osc1_wt_position': '0', 'osc1_effect_mode': '0', 'osc1_effect1': '0', 'osc1_effect2': '0', 'osc1_pan': '0', 'osc1_gain': '1', 'osc2_on': 'true', 'osc2_pitch_transpose': '0', 'osc2_pitch_detune': '0', 'osc2_wt_position': '0', 'osc2_effect_mode': '0', 'osc2_effect1': '0', 'osc2_effect2': '0', 'osc2_pan': '0', 'osc2_gain': '1', 'sub_on': 'true', 'sub_tone': '0', 'sub_gain': '0.5011875033', 'sub_octave': '1', 'filter1_on': 'true', 'filter1_type': '0', 'filter1_circuit_lphp': '0', 'filter1_circuit_bpnomo': '0', 'filter1_slope': '0', 'filter1_frequency': '3522.71997', 'filter1_resonance': '0', 'filter1_drive': '0', 'filter1_morph': '0', 'filter2_on': 'false', 'filter2_type': '0', 'filter2_circuit_lphp': '0', 'filter2_circuit_bpnomo': '0', 'filter2_slope': '0', 'filter2_frequency': '20000.1035', 'filter2_resonance': '0', 'filter2_drive': '0', 'filter2_morph': '0', 'ampenv_attack_time': '0.001000000164', 'ampenv_decay_time': '6.70402288', 'ampenv_release_time': '2.35873342', 'ampenv_attack_slope': '0', 'ampenv_decay_slope': '0.5', 'ampenv_release_slope': '0.5', 'ampenv_sustain': '0', 'ampenv_loopmode': '0', 'env2_attack_time': '0.001000000164', 'env2_decay_time': '4.1263957', 'env2_release_time': '4.1263957', 'env2_attack_slope': '0', 'env2_decay_slope': '0.5', 'env2_release_slope': '0.5', 'env2_sustain': '0', 'env2_initial_value': '0', 'env2_peak_value': '1', 'env2_final_value': '0', 'env2_loopmode': '0', 'env3_attack_time': '0', 'env3_decay_time': '0.006382446736', 'env3_release_time': '0.5999999642', 'env3_attack_slope': '0', 'env3_decay_slope': '0.5', 'env3_release_slope': '0.5', 'env3_sustain': '0', 'env3_initial_value': '0', 'env3_peak_value': '1', 'env3_final_value': '0', 'env3_loopmode': '0', 'lfo1_retrigger': 'true', 'lfo1_shape_type': '0', 'lfo1_amount': '1', 'lfo1_shaping': '0', 'lfo1_phase': '0', 'lfo1_sync': '0', 'lfo1_rate': '0.9999998808', 'lfo1_synced_rate': '15', 'lfo1_attack': '0', 'lfo2_retrigger': 'true', 'lfo2_shape_type': '0', 'lfo2_amount': '1', 'lfo2_shaping': '0', 'lfo2_phase': '0', 'lfo2_sync': '0', 'lfo2_rate': '0.9999998808', 'lfo2_synced_rate': '15', 'lfo2_attack': '0', 'mod_time_scale': '0', 'mod_amount': '1', 'unison_mode': '3', 'unison_voices': '3', 'unison_amount': '0.3000000119', 'global_transpose': '0', 'glide': '0', 'filter_routing': '0', 'vol': '0.1883637607', 'polyphony': '1', 'poly_voices': '6', 'hq': 'false', 'mod_matrix': [['env2', 'osc1_wt_position', 0.484375], ['press', 'osc1_wt_position', 0.2000000477], ['vel', 'filter1_frequency', 0.1000000238], ['mod', 'filter1_frequency', 0.2999999523], ['slide', 'filter1_frequency', 0.3000000119], ['vel', 'ampmod', 0.5], ['env3', 'pitchmod', 1.0], ['pitchbend', 'pitchmod', 0.04200005531], ['note_pitchbend', 'pitchmod', 1.0]]}"
Lead,12 CC's and Counting,"I want a gritty, dirty saw with a ton of modulation. The sound should be powerful, aggressive, and evolving. It should sound deep, distorted, be detuned, and sound very large, commanding a lot of space in the mix. The sound should have a fast attack, moderate decay, high sustain, and moderate release, and the modulation should feature a variety of envelopes and LFO shapes modulating the two filters and wavetables. ","{'wt1': 'JN6 Double Saws', 'wt2': 'Logue Saw', 'osc1_on': 'true', 'osc1_pitch_transpose': '0', 'osc1_pitch_detune': '-0.0234375', 'osc1_wt_position': '0.6134454012', 'osc1_effect_mode': '3', 'osc1_effect1': '0', 'osc1_effect2': '0.171875', 'osc1_pan': '-0.453125', 'osc1_gain': '0.8151260614', 'osc2_on': 'true', 'osc2_pitch_transpose': '7', 'osc2_pitch_detune': '0.0546875', 'osc2_wt_position': '0.1764705926', 'osc2_effect_mode': '2', 'osc2_effect1': '-0.09375', 'osc2_effect2': '0.078125', 'osc2_pan': '0.203125', 'osc2_gain': '0.5546218753', 'sub_on': 'true', 'sub_tone': '0.8359375', 'sub_gain': '0.3203125', 'sub_octave': '1', 'filter1_on': 'true', 'filter1_type': '0', 'filter1_circuit_lphp': '0', 'filter1_circuit_bpnomo': '0', 'filter1_slope': '0', 'filter1_frequency': '21.1311302', 'filter1_resonance': '0.4067460299', 'filter1_drive': '1.6875', 'filter1_morph': '0', 'filter2_on': 'true', 'filter2_type': '1', 'filter2_circuit_lphp': '1', 'filter2_circuit_bpnomo': '0', 'filter2_slope': '0', 'filter2_frequency': '40.8900719', 'filter2_resonance': '0.446428597', 'filter2_drive': '4.875', 'filter2_morph': '0', 'ampenv_attack_time': '0.00970967114', 'ampenv_decay_time': '10.5178146', 'ampenv_release_time': '0.1738518625', 'ampenv_attack_slope': '0.28125', 'ampenv_decay_slope': '-0.5', 'ampenv_release_slope': '0.953125', 'ampenv_sustain': '0.9384765625', 'ampenv_loopmode': '0', 'env2_attack_time': '5.57342148', 'env2_decay_time': '19.3823318', 'env2_release_time': '1.33137548', 'env2_attack_slope': '-0.28125', 'env2_decay_slope': '0.59375', 'env2_release_slope': '-0.21875', 'env2_sustain': '1', 'env2_initial_value': '0.8515625', 'env2_peak_value': '1', 'env2_final_value': '0', 'env2_loopmode': '0', 'env3_attack_time': '0.2105356008', 'env3_decay_time': '1.59441721', 'env3_release_time': '0.3969781697', 'env3_attack_slope': '-0.125', 'env3_decay_slope': '0.703125', 'env3_release_slope': '0.5', 'env3_sustain': '0.8671875', 'env3_initial_value': '0.640625', 'env3_peak_value': '0.09375', 'env3_final_value': '0.6328125', 'env3_loopmode': '0', 'lfo1_retrigger': 'true', 'lfo1_shape_type': '2', 'lfo1_amount': '0.2421875', 'lfo1_shaping': '-0.796875', 'lfo1_phase': '137.8125', 'lfo1_sync': '1', 'lfo1_rate': '0.06857421994', 'lfo1_synced_rate': '15', 'lfo1_attack': '0', 'lfo2_retrigger': 'true', 'lfo2_shape_type': '0', 'lfo2_amount': '0.234375', 'lfo2_shaping': '-0.78125', 'lfo2_phase': '171.5625', 'lfo2_sync': '1', 'lfo2_rate': '0.04141785949', 'lfo2_synced_rate': '10', 'lfo2_attack': '0.02471923828', 'mod_time_scale': '0', 'mod_amount': '1.015625', 'unison_mode': '2', 'unison_voices': '4', 'unison_amount': '0.234375', 'global_transpose': '-12', 'glide': '0', 'filter_routing': '2', 'vol': '0.2124633789', 'polyphony': '1', 'poly_voices': '4', 'hq': 'false', 'mod_matrix': [['amp', 'osc1_wt_position', -0.03125], ['env2', 'osc1_wt_position', -0.359375], ['env3', 'osc1_wt_position', 0.140625], ['lfo1', 'osc1_wt_position', -0.25], ['vel', 'osc1_wt_position', 0.046875], ['mod', 'osc1_wt_position', -0.734375], ['slide', 'osc1_wt_position', -0.7300000191], ['amp', 'osc1_effect2', -0.03125], ['env2', 'osc1_effect2', -0.359375], ['env3', 'osc1_effect2', 0.234375], ['lfo1', 'osc1_effect2', -0.25], ['lfo2', 'osc1_effect2', 0.15625], ['vel', 'osc1_effect2', 0.03125], ['mod', 'osc1_effect2', 0.234375], ['env2', 'osc1_pan', 0.078125], ['lfo1', 'osc1_pan', 0.15625], ['vel', 'osc1_pan', -0.46875], ['amp', 'osc2_wt_position', 0.21875], ['env2', 'osc2_wt_position', -0.203125], ['env3', 'osc2_wt_position', 0.171875], ['lfo1', 'osc2_wt_position', 0.25], ['lfo2', 'osc2_wt_position', 0.3125], ['mod', 'osc2_wt_position', -0.296875], ['slide', 'osc2_wt_position', -0.3000000119], ['amp', 'osc2_effect2', -0.296875], ['env2', 'osc2_effect2', 0.28125], ['env3', 'osc2_effect2', -0.203125], ['lfo1', 'osc2_effect2', -0.171875], ['lfo2', 'osc2_effect2', -0.078125], ['mod', 'osc2_effect2', 0.34375], ['env2', 'osc2_pan', -0.109375], ['lfo2', 'osc2_pan', -0.140625], ['vel', 'osc2_pan', 0.296875], ['amp', 'sub_tone', 0.03125], ['env2', 'sub_tone', 0.109375], ['lfo1', 'sub_tone', 0.171875], ['lfo2', 'sub_tone', 0.125], ['mod', 'sub_tone', 0.4375], ['env2', 'sub_gain', 0.375], ['env3', 'sub_gain', 0.140625], ['lfo1', 'sub_gain', 0.140625], ['lfo2', 'sub_gain', -0.046875], ['mod', 'sub_gain', 0.15625], ['amp', 'filter1_frequency', -0.015625], ['env2', 'filter1_frequency', 0.375], ['env3', 'filter1_frequency', 0.109375], ['lfo1', 'filter1_frequency', 0.46875], ['lfo2', 'filter1_frequency', 0.046875], ['vel', 'filter1_frequency', 0.015625], ['mod', 'filter1_frequency', -0.078125], ['slide', 'filter1_frequency', -0.07800000161], ['amp', 'filter2_frequency', 0.5625], ['env2', 'filter2_frequency', 0.109375], ['env3', 'filter2_frequency', -0.3125], ['lfo1', 'filter2_frequency', -0.046875], ['lfo2', 'filter2_frequency', -0.328125], ['vel', 'filter2_frequency', -0.03125], ['mod', 'filter2_frequency', -0.203125], ['slide', 'filter2_frequency', -0.200000003], ['env2', 'lfo2_shaping', -0.03125], ['env3', 'lfo2_shaping', 0.015625], ['vel', 'lfo2_shaping', 0.140625], ['env2', 'ampmod', 0.109375], ['lfo2', 'ampmod', 0.15625], ['vel', 'ampmod', 0.203125], ['env2', 'pitchmod', 0.004687547684], ['env3', 'pitchmod', 0.001562476158], ['pitchbend', 'pitchmod', 0.04666662216], ['note_pitchbend', 'pitchmod', 1.0]]}"
Ambient & Evolving,Embellish The Dead Zone,"A bright, highly dynamic, and harmonically rich sound with heavy modulation. The sound should embody the theme of synergistic nature and technology. The core sound should be similar to electric keys, or even chimes in the upper register, but with added noise and movement, and should morph in a complex and evolving way. The decay and release should be high, so that the sound lingers and has space to evolve. The sound can be used to fill up the highs in a track with a shimmering, ethereal tone. It should function well to play a quick melody in the upper-midrange.","{'wt1': 'Bitten Filter', 'wt2': 'Bitten Filter', 'osc1_on': 'true', 'osc1_pitch_transpose': '0', 'osc1_pitch_detune': '-0.0234375', 'osc1_wt_position': '0.5126050711', 'osc1_effect_mode': '1', 'osc1_effect1': '0', 'osc1_effect2': '0.1328125', 'osc1_pan': '-0.78125', 'osc1_gain': '0.8235294223', 'osc2_on': 'true', 'osc2_pitch_transpose': '0', 'osc2_pitch_detune': '0.02968752384', 'osc2_wt_position': '0.5882353187', 'osc2_effect_mode': '1', 'osc2_effect1': '-0.015625', 'osc2_effect2': '0.0234375', 'osc2_pan': '0.53125', 'osc2_gain': '0.8067227006', 'sub_on': 'true', 'sub_tone': '0.734375', 'sub_gain': '0.4609375', 'sub_octave': '0', 'filter1_on': 'true', 'filter1_type': '1', 'filter1_circuit_lphp': '0', 'filter1_circuit_bpnomo': '0', 'filter1_slope': '1', 'filter1_frequency': '50.9547882', 'filter1_resonance': '0.9623015523', 'filter1_drive': '8.625', 'filter1_morph': '0', 'filter2_on': 'true', 'filter2_type': '0', 'filter2_circuit_lphp': '0', 'filter2_circuit_bpnomo': '0', 'filter2_slope': '1', 'filter2_frequency': '83.5992889', 'filter2_resonance': '0.9126984477', 'filter2_drive': '12.5625', 'filter2_morph': '0', 'ampenv_attack_time': '0.001090839505', 'ampenv_decay_time': '15.9127045', 'ampenv_release_time': '1.25140631', 'ampenv_attack_slope': '-0.1875', 'ampenv_decay_slope': '-0.65625', 'ampenv_release_slope': '0.15625', 'ampenv_sustain': '0.3433227539', 'ampenv_loopmode': '0', 'env2_attack_time': '9.05622673', 'env2_decay_time': '4.1263957', 'env2_release_time': '2.48567629', 'env2_attack_slope': '-0.828125', 'env2_decay_slope': '0.2631578445', 'env2_release_slope': '-0.828125', 'env2_sustain': '0.1640625', 'env2_initial_value': '0.7421875', 'env2_peak_value': '1', 'env2_final_value': '0', 'env2_loopmode': '1', 'env3_attack_time': '20', 'env3_decay_time': '20', 'env3_release_time': '0.001500000013', 'env3_attack_slope': '0.703125', 'env3_decay_slope': '0.2727272511', 'env3_release_slope': '0', 'env3_sustain': '0.6875', 'env3_initial_value': '0', 'env3_peak_value': '1', 'env3_final_value': '0', 'env3_loopmode': '1', 'lfo1_retrigger': 'true', 'lfo1_shape_type': '0', 'lfo1_amount': '0.5859375', 'lfo1_shaping': '0', 'lfo1_phase': '0', 'lfo1_sync': '1', 'lfo1_rate': '20.0000019', 'lfo1_synced_rate': '8', 'lfo1_attack': '0.00009655952454', 'lfo2_retrigger': 'true', 'lfo2_shape_type': '0', 'lfo2_amount': '0.421875', 'lfo2_shaping': '0.125', 'lfo2_phase': '5.625', 'lfo2_sync': '1', 'lfo2_rate': '0.4186832905', 'lfo2_synced_rate': '6', 'lfo2_attack': '0.04579544067', 'mod_time_scale': '0.078125', 'mod_amount': '2', 'unison_mode': '3', 'unison_voices': '2', 'unison_amount': '0.3515625', 'global_transpose': '0', 'glide': '0', 'filter_routing': '1', 'vol': '0.2511885762', 'polyphony': '1', 'poly_voices': '6', 'hq': 'false', 'mod_matrix': [['amp', 'osc1_wt_position', -0.203125], ['env2', 'osc1_wt_position', 0.09375], ['lfo1', 'osc1_wt_position', 0.046875], ['vel', 'osc1_wt_position', 0.328125], ['mod', 'osc1_wt_position', 0.5], ['slide', 'osc1_wt_position', 0.5], ['amp', 'osc1_effect2', -0.390625], ['env2', 'osc1_effect2', 0.25], ['lfo1', 'osc1_effect2', -0.546875], ['lfo2', 'osc1_effect2', 0.46875], ['vel', 'osc1_effect2', 0.375], ['env3', 'osc1_pan', 0.125], ['lfo1', 'osc1_pan', 0.140625], ['lfo2', 'osc1_pan', -0.53125], ['amp', 'osc2_wt_position', 0.125], ['env2', 'osc2_wt_position', -0.296875], ['env3', 'osc2_wt_position', 0.203125], ['lfo1', 'osc2_wt_position', -0.015625], ['lfo2', 'osc2_wt_position', -0.004000008106], ['vel', 'osc2_wt_position', 0.40625], ['mod', 'osc2_wt_position', 0.453125], ['slide', 'osc2_wt_position', 0.4499999881], ['env2', 'osc2_pan', 0.078125], ['lfo1', 'osc2_pan', 0.09375], ['lfo2', 'osc2_pan', -0.1875], ['amp', 'filter1_frequency', 0.0625], ['env2', 'filter1_frequency', 1.0], ['env3', 'filter1_frequency', 0.015625], ['vel', 'filter1_frequency', 0.34375], ['note', 'filter1_frequency', 0.009536743164], ['press', 'filter1_frequency', 0.203125], ['mod', 'filter1_frequency', 0.828125], ['slide', 'filter1_frequency', 0.8299999833], ['env2', 'filter1_resonance', -0.625], ['env3', 'filter1_resonance', 0.0625], ['vel', 'filter1_resonance', 0.421875], ['env2', 'filter2_frequency', 0.109375], ['env3', 'filter2_frequency', 0.671875], ['vel', 'filter2_frequency', 0.46875], ['press', 'filter2_frequency', 0.3125], ['mod', 'filter2_frequency', 0.453125], ['slide', 'filter2_frequency', 0.4499999881], ['env2', 'ampenv_release_time', 0.03125], ['env3', 'ampenv_release_time', 0.015625], ['lfo1', 'ampenv_release_time', 0.046875], ['lfo2', 'ampenv_release_time', 0.109375], ['mod', 'ampenv_release_time', 0.203125], ['slide', 'ampenv_release_time', 0.200000003], ['amp', 'env2_decay_time', 0.140625], ['mod', 'env2_decay_time', 0.296875], ['slide', 'env2_decay_time', 0.3000000119], ['amp', 'env2_release_time', 0.203125], ['mod', 'env2_release_time', 0.328125], ['slide', 'env2_release_time', 0.3300000131], ['env2', 'env2_peak_value', 0.03125], ['env3', 'env2_peak_value', 0.171875], ['mod', 'env2_peak_value', 0.375], ['lfo1', 'unison_amount', 0.390625], ['lfo2', 'unison_amount', 0.109375], ['vel', 'unison_amount', 0.140625], ['pitchbend', 'pitchmod', 0.08000004292], ['note_pitchbend', 'pitchmod', 1.0]]}"
Ambient & Evolving,Venus Doppler,"A dark and spacey drone sound backed by a subtle, controlled sub bass. I want it to evoke the sensation that you are floating through space, orbiting around a celestial body. The peaceful noise of solar winds whisper in your ears, while the pulsating sound of your oscillation around the moon gives an audible focal point to base your experience on. The sound should be meditative and empty, like the void. Some heavy LFOs should give a sense of movement through time and provide the pulsating feeling.","{'wt1': 'Swept Noise', 'wt2': 'Pink Noise', 'osc1_on': 'true', 'osc1_pitch_transpose': '0', 'osc1_pitch_detune': '-0.046875', 'osc1_wt_position': '0.3781512678', 'osc1_effect_mode': '3', 'osc1_effect1': '-0.28125', 'osc1_effect2': '0.203125', 'osc1_pan': '-0.859375', 'osc1_gain': '1', 'osc2_on': 'true', 'osc2_pitch_transpose': '0', 'osc2_pitch_detune': '0.015625', 'osc2_wt_position': '0.9243697524', 'osc2_effect_mode': '3', 'osc2_effect1': '-0.890625', 'osc2_effect2': '0.96875', 'osc2_pan': '0', 'osc2_gain': '0.6890756488', 'sub_on': 'true', 'sub_tone': '0.125', 'sub_gain': '0.203125', 'sub_octave': '2', 'filter1_on': 'true', 'filter1_type': '0', 'filter1_circuit_lphp': '2', 'filter1_circuit_bpnomo': '0', 'filter1_slope': '0', 'filter1_frequency': '1630.55322', 'filter1_resonance': '0.4365079403', 'filter1_drive': '9.5625', 'filter1_morph': '0', 'filter2_on': 'true', 'filter2_type': '0', 'filter2_circuit_lphp': '2', 'filter2_circuit_bpnomo': '0', 'filter2_slope': '0', 'filter2_frequency': '1050.03918', 'filter2_resonance': '0.5753968358', 'filter2_drive': '4.875', 'filter2_morph': '0', 'ampenv_attack_time': '0.7864833474', 'ampenv_decay_time': '1.25140631', 'ampenv_release_time': '1.69020557', 'ampenv_attack_slope': '0', 'ampenv_decay_slope': '0.5', 'ampenv_release_slope': '0.5', 'ampenv_sustain': '0.4306640625', 'ampenv_loopmode': '0', 'env2_attack_time': '2.35741019', 'env2_decay_time': '10.9090776', 'env2_release_time': '0.365037322', 'env2_attack_slope': '0', 'env2_decay_slope': '-0.59375', 'env2_release_slope': '0.5', 'env2_sustain': '0.3828125', 'env2_initial_value': '0', 'env2_peak_value': '0.984375', 'env2_final_value': '0', 'env2_loopmode': '0', 'env3_attack_time': '0.001000000164', 'env3_decay_time': '20', 'env3_release_time': '0.5999999642', 'env3_attack_slope': '0', 'env3_decay_slope': '0.5', 'env3_release_slope': '0.5', 'env3_sustain': '0.65625', 'env3_initial_value': '0', 'env3_peak_value': '1', 'env3_final_value': '0', 'env3_loopmode': '0', 'lfo1_retrigger': 'true', 'lfo1_shape_type': '0', 'lfo1_amount': '1', 'lfo1_shaping': '0', 'lfo1_phase': '0', 'lfo1_sync': '0', 'lfo1_rate': '0.9999998808', 'lfo1_synced_rate': '15', 'lfo1_attack': '0', 'lfo2_retrigger': 'true', 'lfo2_shape_type': '0', 'lfo2_amount': '1', 'lfo2_shaping': '0', 'lfo2_phase': '0', 'lfo2_sync': '0', 'lfo2_rate': '0.9999998808', 'lfo2_synced_rate': '15', 'lfo2_attack': '0', 'mod_time_scale': '0.015625', 'mod_amount': '0.9375', 'unison_mode': '3', 'unison_voices': '2', 'unison_amount': '0.1875', 'global_transpose': '0', 'glide': '0', 'filter_routing': '0', 'vol': '0.2578735352', 'polyphony': '1', 'poly_voices': '6', 'hq': 'false', 'mod_matrix': [['amp', 'osc1_wt_position', -0.0625], ['env2', 'osc1_wt_position', 1.0], ['lfo1', 'osc1_wt_position', -0.140625], ['lfo2', 'osc1_wt_position', 0.546875], ['vel', 'osc1_wt_position', 0.296875], ['press', 'osc1_wt_position', 0.2000000477], ['amp', 'osc1_pan', 0.125], ['env2', 'osc1_pan', -0.53125], ['env3', 'osc1_pan', -0.71875], ['vel', 'osc1_pan', -0.6875], ['amp', 'osc2_wt_position', 0.046875], ['env2', 'osc2_wt_position', -1.0], ['vel', 'osc2_wt_position', 0.046875], ['amp', 'osc2_effect1', -0.328125], ['env2', 'osc2_effect1', 0.125], ['lfo1', 'osc2_effect1', 0.078125], ['lfo2', 'osc2_effect1', 0.25], ['vel', 'osc2_effect1', 0.001562476158], ['amp', 'osc2_pan', 0.5], ['env2', 'osc2_pan', -0.203125], ['lfo1', 'osc2_pan', 0.21875], ['lfo2', 'osc2_pan', 0.484375], ['vel', 'osc2_pan', 0.46875], ['mod', 'osc2_pan', -0.359375], ['slide', 'osc2_pan', -0.3600000143], ['amp', 'filter1_frequency', 0.0625], ['env2', 'filter1_frequency', 0.484375], ['env3', 'filter1_frequency', -0.140625], ['lfo1', 'filter1_frequency', 0.25], ['lfo2', 'filter1_frequency', -0.375], ['vel', 'filter1_frequency', 0.234375], ['press', 'filter1_frequency', 0.5], ['mod', 'filter1_frequency', 0.421875], ['slide', 'filter1_frequency', 0.4199999869], ['vel', 'filter2_frequency', -0.140625], ['press', 'filter2_frequency', 0.09375], ['mod', 'filter2_frequency', 0.078125], ['slide', 'filter2_frequency', 0.07800000161], ['mod', 'filter2_drive', 0.46875], ['vel', 'ampmod', 0.5], ['pitchbend', 'pitchmod', 0.04200005531], ['note_pitchbend', 'pitchmod', 1.0]]}"
Ambient & Evolving,Flux Capacitor,"A sound evocative of retro science fiction, like a modernist space exploration story filled with outdated electronics. The sound should have a prominent filter sweep from low to high, and continuously warp to create a sense of movement and unease. The sound should be fairly rich harmonically, and have a slow attack and release, creating depth and space. This sound could be used in a sci-fi game or movie, or a synth wave track. The filter sweep makes it feel a bit playful and adventurous, and the core harmonic content combined with the modulation makes it feel slightly mysterious.","{'wt1': 'Olive', 'wt2': 'Sweep 1', 'osc1_on': 'true', 'osc1_pitch_transpose': '0', 'osc1_pitch_detune': '0', 'osc1_wt_position': '0.4609053433', 'osc1_effect_mode': '0', 'osc1_effect1': '0', 'osc1_effect2': '0', 'osc1_pan': '0', 'osc1_gain': '0.6050420403', 'osc2_on': 'true', 'osc2_pitch_transpose': '12', 'osc2_pitch_detune': '0', 'osc2_wt_position': '0.6337448359', 'osc2_effect_mode': '3', 'osc2_effect1': '0.265625', 'osc2_effect2': '0.09375', 'osc2_pan': '0', 'osc2_gain': '1', 'sub_on': 'true', 'sub_tone': '0', 'sub_gain': '0.5859375', 'sub_octave': '1', 'filter1_on': 'true', 'filter1_type': '0', 'filter1_circuit_lphp': '3', 'filter1_circuit_bpnomo': '0', 'filter1_slope': '0', 'filter1_frequency': '39.4856186', 'filter1_resonance': '0.7670454979', 'filter1_drive': '8.4375', 'filter1_morph': '0', 'filter2_on': 'true', 'filter2_type': '1', 'filter2_circuit_lphp': '3', 'filter2_circuit_bpnomo': '0', 'filter2_slope': '0', 'filter2_frequency': '714.403748', 'filter2_resonance': '0.87890625', 'filter2_drive': '3', 'filter2_morph': '0', 'ampenv_attack_time': '0.9223781824', 'ampenv_decay_time': '3.2356143', 'ampenv_release_time': '2.55141926', 'ampenv_attack_slope': '0', 'ampenv_decay_slope': '0.5', 'ampenv_release_slope': '0.3283581734', 'ampenv_sustain': '0.2722117007', 'ampenv_loopmode': '0', 'env2_attack_time': '0', 'env2_decay_time': '0.4653119147', 'env2_release_time': '4.04905558', 'env2_attack_slope': '0', 'env2_decay_slope': '0.5', 'env2_release_slope': '0.5357142687', 'env2_sustain': '0.5119047761', 'env2_initial_value': '0', 'env2_peak_value': '0', 'env2_final_value': '1', 'env2_loopmode': '0', 'env3_attack_time': '1.51233613', 'env3_decay_time': '5.00707531', 'env3_release_time': '0.001500000013', 'env3_attack_slope': '-0.5748792291', 'env3_decay_slope': '0.4705882072', 'env3_release_slope': '0.5', 'env3_sustain': '0', 'env3_initial_value': '0', 'env3_peak_value': '1', 'env3_final_value': '0', 'env3_loopmode': '2', 'lfo1_retrigger': 'true', 'lfo1_shape_type': '0', 'lfo1_amount': '0.2734375', 'lfo1_shaping': '-0.6875', 'lfo1_phase': '0', 'lfo1_sync': '0', 'lfo1_rate': '1.77525496', 'lfo1_synced_rate': '15', 'lfo1_attack': '0', 'lfo2_retrigger': 'true', 'lfo2_shape_type': '4', 'lfo2_amount': '0.515625', 'lfo2_shaping': '0', 'lfo2_phase': '0', 'lfo2_sync': '0', 'lfo2_rate': '1.51094282', 'lfo2_synced_rate': '15', 'lfo2_attack': '0', 'mod_time_scale': '0', 'mod_amount': '1', 'unison_mode': '2', 'unison_voices': '2', 'unison_amount': '1', 'global_transpose': '0', 'glide': '0', 'filter_routing': '1', 'vol': '0.2511885762', 'polyphony': '1', 'poly_voices': '6', 'hq': 'false', 'mod_matrix': [['amp', 'osc1_wt_position', 1.0], ['press', 'osc1_wt_position', -0.515625], ['env2', 'osc1_gain', -1.0], ['lfo1', 'osc2_effect1', 1.0], ['env2', 'osc2_gain', 1.0], ['amp', 'filter1_frequency', 0.421875], ['env3', 'filter1_frequency', 1.0], ['note', 'filter2_frequency', 0.01001358032], ['env2', 'env3_peak_value', -0.671875], ['vel', 'env3_peak_value', 1.0], ['env2', 'unison_amount', 0.921875], ['vel', 'ampmod', 0.5], ['pitchbend', 'pitchmod', 0.04666662216], ['note_pitchbend', 'pitchmod', 1.0]]}"
Ambient & Evolving,Descenting Dreams,"A dreamlike and ethereal synth with a lot of presence in the upper register. The sound should be gentle, calm, and controlled, with a slow attack, full sustain, and long release. The top of the synth should be light and airy, with some slight added presence in the low end from a sub oscillator with a subtle buzz. The synth should have some evolution and movement across all oscillators, evoking a feeling of traversing into an otherworldly realm.","{'wt1': 'Marimba', 'wt2': 'Beauty Vox', 'osc1_on': 'true', 'osc1_pitch_transpose': '0', 'osc1_pitch_detune': '0', 'osc1_wt_position': '0.4369747937', 'osc1_effect_mode': '3', 'osc1_effect1': '0', 'osc1_effect2': '0.421875', 'osc1_pan': '-0.34375', 'osc1_gain': '0.8991596699', 'osc2_on': 'true', 'osc2_pitch_transpose': '7', 'osc2_pitch_detune': '0.0703125', 'osc2_wt_position': '0.1764705926', 'osc2_effect_mode': '3', 'osc2_effect1': '0', 'osc2_effect2': '0', 'osc2_pan': '0.765625', 'osc2_gain': '0.731092453', 'sub_on': 'true', 'sub_tone': '0.625', 'sub_gain': '0.2265625', 'sub_octave': '1', 'filter1_on': 'true', 'filter1_type': '0', 'filter1_circuit_lphp': '0', 'filter1_circuit_bpnomo': '0', 'filter1_slope': '0', 'filter1_frequency': '4154.19971', 'filter1_resonance': '0', 'filter1_drive': '0', 'filter1_morph': '0', 'filter2_on': 'true', 'filter2_type': '1', 'filter2_circuit_lphp': '0', 'filter2_circuit_bpnomo': '0', 'filter2_slope': '0', 'filter2_frequency': '280.423279', 'filter2_resonance': '0', 'filter2_drive': '0', 'filter2_morph': '0', 'ampenv_attack_time': '0.9655952454', 'ampenv_decay_time': '0.5999999642', 'ampenv_release_time': '3.20849013', 'ampenv_attack_slope': '-0.461538434', 'ampenv_decay_slope': '0.5', 'ampenv_release_slope': '0.5', 'ampenv_sustain': '1', 'ampenv_loopmode': '0', 'env2_attack_time': '0.007821321487', 'env2_decay_time': '0.5999999642', 'env2_release_time': '4.88945961', 'env2_attack_slope': '0', 'env2_decay_slope': '0.5', 'env2_release_slope': '0.5', 'env2_sustain': '0.9921875', 'env2_initial_value': '0', 'env2_peak_value': '1', 'env2_final_value': '0', 'env2_loopmode': '0', 'env3_attack_time': '0.5878866315', 'env3_decay_time': '1.59441721', 'env3_release_time': '0.07961914688', 'env3_attack_slope': '-0.1692307591', 'env3_decay_slope': '-0.03076922894', 'env3_release_slope': '0.5', 'env3_sustain': '0.3125', 'env3_initial_value': '0', 'env3_peak_value': '1', 'env3_final_value': '0', 'env3_loopmode': '2', 'lfo1_retrigger': 'true', 'lfo1_shape_type': '0', 'lfo1_amount': '1', 'lfo1_shaping': '-0.546875', 'lfo1_phase': '0', 'lfo1_sync': '0', 'lfo1_rate': '0.06857421994', 'lfo1_synced_rate': '15', 'lfo1_attack': '0', 'lfo2_retrigger': 'true', 'lfo2_shape_type': '0', 'lfo2_amount': '1', 'lfo2_shaping': '-0.125', 'lfo2_phase': '0', 'lfo2_sync': '0', 'lfo2_rate': '0.02042494528', 'lfo2_synced_rate': '15', 'lfo2_attack': '0', 'mod_time_scale': '0', 'mod_amount': '1', 'unison_mode': '2', 'unison_voices': '3', 'unison_amount': '0.2265625', 'global_transpose': '0', 'glide': '0', 'filter_routing': '0', 'vol': '0.4943847656', 'polyphony': '1', 'poly_voices': '6', 'hq': 'false', 'mod_matrix': [['lfo1', 'osc1_wt_position', 0.46875], ['lfo2', 'osc1_effect2', 0.484375], ['lfo2', 'osc2_wt_position', 0.6875], ['lfo1', 'osc2_effect2', 0.5], ['env2', 'sub_tone', 0.671875], ['env2', 'sub_gain', 1.0], ['env3', 'sub_gain', 0.671875], ['press', 'filter1_frequency', 0.125], ['mod', 'filter1_frequency', -0.21875], ['slide', 'filter1_frequency', -0.2199999988], ['env2', 'filter2_frequency', 0.01406252384], ['env3', 'filter2_frequency', -0.01718747616], ['press', 'filter2_frequency', 0.07187497616], ['mod', 'filter2_frequency', -0.15625], ['slide', 'filter2_frequency', -0.1599999964], ['mod', 'lfo1_amount', 1.0], ['mod', 'lfo2_amount', 1.0], ['vel', 'ampmod', 0.5], ['pitchbend', 'pitchmod', 0.04666662216], ['note_pitchbend', 'pitchmod', 1.0]]}"
Ambient & Evolving,Van Der Graaf,"I want an unstable sound that becomes more chaotic over time, creating a sense of anxiety, like something big is impending. The sound should have a slight buzzing quality, and become more harmonically rich over time. LFOs should increase in intensity, warping the sound more and more over time to create the intense, impending sensation. The sound should feel fairly large, with a strong presence and moderately large attack and release.","{'wt1': 'Super Phased', 'wt2': 'Basic Shapes', 'osc1_on': 'true', 'osc1_pitch_transpose': '-12', 'osc1_pitch_detune': '0', 'osc1_wt_position': '0.9310345054', 'osc1_effect_mode': '0', 'osc1_effect1': '1', 'osc1_effect2': '0', 'osc1_pan': '0', 'osc1_gain': '0.6321839094', 'osc2_on': 'false', 'osc2_pitch_transpose': '0', 'osc2_pitch_detune': '0', 'osc2_wt_position': '0', 'osc2_effect_mode': '0', 'osc2_effect1': '0', 'osc2_effect2': '0', 'osc2_pan': '0', 'osc2_gain': '1', 'sub_on': 'true', 'sub_tone': '0', 'sub_gain': '0.390625', 'sub_octave': '2', 'filter1_on': 'true', 'filter1_type': '0', 'filter1_circuit_lphp': '4', 'filter1_circuit_bpnomo': '0', 'filter1_slope': '0', 'filter1_frequency': '170.91925', 'filter1_resonance': '0.3409090936', 'filter1_drive': '24', 'filter1_morph': '0', 'filter2_on': 'false', 'filter2_type': '0', 'filter2_circuit_lphp': '0', 'filter2_circuit_bpnomo': '0', 'filter2_slope': '0', 'filter2_frequency': '20000.1035', 'filter2_resonance': '0', 'filter2_drive': '0', 'filter2_morph': '0', 'ampenv_attack_time': '0.9028137326', 'ampenv_decay_time': '0.1317647099', 'ampenv_release_time': '0.309473604', 'ampenv_attack_slope': '0', 'ampenv_decay_slope': '0.5', 'ampenv_release_slope': '0.5', 'ampenv_sustain': '0.9731556177', 'ampenv_loopmode': '0', 'env2_attack_time': '3.36856961', 'env2_decay_time': '5.95428514', 'env2_release_time': '0.6264907718', 'env2_attack_slope': '0.01754391193', 'env2_decay_slope': '0.5', 'env2_release_slope': '0.5', 'env2_sustain': '0.7792207599', 'env2_initial_value': '0', 'env2_peak_value': '0.7402597666', 'env2_final_value': '0.07792207599', 'env2_loopmode': '0', 'env3_attack_time': '0.4456715584', 'env3_decay_time': '4.04236984', 'env3_release_time': '0.9438282251', 'env3_attack_slope': '0', 'env3_decay_slope': '0.5', 'env3_release_slope': '0.5', 'env3_sustain': '0.09090909362', 'env3_initial_value': '0', 'env3_peak_value': '1', 'env3_final_value': '0.2077922076', 'env3_loopmode': '0', 'lfo1_retrigger': 'true', 'lfo1_shape_type': '1', 'lfo1_amount': '1', 'lfo1_shaping': '0', 'lfo1_phase': '0', 'lfo1_sync': '0', 'lfo1_rate': '3.09887481', 'lfo1_synced_rate': '10', 'lfo1_attack': '1.68883216', 'lfo2_retrigger': 'true', 'lfo2_shape_type': '1', 'lfo2_amount': '1', 'lfo2_shaping': '0', 'lfo2_phase': '0', 'lfo2_sync': '1', 'lfo2_rate': '0.05826366693', 'lfo2_synced_rate': '19', 'lfo2_attack': '0', 'mod_time_scale': '0', 'mod_amount': '1', 'unison_mode': '1', 'unison_voices': '2', 'unison_amount': '0.1328125', 'global_transpose': '12', 'glide': '0.078125', 'filter_routing': '0', 'vol': '0.06646728516', 'polyphony': '1', 'poly_voices': '6', 'hq': 'false', 'mod_matrix': [['env2', 'osc1_wt_position', -0.671875], ['lfo2', 'osc1_wt_position', 0.234375], ['lfo1', 'sub_gain', 1.0], ['env2', 'filter1_frequency', 0.5625], ['env3', 'lfo2_amount', 1.0], ['mod', 'mod_amount', -1.0], ['vel', 'ampmod', 0.5], ['note_pitchbend', 'pitchmod', 1.0]]}"
Ambient & Evolving,Symphonialgorithmic,"Clean, tonal horn-like sound with interesting LFO modulation to create an evolving algorithmic effect on the wavetable position and gain. LFO 2 should inversely control the rate of LFO 1, such that when LFO 2 is low, LFO 1 modulates the oscillator position and gain quickly. When LFO 2 is high, LFO oscillates slowly, creating longer sustained notes or chords. Envelope 3 should also control the wavetable position, filter frequency, and LFO 1 rate, with a long attack, decay, and release to create a drawn out sound. The sound should have a distinct character of a horn section of a symphony, like announcing the arrival of royalty to the public square.","{'wt1': 'Nylon Bass', 'wt2': 'Squarrely', 'osc1_on': 'true', 'osc1_pitch_transpose': '0', 'osc1_pitch_detune': '-0.25', 'osc1_wt_position': '0.7471264601', 'osc1_effect_mode': '0', 'osc1_effect1': '1', 'osc1_effect2': '0', 'osc1_pan': '0.40625', 'osc1_gain': '1', 'osc2_on': 'false', 'osc2_pitch_transpose': '0', 'osc2_pitch_detune': '0', 'osc2_wt_position': '0.4252873659', 'osc2_effect_mode': '0', 'osc2_effect1': '0', 'osc2_effect2': '0', 'osc2_pan': '1', 'osc2_gain': '1', 'sub_on': 'false', 'sub_tone': '0', 'sub_gain': '0.5011875033', 'sub_octave': '1', 'filter1_on': 'true', 'filter1_type': '3', 'filter1_circuit_lphp': '0', 'filter1_circuit_bpnomo': '1', 'filter1_slope': '0', 'filter1_frequency': '116.303177', 'filter1_resonance': '0.9126984477', 'filter1_drive': '16.875', 'filter1_morph': '0', 'filter2_on': 'true', 'filter2_type': '0', 'filter2_circuit_lphp': '0', 'filter2_circuit_bpnomo': '1', 'filter2_slope': '0', 'filter2_frequency': '20479.998', 'filter2_resonance': '0.0852272734', 'filter2_drive': '5.25', 'filter2_morph': '0', 'ampenv_attack_time': '0.3955078125', 'ampenv_decay_time': '0.1317647099', 'ampenv_release_time': '2.4869895', 'ampenv_attack_slope': '0.6623376608', 'ampenv_decay_slope': '0.5', 'ampenv_release_slope': '0.5', 'ampenv_sustain': '0.9731556177', 'ampenv_loopmode': '0', 'env2_attack_time': '0.001000000164', 'env2_decay_time': '0.5999999642', 'env2_release_time': '0.5999999642', 'env2_attack_slope': '0', 'env2_decay_slope': '0.5', 'env2_release_slope': '0.5', 'env2_sustain': '0.5', 'env2_initial_value': '0', 'env2_peak_value': '1', 'env2_final_value': '0', 'env2_loopmode': '0', 'env3_attack_time': '3.27983046', 'env3_decay_time': '3.28108454', 'env3_release_time': '5.59632778', 'env3_attack_slope': '0', 'env3_decay_slope': '0.5', 'env3_release_slope': '0.5', 'env3_sustain': '0.0519480519', 'env3_initial_value': '0', 'env3_peak_value': '1', 'env3_final_value': '1', 'env3_loopmode': '0', 'lfo1_retrigger': 'true', 'lfo1_shape_type': '0', 'lfo1_amount': '0.3671875', 'lfo1_shaping': '0', 'lfo1_phase': '253.125', 'lfo1_sync': '0', 'lfo1_rate': '0.7343554497', 'lfo1_synced_rate': '13', 'lfo1_attack': '0', 'lfo2_retrigger': 'true', 'lfo2_shape_type': '0', 'lfo2_amount': '1', 'lfo2_shaping': '0', 'lfo2_phase': '0', 'lfo2_sync': '0', 'lfo2_rate': '0.9999998808', 'lfo2_synced_rate': '15', 'lfo2_attack': '0', 'mod_time_scale': '0.453125', 'mod_amount': '1.15625', 'unison_mode': '5', 'unison_voices': '4', 'unison_amount': '0.7578125', 'global_transpose': '0', 'glide': '0', 'filter_routing': '0', 'vol': '0.1465454102', 'polyphony': '1', 'poly_voices': '6', 'hq': 'false', 'mod_matrix': [['env3', 'osc1_wt_position', -0.921875], ['lfo1', 'osc1_wt_position', 1.0], ['lfo1', 'osc1_gain', 1.0], ['env3', 'filter1_frequency', 0.46875], ['lfo2', 'filter1_drive', 0.359375], ['env3', 'filter2_frequency', 0.984375], ['env3', 'lfo1_ratemod', 0.390625], ['lfo2', 'lfo1_ratemod', -0.265625], ['lfo2', 'unison_amount', 0.296875], ['vel', 'ampmod', 0.5], ['pitchbend', 'pitchmod', 0.04166662693], ['note_pitchbend', 'pitchmod', 1.0]]}"
Ambient & Evolving,Echoic Chamber,"A creative and dynamic sound to try to mimic the sound of an echoing	chamber. The sound should oscillate between tones that are similar but have different levels of harmonic character. The sound should have a lot of movement and evolution, like the echos of voices bouncing around a large dome. The decay and release are long, creating additional atmosphere. This complex sound would work well as a bit of ear candy to support a track with a more cohesive driving synth.","{'wt1': 'Basic Shapes', 'wt2': 'Echoes', 'osc1_on': 'false', 'osc1_pitch_transpose': '0', 'osc1_pitch_detune': '0', 'osc1_wt_position': '0.3333333433', 'osc1_effect_mode': '0', 'osc1_effect1': '0', 'osc1_effect2': '0', 'osc1_pan': '0.03125', 'osc1_gain': '0.3448275924', 'osc2_on': 'true', 'osc2_pitch_transpose': '0', 'osc2_pitch_detune': '0', 'osc2_wt_position': '0.1609195471', 'osc2_effect_mode': '0', 'osc2_effect1': '0', 'osc2_effect2': '0', 'osc2_pan': '0', 'osc2_gain': '0.9310345054', 'sub_on': 'false', 'sub_tone': '0.7460317612', 'sub_gain': '0', 'sub_octave': '1', 'filter1_on': 'true', 'filter1_type': '0', 'filter1_circuit_lphp': '3', 'filter1_circuit_bpnomo': '0', 'filter1_slope': '0', 'filter1_frequency': '20479.998', 'filter1_resonance': '0', 'filter1_drive': '10.5', 'filter1_morph': '0', 'filter2_on': 'false', 'filter2_type': '0', 'filter2_circuit_lphp': '0', 'filter2_circuit_bpnomo': '0', 'filter2_slope': '0', 'filter2_frequency': '20000.1035', 'filter2_resonance': '0', 'filter2_drive': '0', 'filter2_morph': '0', 'ampenv_attack_time': '0.0048828125', 'ampenv_decay_time': '0.5999999642', 'ampenv_release_time': '2.62040925', 'ampenv_attack_slope': '0', 'ampenv_decay_slope': '0.5', 'ampenv_release_slope': '0.5', 'ampenv_sustain': '0.5011875629', 'ampenv_loopmode': '0', 'env2_attack_time': '0', 'env2_decay_time': '0.6349795461', 'env2_release_time': '0.5999999642', 'env2_attack_slope': '0', 'env2_decay_slope': '0.5', 'env2_release_slope': '0.5', 'env2_sustain': '0', 'env2_initial_value': '0', 'env2_peak_value': '1', 'env2_final_value': '0', 'env2_loopmode': '2', 'env3_attack_time': '0', 'env3_decay_time': '8.47572899', 'env3_release_time': '0.5999999642', 'env3_attack_slope': '1', 'env3_decay_slope': '0.05405402184', 'env3_release_slope': '0.5', 'env3_sustain': '0', 'env3_initial_value': '0', 'env3_peak_value': '1', 'env3_final_value': '0', 'env3_loopmode': '0', 'lfo1_retrigger': 'true', 'lfo1_shape_type': '0', 'lfo1_amount': '1', 'lfo1_shaping': '0', 'lfo1_phase': '0', 'lfo1_sync': '0', 'lfo1_rate': '0.3239212036', 'lfo1_synced_rate': '15', 'lfo1_attack': '0', 'lfo2_retrigger': 'true', 'lfo2_shape_type': '0', 'lfo2_amount': '1', 'lfo2_shaping': '0', 'lfo2_phase': '0', 'lfo2_sync': '0', 'lfo2_rate': '0.9999998808', 'lfo2_synced_rate': '15', 'lfo2_attack': '0', 'mod_time_scale': '0', 'mod_amount': '1', 'unison_mode': '3', 'unison_voices': '6', 'unison_amount': '0.75', 'global_transpose': '0', 'glide': '0', 'filter_routing': '0', 'vol': '0.1258921474', 'polyphony': '1', 'poly_voices': '6', 'hq': 'false', 'mod_matrix': [['env3', 'osc1_wt_position', -0.25], ['lfo1', 'osc1_pan', 0.25], ['env3', 'osc2_wt_position', 0.421875], ['lfo1', 'osc2_wt_position', 0.546875], ['env3', 'unison_amount', -0.78125], ['vel', 'ampmod', 0.5], ['pitchbend', 'pitchmod', 0.04666662216], ['note_pitchbend', 'pitchmod', 1.0]]}"
Ambient & Evolving,Drifting Ambient Pad,"A deep, dark ambient pad with an atmospheric, and soothing quality. The sound is mystical and peaceful, like would be found in Japanese ambient music, or a zen temple in a video game like Zelda. The attack and release are very long, creating a gentle and natural sound. There is a minimal amount of harmonic character and modulation, further lending to the organic quality. This sound would work well as a subtle layer behind a soothing melody, or as a central element to an ambient, nature inspired track.","{'wt1': 'Basic Shapes', 'wt2': 'Basic Shapes', 'osc1_on': 'true', 'osc1_pitch_transpose': '0', 'osc1_pitch_detune': '0', 'osc1_wt_position': '0.2380952388', 'osc1_effect_mode': '0', 'osc1_effect1': '0', 'osc1_effect2': '0', 'osc1_pan': '0', 'osc1_gain': '1', 'osc2_on': 'true', 'osc2_pitch_transpose': '-7', 'osc2_pitch_detune': '0', 'osc2_wt_position': '0.2095238119', 'osc2_effect_mode': '0', 'osc2_effect1': '0', 'osc2_effect2': '0', 'osc2_pan': '0', 'osc2_gain': '1', 'sub_on': 'false', 'sub_tone': '0', 'sub_gain': '0', 'sub_octave': '1', 'filter1_on': 'true', 'filter1_type': '0', 'filter1_circuit_lphp': '0', 'filter1_circuit_bpnomo': '0', 'filter1_slope': '1', 'filter1_frequency': '10017.2666', 'filter1_resonance': '0.6051587462', 'filter1_drive': '0', 'filter1_morph': '0', 'filter2_on': 'true', 'filter2_type': '3', 'filter2_circuit_lphp': '0', 'filter2_circuit_bpnomo': '0', 'filter2_slope': '0', 'filter2_frequency': '640.00946', 'filter2_resonance': '0.5654761791', 'filter2_drive': '0', 'filter2_morph': '0', 'ampenv_attack_time': '4.61762476', 'ampenv_decay_time': '0.5999999642', 'ampenv_release_time': '2.90328956', 'ampenv_attack_slope': '0', 'ampenv_decay_slope': '0.5', 'ampenv_release_slope': '0.7407407761', 'ampenv_sustain': '0.5011875629', 'ampenv_loopmode': '0', 'env2_attack_time': '0', 'env2_decay_time': '0.5999999642', 'env2_release_time': '4.0767231', 'env2_attack_slope': '0', 'env2_decay_slope': '0.5', 'env2_release_slope': '0.8857142925', 'env2_sustain': '0.5', 'env2_initial_value': '0', 'env2_peak_value': '0.9740259647', 'env2_final_value': '0', 'env2_loopmode': '1', 'env3_attack_time': '0.001000000164', 'env3_decay_time': '0.5999999642', 'env3_release_time': '0.5999999642', 'env3_attack_slope': '0', 'env3_decay_slope': '0.5', 'env3_release_slope': '0.5', 'env3_sustain': '0.5', 'env3_initial_value': '0', 'env3_peak_value': '1', 'env3_final_value': '0', 'env3_loopmode': '0', 'lfo1_retrigger': 'true', 'lfo1_shape_type': '0', 'lfo1_amount': '1', 'lfo1_shaping': '0.421875', 'lfo1_phase': '0', 'lfo1_sync': '0', 'lfo1_rate': '0.02430033684', 'lfo1_synced_rate': '15', 'lfo1_attack': '0', 'lfo2_retrigger': 'true', 'lfo2_shape_type': '0', 'lfo2_amount': '0.234375', 'lfo2_shaping': '0.03125', 'lfo2_phase': '0', 'lfo2_sync': '0', 'lfo2_rate': '0.1839922369', 'lfo2_synced_rate': '15', 'lfo2_attack': '0', 'mod_time_scale': '0.28125', 'mod_amount': '1', 'unison_mode': '2', 'unison_voices': '3', 'unison_amount': '0.375', 'global_transpose': '0', 'glide': '0', 'filter_routing': '0', 'vol': '0.5623415709', 'polyphony': '1', 'poly_voices': '6', 'hq': 'false', 'mod_matrix': [['lfo2', 'osc2_pitchmod', 0.03125], ['env2', 'filter1_frequency', 0.265625], ['press', 'filter1_frequency', 0.5], ['lfo1', 'filter2_frequency', 1.0], ['press', 'filter2_frequency', 0.421875], ['press', 'filter2_resonance', 0.34375], ['press', 'env2_release_time', 0.03125], ['env3', 'unison_amount', 0.59375], ['vel', 'ampmod', 0.5], ['pitchbend', 'pitchmod', 0.04666662216], ['note_pitchbend', 'pitchmod', 1.0]]}"
Ambient & Evolving,Grungey Ambient Pad,"I want a gentle morphing pad with a deep, evolving, and immersive sound. It should should reminiscent of sci-fi soundscapes, or the deep sea. There should be prominent low end presence from a strong fundamental, but with harmonic content extended into the low mids and mids. The harmonic spectrum should fill up over time, letting more highs in with an expanding lp filter. The fundamental should be built off of a mix between a triangle and saw wave, and the sound should have a wide stereo image and a long attack, decay, and release, and moderate sustain. This sound would work well as an ambient foundation, building soundscapes, or building tension in cinematic contexts.
","{'wt1': 'Harmonics 1', 'wt2': 'Basic Shapes', 'osc1_on': 'true', 'osc1_pitch_transpose': '0', 'osc1_pitch_detune': '0', 'osc1_wt_position': '0.6115702391', 'osc1_effect_mode': '0', 'osc1_effect1': '0', 'osc1_effect2': '0', 'osc1_pan': '-0.53125', 'osc1_gain': '1', 'osc2_on': 'true', 'osc2_pitch_transpose': '-12', 'osc2_pitch_detune': '-0.0390625', 'osc2_wt_position': '0.5142857432', 'osc2_effect_mode': '0', 'osc2_effect1': '0', 'osc2_effect2': '0', 'osc2_pan': '0.421875', 'osc2_gain': '0.9495798349', 'sub_on': 'true', 'sub_tone': '0.0703125', 'sub_gain': '0.4609375', 'sub_octave': '1', 'filter1_on': 'true', 'filter1_type': '0', 'filter1_circuit_lphp': '2', 'filter1_circuit_bpnomo': '0', 'filter1_slope': '0', 'filter1_frequency': '890.342224', 'filter1_resonance': '0.4861111045', 'filter1_drive': '2.0625', 'filter1_morph': '0', 'filter2_on': 'false', 'filter2_type': '0', 'filter2_circuit_lphp': '0', 'filter2_circuit_bpnomo': '0', 'filter2_slope': '0', 'filter2_frequency': '20000.1035', 'filter2_resonance': '0', 'filter2_drive': '0', 'filter2_morph': '0', 'ampenv_attack_time': '10.1364326', 'ampenv_decay_time': '0.5999999642', 'ampenv_release_time': '0.7341721654', 'ampenv_attack_slope': '0.2134830952', 'ampenv_decay_slope': '0.5', 'ampenv_release_slope': '0.5', 'ampenv_sustain': '0.5011875629', 'ampenv_loopmode': '0', 'env2_attack_time': '8.00739956', 'env2_decay_time': '0.5999999642', 'env2_release_time': '2.1171751', 'env2_attack_slope': '0', 'env2_decay_slope': '0.5', 'env2_release_slope': '0.5', 'env2_sustain': '0.5', 'env2_initial_value': '0', 'env2_peak_value': '0.8181818128', 'env2_final_value': '0.1348314583', 'env2_loopmode': '0', 'env3_attack_time': '0.001000000164', 'env3_decay_time': '0.5999999642', 'env3_release_time': '0.5999999642', 'env3_attack_slope': '0', 'env3_decay_slope': '0.5', 'env3_release_slope': '0.5', 'env3_sustain': '0.5', 'env3_initial_value': '0', 'env3_peak_value': '1', 'env3_final_value': '0', 'env3_loopmode': '0', 'lfo1_retrigger': 'true', 'lfo1_shape_type': '0', 'lfo1_amount': '1', 'lfo1_shaping': '0', 'lfo1_phase': '0', 'lfo1_sync': '0', 'lfo1_rate': '0.04497884214', 'lfo1_synced_rate': '15', 'lfo1_attack': '0', 'lfo2_retrigger': 'true', 'lfo2_shape_type': '0', 'lfo2_amount': '0.3046875', 'lfo2_shaping': '0', 'lfo2_phase': '0', 'lfo2_sync': '0', 'lfo2_rate': '0.2255409062', 'lfo2_synced_rate': '15', 'lfo2_attack': '0', 'mod_time_scale': '0', 'mod_amount': '1', 'unison_mode': '4', 'unison_voices': '3', 'unison_amount': '0.2578125', 'global_transpose': '0', 'glide': '0', 'filter_routing': '0', 'vol': '0.3252563477', 'polyphony': '1', 'poly_voices': '6', 'hq': 'false', 'mod_matrix': [['lfo1', 'osc1_wt_position', 0.203125], ['lfo2', 'osc1_wt_position', -0.125], ['note', 'osc1_wt_position', 0.234375], ['lfo1', 'osc2_wt_position', 0.046875], ['env2', 'osc2_pan', 0.140625], ['vel', 'osc2_pan', 0.28125], ['env2', 'filter1_frequency', 0.234375], ['lfo2', 'filter1_frequency', -0.0625], ['press', 'filter1_frequency', 0.15625], ['vel', 'ampmod', 0.5], ['pitchbend', 'pitchmod', 0.04666662216], ['note_pitchbend', 'pitchmod', 1.0]]}"
Ambient & Evolving,Release Yourself,"I want a sound that pulsates back and forth from left to right channels. The amount of pan should be somewhat random, and the sound should be very chaotic and unpredictable. It should be heavily evolving and create a psychedelic experience. A sound reminiscent of the early stages of a trip on mushrooms or LSD where you are entering an altered state of consciousness. The core sound should be like a buzzing or noisy saw wave, very harmonically rich. There should be some sub to keep things grounded. The release should be extremely long and the sound should keep evolving during the release. It should work well in a psychedelic electronic track.","{'wt1': 'Amber', 'wt2': 'Nasal', 'osc1_on': 'true', 'osc1_pitch_transpose': '0', 'osc1_pitch_detune': '0', 'osc1_wt_position': '0.1092436984', 'osc1_effect_mode': '2', 'osc1_effect1': '0', 'osc1_effect2': '0', 'osc1_pan': '0.109375', 'osc1_gain': '1', 'osc2_on': 'false', 'osc2_pitch_transpose': '0', 'osc2_pitch_detune': '0.140625', 'osc2_wt_position': '0.2476190478', 'osc2_effect_mode': '0', 'osc2_effect1': '0', 'osc2_effect2': '0.8125', 'osc2_pan': '-1', 'osc2_gain': '1', 'sub_on': 'true', 'sub_tone': '0', 'sub_gain': '0.4682539701', 'sub_octave': '1', 'filter1_on': 'true', 'filter1_type': '0', 'filter1_circuit_lphp': '1', 'filter1_circuit_bpnomo': '0', 'filter1_slope': '0', 'filter1_frequency': '6110.43848', 'filter1_resonance': '0', 'filter1_drive': '9.75', 'filter1_morph': '0', 'filter2_on': 'true', 'filter2_type': '1', 'filter2_circuit_lphp': '2', 'filter2_circuit_bpnomo': '0', 'filter2_slope': '0', 'filter2_frequency': '126.894608', 'filter2_resonance': '0.7670454979', 'filter2_drive': '6.1875', 'filter2_morph': '0', 'ampenv_attack_time': '0.001000000164', 'ampenv_decay_time': '0.5999999642', 'ampenv_release_time': '4.67581081', 'ampenv_attack_slope': '0', 'ampenv_decay_slope': '0.5', 'ampenv_release_slope': '1', 'ampenv_sustain': '0.5011875629', 'ampenv_loopmode': '0', 'env2_attack_time': '0', 'env2_decay_time': '6.7214489', 'env2_release_time': '3.52168989', 'env2_attack_slope': '0', 'env2_decay_slope': '0.06849312782', 'env2_release_slope': '0.5', 'env2_sustain': '0.0519480519', 'env2_initial_value': '0', 'env2_peak_value': '1', 'env2_final_value': '0', 'env2_loopmode': '0', 'env3_attack_time': '0.001000000164', 'env3_decay_time': '1.36896682', 'env3_release_time': '4.32337093', 'env3_attack_slope': '0', 'env3_decay_slope': '0.5', 'env3_release_slope': '0.5', 'env3_sustain': '0.7792207599', 'env3_initial_value': '0', 'env3_peak_value': '1', 'env3_final_value': '0', 'env3_loopmode': '0', 'lfo1_retrigger': 'true', 'lfo1_shape_type': '0', 'lfo1_amount': '1', 'lfo1_shaping': '0.796875', 'lfo1_phase': '0', 'lfo1_sync': '0', 'lfo1_rate': '2.658324', 'lfo1_synced_rate': '15', 'lfo1_attack': '0', 'lfo2_retrigger': 'true', 'lfo2_shape_type': '0', 'lfo2_amount': '1', 'lfo2_shaping': '0.734375', 'lfo2_phase': '0', 'lfo2_sync': '0', 'lfo2_rate': '1.22816074', 'lfo2_synced_rate': '15', 'lfo2_attack': '0', 'mod_time_scale': '0.46875', 'mod_amount': '1.046875', 'unison_mode': '0', 'unison_voices': '2', 'unison_amount': '0.359375', 'global_transpose': '0', 'glide': '0', 'filter_routing': '0', 'vol': '0.1412538886', 'polyphony': '1', 'poly_voices': '2', 'hq': 'false', 'mod_matrix': [['env2', 'osc1_wt_position', 1.0], ['env2', 'osc1_effect1', 0.546875], ['env2', 'osc1_effect2', 1.0], ['lfo1', 'osc1_effect2', 0.3125], ['vel', 'osc1_effect2', 1.0], ['lfo1', 'osc1_pan', 0.609375], ['env3', 'osc2_effect2', 0.625], ['lfo2', 'osc2_effect2', 0.609375], ['env2', 'filter1_frequency', 0.359375], ['note', 'filter1_frequency', 0.01001358032], ['lfo1', 'filter2_frequency', 0.140625], ['lfo2', 'lfo1_amount', 0.4375], ['lfo1', 'lfo2_ratemod', -0.390625], ['mod', 'mod_time_sclae', 0.421875], ['slide', 'mod_time_sclae', 0.4199999869], ['env2', 'ampmod', -0.34375], ['vel', 'ampmod', 0.5], ['pitchbend', 'pitchmod', 0.04666662216], ['note_pitchbend', 'pitchmod', 1.0]]}"
Ambient & Evolving,Spacey Ambient Pad,"A spacey ambient pad that sounds very wide and deep, but with plenty of harmonic content. It should sound like it is growing towards something, building up towards a moment of revelation or bliss. The sound should grow more and more intense as time goes on, becoming almost overwhelming. The attack should be very long. It should sound vintage, like it could be made on a retro synthesizer. This sound could be used in an ambient drone track, or to create a bit of atmosphere and depth. The sound should have a subtle amount of movement and evolution as it continues to grow. When played in the lower register it should sound cinematic, like it could be used to add tension or convey a sense of scale in a movie.","{'wt1': 'MG Memo', 'wt2': 'Sub 1', 'osc1_on': 'true', 'osc1_pitch_transpose': '-12', 'osc1_pitch_detune': '-0.0234375', 'osc1_wt_position': '0.2952381074', 'osc1_effect_mode': '0', 'osc1_effect1': '0', 'osc1_effect2': '0', 'osc1_pan': '-0.453125', 'osc1_gain': '1', 'osc2_on': 'true', 'osc2_pitch_transpose': '-7', 'osc2_pitch_detune': '0', 'osc2_wt_position': '0.4375', 'osc2_effect_mode': '0', 'osc2_effect1': '0', 'osc2_effect2': '0', 'osc2_pan': '0.359375', 'osc2_gain': '1', 'sub_on': 'true', 'sub_tone': '0.6904761791', 'sub_gain': '0.140625', 'sub_octave': '0', 'filter1_on': 'true', 'filter1_type': '0', 'filter1_circuit_lphp': '0', 'filter1_circuit_bpnomo': '0', 'filter1_slope': '1', 'filter1_frequency': '20479.998', 'filter1_resonance': '0.6051587462', 'filter1_drive': '0', 'filter1_morph': '0', 'filter2_on': 'true', 'filter2_type': '3', 'filter2_circuit_lphp': '0', 'filter2_circuit_bpnomo': '0', 'filter2_slope': '0', 'filter2_frequency': '714.386719', 'filter2_resonance': '0.5654761791', 'filter2_drive': '0', 'filter2_morph': '0', 'ampenv_attack_time': '5.25365353', 'ampenv_decay_time': '0.5999999642', 'ampenv_release_time': '1.59441721', 'ampenv_attack_slope': '0', 'ampenv_decay_slope': '0.5', 'ampenv_release_slope': '0.7407407761', 'ampenv_sustain': '0.5011875629', 'ampenv_loopmode': '0', 'env2_attack_time': '0', 'env2_decay_time': '0.5999999642', 'env2_release_time': '7.15796137', 'env2_attack_slope': '0', 'env2_decay_slope': '0.5', 'env2_release_slope': '0.8857142925', 'env2_sustain': '0.5', 'env2_initial_value': '0', 'env2_peak_value': '0.9740259647', 'env2_final_value': '0', 'env2_loopmode': '1', 'env3_attack_time': '0.001000000164', 'env3_decay_time': '0.5999999642', 'env3_release_time': '0.5999999642', 'env3_attack_slope': '0', 'env3_decay_slope': '0.5', 'env3_release_slope': '0.5', 'env3_sustain': '0.5', 'env3_initial_value': '0', 'env3_peak_value': '1', 'env3_final_value': '0', 'env3_loopmode': '0', 'lfo1_retrigger': 'true', 'lfo1_shape_type': '0', 'lfo1_amount': '1', 'lfo1_shaping': '0.421875', 'lfo1_phase': '0', 'lfo1_sync': '0', 'lfo1_rate': '0.02430033684', 'lfo1_synced_rate': '15', 'lfo1_attack': '0', 'lfo2_retrigger': 'true', 'lfo2_shape_type': '0', 'lfo2_amount': '0.234375', 'lfo2_shaping': '0.03125', 'lfo2_phase': '0', 'lfo2_sync': '0', 'lfo2_rate': '0.1839922369', 'lfo2_synced_rate': '15', 'lfo2_attack': '0', 'mod_time_scale': '0.28125', 'mod_amount': '1', 'unison_mode': '2', 'unison_voices': '4', 'unison_amount': '0.5703125', 'global_transpose': '0', 'glide': '0', 'filter_routing': '0', 'vol': '0.3433227539', 'polyphony': '1', 'poly_voices': '6', 'hq': 'false', 'mod_matrix': [['lfo2', 'osc2_pitchmod', 0.015625], ['lfo2', 'osc2_wt_position', 0.390625], ['env2', 'filter1_frequency', 0.265625], ['lfo1', 'filter2_frequency', 1.0], ['env3', 'unison_amount', 0.59375], ['vel', 'ampmod', 0.5], ['pitchbend', 'pitchmod', 0.04666662216], ['note_pitchbend', 'pitchmod', 1.0]]}"
Ambient & Evolving,The Reveal,"I want a sound that is very harmonically rich and opens up as time goes on, like something is being revealed. As the filter is opening up to allow more high end in, there should be a separate pulsating sound from the oscillator positions moving. The sound should be buzzy and slightly dissonant.","{'wt1': 'Saw Dual 2', 'wt2': 'Harmonics 3', 'osc1_on': 'true', 'osc1_pitch_transpose': '0', 'osc1_pitch_detune': '0', 'osc1_wt_position': '0.4621848762', 'osc1_effect_mode': '0', 'osc1_effect1': '0', 'osc1_effect2': '0', 'osc1_pan': '0', 'osc1_gain': '1', 'osc2_on': 'true', 'osc2_pitch_transpose': '-12', 'osc2_pitch_detune': '-0.1328125', 'osc2_wt_position': '0.4710144997', 'osc2_effect_mode': '0', 'osc2_effect1': '0', 'osc2_effect2': '0', 'osc2_pan': '0', 'osc2_gain': '0.7815126181', 'sub_on': 'true', 'sub_tone': '0', 'sub_gain': '0.2890625', 'sub_octave': '1', 'filter1_on': 'true', 'filter1_type': '0', 'filter1_circuit_lphp': '4', 'filter1_circuit_bpnomo': '0', 'filter1_slope': '1', 'filter1_frequency': '251.203094', 'filter1_resonance': '0.625', 'filter1_drive': '6.75', 'filter1_morph': '0', 'filter2_on': 'false', 'filter2_type': '0', 'filter2_circuit_lphp': '0', 'filter2_circuit_bpnomo': '0', 'filter2_slope': '0', 'filter2_frequency': '1746.93921', 'filter2_resonance': '0.2556818128', 'filter2_drive': '0', 'filter2_morph': '0', 'ampenv_attack_time': '0.000320923602', 'ampenv_decay_time': '1.31590462', 'ampenv_release_time': '0.5055089593', 'ampenv_attack_slope': '0.4805195332', 'ampenv_decay_slope': '1', 'ampenv_release_slope': '0.3731343746', 'ampenv_sustain': '0.981395781', 'ampenv_loopmode': '0', 'env2_attack_time': '0.6861788034', 'env2_decay_time': '7.15796137', 'env2_release_time': '2.7270484', 'env2_attack_slope': '0', 'env2_decay_slope': '0.8823529482', 'env2_release_slope': '0.6923077106', 'env2_sustain': '0.04672897235', 'env2_initial_value': '0', 'env2_peak_value': '1', 'env2_final_value': '0', 'env2_loopmode': '0', 'env3_attack_time': '0.001000000164', 'env3_decay_time': '0.5999999642', 'env3_release_time': '0.5999999642', 'env3_attack_slope': '0', 'env3_decay_slope': '0.5', 'env3_release_slope': '0.5', 'env3_sustain': '0.5', 'env3_initial_value': '0', 'env3_peak_value': '1', 'env3_final_value': '0', 'env3_loopmode': '0', 'lfo1_retrigger': 'true', 'lfo1_shape_type': '1', 'lfo1_amount': '1', 'lfo1_shaping': '0.421875', 'lfo1_phase': '270', 'lfo1_sync': '0', 'lfo1_rate': '0.6771969199', 'lfo1_synced_rate': '16', 'lfo1_attack': '0', 'lfo2_retrigger': 'true', 'lfo2_shape_type': '1', 'lfo2_amount': '1', 'lfo2_shaping': '0', 'lfo2_phase': '191.25', 'lfo2_sync': '0', 'lfo2_rate': '2.2617898', 'lfo2_synced_rate': '10', 'lfo2_attack': '0', 'mod_time_scale': '0.546875', 'mod_amount': '1.265625', 'unison_mode': '2', 'unison_voices': '4', 'unison_amount': '0.6015625', 'global_transpose': '0', 'glide': '0', 'filter_routing': '0', 'vol': '0.1455899179', 'polyphony': '1', 'poly_voices': '4', 'hq': 'false', 'mod_matrix': [['lfo1', 'osc1_wt_position', 0.25], ['lfo2', 'osc2_wt_position', 0.390625], ['mod', 'osc2_wt_position', 0.484375], ['slide', 'osc2_wt_position', 0.4799999893], ['mod', 'osc2_gain', 0.546875], ['env2', 'filter1_frequency', 0.3125], ['lfo1', 'filter1_frequency', 0.015625], ['note', 'filter1_frequency', 1.0], ['mod', 'filter1_frequency', 0.21875], ['slide', 'filter1_frequency', 0.2199999988], ['vel', 'env2_decay_time', 0.4375], ['note', 'env2_decay_time', 0.171875], ['vel', 'env2_peak_value', 0.734375], ['lfo1', 'lfo2_amount', 0.765625], ['lfo2', 'mod_time_sclae', 0.28125], ['lfo1', 'unison_amount', 0.6875], ['note_pitchbend', 'pitchmod', 1.0]]}"
Ambient & Evolving,Prehistoric VHS,"
I want a dronelike ambient sound with a lot of noise. It should evolve over time with subtle pulses of intensity and noise, like a the sound of a VHS tape being rewound. The sound should have a wide stereo field and be harmonically rich and noisy. The modulation should be kind of complex and unpredictable from chaining two LFOs together and using an envelope with a weird shape (env 3). The sound should be heavily textured and should work really well as a layer in shoegaze, drone, or ambient music. ","{'wt1': 'Plastic Shimmer', 'wt2': 'Squarrely', 'osc1_on': 'true', 'osc1_pitch_transpose': '0', 'osc1_pitch_detune': '-0.25', 'osc1_wt_position': '0.2758620679', 'osc1_effect_mode': '0', 'osc1_effect1': '1', 'osc1_effect2': '0', 'osc1_pan': '-0.015625', 'osc1_gain': '1', 'osc2_on': 'false', 'osc2_pitch_transpose': '0', 'osc2_pitch_detune': '0', 'osc2_wt_position': '0.4252873659', 'osc2_effect_mode': '0', 'osc2_effect1': '0', 'osc2_effect2': '0', 'osc2_pan': '1', 'osc2_gain': '1', 'sub_on': 'false', 'sub_tone': '0', 'sub_gain': '0.5011875033', 'sub_octave': '1', 'filter1_on': 'true', 'filter1_type': '3', 'filter1_circuit_lphp': '0', 'filter1_circuit_bpnomo': '1', 'filter1_slope': '0', 'filter1_frequency': '116.304672', 'filter1_resonance': '0.9126984477', 'filter1_drive': '4.6875', 'filter1_morph': '0', 'filter2_on': 'true', 'filter2_type': '0', 'filter2_circuit_lphp': '0', 'filter2_circuit_bpnomo': '1', 'filter2_slope': '0', 'filter2_frequency': '2661.47046', 'filter2_resonance': '0.0852272734', 'filter2_drive': '5.25', 'filter2_morph': '0', 'ampenv_attack_time': '0.3955078125', 'ampenv_decay_time': '0.1317647099', 'ampenv_release_time': '4.32337093', 'ampenv_attack_slope': '0.6623376608', 'ampenv_decay_slope': '0.5', 'ampenv_release_slope': '0.5', 'ampenv_sustain': '0.9731556177', 'ampenv_loopmode': '0', 'env2_attack_time': '0.001000000164', 'env2_decay_time': '0.5999999642', 'env2_release_time': '0.5999999642', 'env2_attack_slope': '0', 'env2_decay_slope': '0.5', 'env2_release_slope': '0.5', 'env2_sustain': '0.5', 'env2_initial_value': '0', 'env2_peak_value': '1', 'env2_final_value': '0', 'env2_loopmode': '0', 'env3_attack_time': '3.27983046', 'env3_decay_time': '3.28108454', 'env3_release_time': '5.59632778', 'env3_attack_slope': '0', 'env3_decay_slope': '0.5', 'env3_release_slope': '0.5', 'env3_sustain': '0.0519480519', 'env3_initial_value': '0', 'env3_peak_value': '1', 'env3_final_value': '1', 'env3_loopmode': '0', 'lfo1_retrigger': 'true', 'lfo1_shape_type': '0', 'lfo1_amount': '0.3671875', 'lfo1_shaping': '0', 'lfo1_phase': '253.125', 'lfo1_sync': '0', 'lfo1_rate': '0.7343554497', 'lfo1_synced_rate': '13', 'lfo1_attack': '0', 'lfo2_retrigger': 'true', 'lfo2_shape_type': '0', 'lfo2_amount': '1', 'lfo2_shaping': '0', 'lfo2_phase': '0', 'lfo2_sync': '0', 'lfo2_rate': '0.9999998808', 'lfo2_synced_rate': '15', 'lfo2_attack': '0', 'mod_time_scale': '0.125', 'mod_amount': '1.046875', 'unison_mode': '3', 'unison_voices': '3', 'unison_amount': '0.7578125', 'global_transpose': '0', 'glide': '0', 'filter_routing': '0', 'vol': '0.1465454102', 'polyphony': '1', 'poly_voices': '3', 'hq': 'false', 'mod_matrix': [['lfo1', 'osc1_wt_position', 0.109375], ['press', 'osc1_wt_position', 0.0700000003], ['lfo1', 'osc1_pan', 0.640625], ['lfo1', 'osc1_gain', 1.0], ['env3', 'filter1_frequency', 0.46875], ['lfo2', 'filter1_drive', 0.359375], ['env3', 'filter2_frequency', 0.984375], ['env3', 'lfo1_ratemod', 0.390625], ['lfo2', 'lfo1_ratemod', -0.265625], ['lfo2', 'mod_time_sclae', 0.234375], ['amp', 'mod_amount', 0.078125], ['lfo2', 'unison_amount', 0.296875], ['vel', 'ampmod', 0.5], ['lfo1', 'pitchmod', 0.008000016212], ['pitchbend', 'pitchmod', 0.04166662693], ['note_pitchbend', 'pitchmod', 1.0]]}"
Ambient & Evolving,Martian Ham Radio,"
A jittery, chaotic, and alien sound, like an alien species is trying to communicate through a radio signal. It should take a while for the sound to ramp up, like you're scanning through empty space before locating and picking up the signal. It should sound like morse code but more complex, like there is information being transmitted through a strange pattern of signals. I want it to sound mysterious and analytical. It will be used for special effects in a sci-fi movie.","{'wt1': 'Spectral 2', 'wt2': 'Spectral 2', 'osc1_on': 'true', 'osc1_pitch_transpose': '0', 'osc1_pitch_detune': '0.1484375', 'osc1_wt_position': '0', 'osc1_effect_mode': '0', 'osc1_effect1': '0', 'osc1_effect2': '0', 'osc1_pan': '-0.390625', 'osc1_gain': '0.6302521229', 'osc2_on': 'true', 'osc2_pitch_transpose': '0', 'osc2_pitch_detune': '0', 'osc2_wt_position': '0.3788546324', 'osc2_effect_mode': '3', 'osc2_effect1': '0', 'osc2_effect2': '0.6015625', 'osc2_pan': '-0.015625', 'osc2_gain': '1', 'sub_on': 'false', 'sub_tone': '0', 'sub_gain': '0.5011875033', 'sub_octave': '0', 'filter1_on': 'true', 'filter1_type': '0', 'filter1_circuit_lphp': '0', 'filter1_circuit_bpnomo': '0', 'filter1_slope': '0', 'filter1_frequency': '6450.80859', 'filter1_resonance': '0', 'filter1_drive': '0', 'filter1_morph': '0', 'filter2_on': 'true', 'filter2_type': '1', 'filter2_circuit_lphp': '0', 'filter2_circuit_bpnomo': '0', 'filter2_slope': '0', 'filter2_frequency': '137.157135', 'filter2_resonance': '0', 'filter2_drive': '0', 'filter2_morph': '0', 'ampenv_attack_time': '3.20723057', 'ampenv_decay_time': '15.0787516', 'ampenv_release_time': '2.00360799', 'ampenv_attack_slope': '-0.7076922655', 'ampenv_decay_slope': '0.515625', 'ampenv_release_slope': '0.5', 'ampenv_sustain': '0.5129656792', 'ampenv_loopmode': '0', 'env2_attack_time': '0.001000000164', 'env2_decay_time': '0.1495618075', 'env2_release_time': '0.5999999642', 'env2_attack_slope': '0', 'env2_decay_slope': '0.5', 'env2_release_slope': '0.5', 'env2_sustain': '0', 'env2_initial_value': '0', 'env2_peak_value': '1', 'env2_final_value': '0', 'env2_loopmode': '0', 'env3_attack_time': '0.009254556149', 'env3_decay_time': '0.1010573283', 'env3_release_time': '0.005646889098', 'env3_attack_slope': '0', 'env3_decay_slope': '0.5', 'env3_release_slope': '0.5', 'env3_sustain': '0', 'env3_initial_value': '0', 'env3_peak_value': '0.4230769277', 'env3_final_value': '0', 'env3_loopmode': '2', 'lfo1_retrigger': 'true', 'lfo1_shape_type': '0', 'lfo1_amount': '1', 'lfo1_shaping': '0', 'lfo1_phase': '0', 'lfo1_sync': '0', 'lfo1_rate': '22.3313541', 'lfo1_synced_rate': '15', 'lfo1_attack': '0', 'lfo2_retrigger': 'true', 'lfo2_shape_type': '4', 'lfo2_amount': '1', 'lfo2_shaping': '0', 'lfo2_phase': '0', 'lfo2_sync': '0', 'lfo2_rate': '0.9999998808', 'lfo2_synced_rate': '15', 'lfo2_attack': '0', 'mod_time_scale': '0', 'mod_amount': '1', 'unison_mode': '0', 'unison_voices': '3', 'unison_amount': '0.3000000119', 'global_transpose': '0', 'glide': '0', 'filter_routing': '0', 'vol': '0.2818393707', 'polyphony': '1', 'poly_voices': '6', 'hq': 'true', 'mod_matrix': [['env2', 'osc1_wt_position', 0.265625], ['mod', 'osc1_wt_position', 0.515625], ['slide', 'osc1_wt_position', 0.5199999809], ['env3', 'osc2_wt_position', 0.5625], ['mod', 'osc2_effect2', 1.0], ['lfo1', 'osc2_pan', 0.703125], ['lfo2', 'env3_decay_time', 0.125], ['vel', 'ampmod', 0.5], ['pitchbend', 'pitchmod', 0.04666662216], ['note_pitchbend', 'pitchmod', 1.0]]}"
Ambient & Evolving,Kitchen Sync,"I want a playful, bouncy sound that jumps between different tones at 1/8th note intervals. The sound should be watery and organic, yet modern, like Japanese ambient or new age with a production focused twist, similar to Rei Harakami. Extra harmonic content should splash in and out as the sound jumps around every 1/8th note. The attack should be moderate, with a moderate decay and sustain, and slightly extended release to create a sense of space and fluidity. The 1/8th changes in tonality and harmonic content can be generated by an LFO. This sound should work well to create a foundation for a downtempo track while other elements come in and out. It should evoke a feelings of continuity and connectedness in an ever-changing world.","{'wt1': 'Echoes', 'wt2': 'Basic Shapes', 'osc1_on': 'true', 'osc1_pitch_transpose': '0', 'osc1_pitch_detune': '0', 'osc1_wt_position': '0.3448275924', 'osc1_effect_mode': '0', 'osc1_effect1': '0', 'osc1_effect2': '0', 'osc1_pan': '0', 'osc1_gain': '1', 'osc2_on': 'true', 'osc2_pitch_transpose': '7', 'osc2_pitch_detune': '0', 'osc2_wt_position': '0.1264367849', 'osc2_effect_mode': '2', 'osc2_effect1': '-0.390625', 'osc2_effect2': '0', 'osc2_pan': '0', 'osc2_gain': '1', 'sub_on': 'false', 'sub_tone': '0', 'sub_gain': '0.5011875033', 'sub_octave': '0', 'filter1_on': 'true', 'filter1_type': '0', 'filter1_circuit_lphp': '0', 'filter1_circuit_bpnomo': '0', 'filter1_slope': '0', 'filter1_frequency': '284.779266', 'filter1_resonance': '0.6067088246', 'filter1_drive': '0', 'filter1_morph': '0', 'filter2_on': 'true', 'filter2_type': '0', 'filter2_circuit_lphp': '0', 'filter2_circuit_bpnomo': '0', 'filter2_slope': '0', 'filter2_frequency': '1438.21936', 'filter2_resonance': '0.9295098782', 'filter2_drive': '0', 'filter2_morph': '0', 'ampenv_attack_time': '0.0278544724', 'ampenv_decay_time': '0.5999999642', 'ampenv_release_time': '1.25140631', 'ampenv_attack_slope': '0', 'ampenv_decay_slope': '0.5', 'ampenv_release_slope': '0.5', 'ampenv_sustain': '0.5011875629', 'ampenv_loopmode': '0', 'env2_attack_time': '0.3955078125', 'env2_decay_time': '0.3969781697', 'env2_release_time': '1.14159393', 'env2_attack_slope': '-0.5238095522', 'env2_decay_slope': '0.4285714626', 'env2_release_slope': '0.5', 'env2_sustain': '0', 'env2_initial_value': '0', 'env2_peak_value': '0.5675675869', 'env2_final_value': '0', 'env2_loopmode': '0', 'env3_attack_time': '0.001000000164', 'env3_decay_time': '0.5999999642', 'env3_release_time': '0.5999999642', 'env3_attack_slope': '0', 'env3_decay_slope': '0.5', 'env3_release_slope': '0.5', 'env3_sustain': '0.5', 'env3_initial_value': '0', 'env3_peak_value': '1', 'env3_final_value': '0', 'env3_loopmode': '0', 'lfo1_retrigger': 'true', 'lfo1_shape_type': '0', 'lfo1_amount': '1', 'lfo1_shaping': '0', 'lfo1_phase': '0', 'lfo1_sync': '1', 'lfo1_rate': '0.009999999776', 'lfo1_synced_rate': '21', 'lfo1_attack': '1.50137556', 'lfo2_retrigger': 'true', 'lfo2_shape_type': '4', 'lfo2_amount': '1', 'lfo2_shaping': '-0.3125', 'lfo2_phase': '0', 'lfo2_sync': '1', 'lfo2_rate': '0.0347109884', 'lfo2_synced_rate': '15', 'lfo2_attack': '0', 'mod_time_scale': '0', 'mod_amount': '1', 'unison_mode': '5', 'unison_voices': '8', 'unison_amount': '0.2578125', 'global_transpose': '0', 'glide': '0', 'filter_routing': '0', 'vol': '0.2511889338', 'polyphony': '1', 'poly_voices': '6', 'hq': 'false', 'mod_matrix': [['lfo2', 'osc1_wt_position', 1.0], ['mod', 'osc1_wt_position', 0.65625], ['slide', 'osc1_wt_position', 0.6600000262], ['lfo2', 'osc2_wt_position', 0.5700004101], ['mod', 'osc2_wt_position', 0.5], ['slide', 'osc2_wt_position', 0.5], ['lfo1', 'osc2_effect2', 1.0], ['mod', 'osc2_effect2', -0.328125], ['env2', 'filter1_frequency', 1.0], ['press', 'filter1_frequency', 0.0625], ['mod', 'filter1_frequency', 0.078125], ['slide', 'filter1_frequency', 0.07800000161], ['lfo2', 'filter2_frequency', -0.2956249714], ['press', 'filter2_frequency', 0.125], ['mod', 'filter2_frequency', 0.125], ['slide', 'filter2_frequency', 0.1199999973], ['vel', 'ampmod', 0.5], ['pitchbend', 'pitchmod', 0.04666662216], ['note_pitchbend', 'pitchmod', 1.0]]}"
Ambient & Evolving,Spacefolder,"I want an icy pad sound that is on the brighter side, cold, and harmonically rich. Shimmering, ethereal, wide, and evolving. The sound should change a lot over time, ebbing and flowing due to some LFOs controlling the filter and wavetables. The sound should work well in setting a calm ethereal tone that fills up a lot of the sonic spectrum in a track, or in creating rich, shining, and dynamic soundscapes.","{'wt1': 'Beauty Vox', 'wt2': 'Voice Harmonics', 'osc1_on': 'true', 'osc1_pitch_transpose': '-12', 'osc1_pitch_detune': '-0.1015625', 'osc1_wt_position': '0.2298850566', 'osc1_effect_mode': '0', 'osc1_effect1': '0', 'osc1_effect2': '0', 'osc1_pan': '-0.59375', 'osc1_gain': '1', 'osc2_on': 'true', 'osc2_pitch_transpose': '-12', 'osc2_pitch_detune': '0.1015625', 'osc2_wt_position': '0.4942528605', 'osc2_effect_mode': '0', 'osc2_effect1': '0', 'osc2_effect2': '0', 'osc2_pan': '0.40625', 'osc2_gain': '0.9915966392', 'sub_on': 'true', 'sub_tone': '0.3412698507', 'sub_gain': '0.5011875033', 'sub_octave': '0', 'filter1_on': 'true', 'filter1_type': '3', 'filter1_circuit_lphp': '1', 'filter1_circuit_bpnomo': '0', 'filter1_slope': '1', 'filter1_frequency': '993.800293', 'filter1_resonance': '0', 'filter1_drive': '0', 'filter1_morph': '0.5859375', 'filter2_on': 'true', 'filter2_type': '0', 'filter2_circuit_lphp': '0', 'filter2_circuit_bpnomo': '0', 'filter2_slope': '0', 'filter2_frequency': '6816.10742', 'filter2_resonance': '0', 'filter2_drive': '0', 'filter2_morph': '0', 'ampenv_attack_time': '0.6953984499', 'ampenv_decay_time': '0.3745455146', 'ampenv_release_time': '3.16056228', 'ampenv_attack_slope': '0', 'ampenv_decay_slope': '0.5', 'ampenv_release_slope': '0.5', 'ampenv_sustain': '1', 'ampenv_loopmode': '0', 'env2_attack_time': '0.001000000164', 'env2_decay_time': '0.5999999642', 'env2_release_time': '0.5999999642', 'env2_attack_slope': '0', 'env2_decay_slope': '0.5', 'env2_release_slope': '0.5', 'env2_sustain': '0.5', 'env2_initial_value': '0', 'env2_peak_value': '1', 'env2_final_value': '0', 'env2_loopmode': '0', 'env3_attack_time': '0.001000000164', 'env3_decay_time': '0.5999999642', 'env3_release_time': '0.5999999642', 'env3_attack_slope': '0', 'env3_decay_slope': '0.5', 'env3_release_slope': '0.5', 'env3_sustain': '0.5', 'env3_initial_value': '0', 'env3_peak_value': '1', 'env3_final_value': '0', 'env3_loopmode': '0', 'lfo1_retrigger': 'true', 'lfo1_shape_type': '1', 'lfo1_amount': '0.796875', 'lfo1_shaping': '0', 'lfo1_phase': '0', 'lfo1_sync': '1', 'lfo1_rate': '0.0290337503', 'lfo1_synced_rate': '4', 'lfo1_attack': '0', 'lfo2_retrigger': 'true', 'lfo2_shape_type': '1', 'lfo2_amount': '0.8984375', 'lfo2_shaping': '0', 'lfo2_phase': '0', 'lfo2_sync': '1', 'lfo2_rate': '0.05826365203', 'lfo2_synced_rate': '3', 'lfo2_attack': '0', 'mod_time_scale': '0', 'mod_amount': '1', 'unison_mode': '2', 'unison_voices': '3', 'unison_amount': '0.3046875', 'global_transpose': '0', 'glide': '0', 'filter_routing': '0', 'vol': '0.1714477539', 'polyphony': '1', 'poly_voices': '6', 'hq': 'false', 'mod_matrix': [['lfo1', 'osc1_wt_position', 0.203125], ['mod', 'osc1_wt_position', -0.296875], ['slide', 'osc1_wt_position', -0.3000000119], ['env2', 'osc1_pan', -0.359375], ['vel', 'osc1_pan', -0.15625], ['lfo2', 'osc2_wt_position', -0.296875], ['mod', 'osc2_wt_position', 0.296875], ['slide', 'osc2_wt_position', 0.3000000119], ['env2', 'osc2_pan', 0.34375], ['vel', 'osc2_pan', 0.359375], ['lfo2', 'filter1_frequency', 0.4375], ['vel', 'filter1_frequency', 0.1000000238], ['press', 'filter1_frequency', 0.1499999762], ['mod', 'filter2_frequency', -0.3000000119], ['slide', 'filter2_frequency', -0.3000000119], ['vel', 'ampenv_attack_time', -0.203125], ['vel', 'ampmod', 0.5], ['pitchbend', 'pitchmod', 0.04200005531], ['note_pitchbend', 'pitchmod', 1.0]]}"
Ambient & Evolving,Tones From Nowhere,"I want something like what you'd imagine an alien sounds like, specifically Rocky's voice from Andy Weir's Project Hail Mary. The sound should be very metallic and otherworldly, with a lot of dissonance and harmonic content that moves around the upper midrange. There should be an underlying tone, like a subtle saw wave, creating a buzz that can serve as a central point while the metallic harmonics change. Both the buzz and metallic alien sounds should experience a lot of modulation. The attack, decay, and release should all be high, and sustain moderately low. The sound could be used in a cinematic context to convey mysterious and foreign alien technology in sci-fi.","{'wt1': 'Spectral 2', 'wt2': 'Aligned Form', 'osc1_on': 'true', 'osc1_pitch_transpose': '0', 'osc1_pitch_detune': '0', 'osc1_wt_position': '0.5042017102', 'osc1_effect_mode': '0', 'osc1_effect1': '0', 'osc1_effect2': '0', 'osc1_pan': '-0.3125', 'osc1_gain': '1', 'osc2_on': 'true', 'osc2_pitch_transpose': '0', 'osc2_pitch_detune': '-0.171875', 'osc2_wt_position': '0.5317460299', 'osc2_effect_mode': '0', 'osc2_effect1': '0', 'osc2_effect2': '0', 'osc2_pan': '0.453125', 'osc2_gain': '0.6781609058', 'sub_on': 'false', 'sub_tone': '0', 'sub_gain': '0.078125', 'sub_octave': '0', 'filter1_on': 'true', 'filter1_type': '0', 'filter1_circuit_lphp': '1', 'filter1_circuit_bpnomo': '0', 'filter1_slope': '0', 'filter1_frequency': '1238.45178', 'filter1_resonance': '0.1420454532', 'filter1_drive': '0', 'filter1_morph': '0', 'filter2_on': 'false', 'filter2_type': '1', 'filter2_circuit_lphp': '0', 'filter2_circuit_bpnomo': '0', 'filter2_slope': '0', 'filter2_frequency': '43.2025375', 'filter2_resonance': '0.6534090638', 'filter2_drive': '0', 'filter2_morph': '0', 'ampenv_attack_time': '1.04071224', 'ampenv_decay_time': '2.07084346', 'ampenv_release_time': '3.89045787', 'ampenv_attack_slope': '0', 'ampenv_decay_slope': '0.5', 'ampenv_release_slope': '0.05263161659', 'ampenv_sustain': '0.3297716081', 'ampenv_loopmode': '0', 'env2_attack_time': '2.75783658', 'env2_decay_time': '1.10234034', 'env2_release_time': '6.32915068', 'env2_attack_slope': '0', 'env2_decay_slope': '0.5', 'env2_release_slope': '0.5', 'env2_sustain': '0.2673267424', 'env2_initial_value': '0', 'env2_peak_value': '0.9108911157', 'env2_final_value': '0', 'env2_loopmode': '0', 'env3_attack_time': '3.83045578', 'env3_decay_time': '5.46832943', 'env3_release_time': '0.001500000013', 'env3_attack_slope': '0', 'env3_decay_slope': '-0.01538461447', 'env3_release_slope': '0.5', 'env3_sustain': '0', 'env3_initial_value': '0', 'env3_peak_value': '1', 'env3_final_value': '0', 'env3_loopmode': '2', 'lfo1_retrigger': 'true', 'lfo1_shape_type': '1', 'lfo1_amount': '0.2421875', 'lfo1_shaping': '0', 'lfo1_phase': '225', 'lfo1_sync': '0', 'lfo1_rate': '0.142435506', 'lfo1_synced_rate': '15', 'lfo1_attack': '0', 'lfo2_retrigger': 'true', 'lfo2_shape_type': '1', 'lfo2_amount': '0.296875', 'lfo2_shaping': '0', 'lfo2_phase': '0', 'lfo2_sync': '0', 'lfo2_rate': '0.1839923114', 'lfo2_synced_rate': '15', 'lfo2_attack': '0', 'mod_time_scale': '-0.109375', 'mod_amount': '1', 'unison_mode': '0', 'unison_voices': '2', 'unison_amount': '0.1953125', 'global_transpose': '0', 'glide': '0', 'filter_routing': '0', 'vol': '0.3252563477', 'polyphony': '1', 'poly_voices': '6', 'hq': 'false', 'mod_matrix': [['env3', 'osc1_wt_position', 0.453125], ['lfo1', 'osc1_wt_position', 0.703125], ['lfo2', 'osc1_wt_position', 0.6875], ['lfo1', 'osc2_wt_position', 0.25], ['lfo2', 'osc2_wt_position', 1.0], ['vel', 'osc2_pan', 1.0], ['env2', 'filter1_frequency', 0.578125], ['lfo1', 'filter1_frequency', 0.078125], ['note', 'filter1_frequency', 0.07498264313], ['lfo1', 'filter1_resonance', 0.359375], ['lfo2', 'filter2_frequency', 0.171875], ['lfo2', 'lfo2_ratemod', 0.34375], ['vel', 'mod_time_sclae', -0.140625], ['mod', 'mod_time_sclae', 0.75], ['slide', 'mod_time_sclae', 0.75], ['vel', 'ampmod', 0.5], ['pitchbend', 'pitchmod', 0.04166662693], ['note_pitchbend', 'pitchmod', 1.0]]}"